M1,Beta,Theta,M2
1,90,0,1
1.1,65.38,0,1.1
1.1,65.48,0.0287807,1.0985
1.1,65.58,0.0572717,1.097
1.1,65.68,0.0854733,1.09551
1.1,65.78,0.113386,1.09403
1.1,65.88,0.141009,1.09255
1.1,65.98,0.168344,1.09108
1.1,66.08,0.19539,1.08961
1.1,66.18,0.222149,1.08815
1.1,66.28,0.248619,1.0867
1.1,66.38,0.274801,1.08525
1.1,66.48,0.300697,1.08381
1.1,66.58,0.326305,1.08237
1.1,66.68,0.351626,1.08094
1.1,66.78,0.376661,1.07952
1.1,66.88,0.40141,1.0781
1.1,66.98,0.425872,1.07669
1.1,67.08,0.45005,1.07529
1.1,67.18,0.473942,1.07389
1.1,67.28,0.497549,1.07249
1.1,67.38,0.520871,1.0711
1.1,67.48,0.543909,1.06972
1.1,67.58,0.566663,1.06835
1.1,67.68,0.589133,1.06698
1.1,67.78,0.61132,1.06561
1.1,67.88,0.633225,1.06426
1.1,67.98,0.654846,1.0629
1.1,68.08,0.676186,1.06156
1.1,68.18,0.697243,1.06022
1.1,68.28,0.71802,1.05888
1.1,68.38,0.738515,1.05755
1.1,68.48,0.758729,1.05623
1.1,68.58,0.778664,1.05491
1.1,68.68,0.798318,1.0536
1.1,68.78,0.817693,1.0523
1.1,68.88,0.836789,1.051
1.1,68.98,0.855606,1.04971
1.1,69.08,0.874145,1.04842
1.1,69.18,0.892407,1.04714
1.1,69.28,0.910391,1.04586
1.1,69.38,0.928098,1.0446
1.1,69.48,0.945529,1.04333
1.1,69.58,0.962684,1.04207
1.1,69.68,0.979564,1.04082
1.1,69.78,0.996169,1.03958
1.1,69.88,1.0125,1.03834
1.1,69.98,1.02856,1.0371
1.1,70.08,1.04434,1.03588
1.1,70.18,1.05985,1.03465
1.1,70.28,1.07509,1.03344
1.1,70.38,1.09005,1.03223
1.1,70.48,1.10474,1.03102
1.1,70.58,1.11917,1.02982
1.1,70.68,1.13332,1.02863
1.1,70.78,1.1472,1.02744
1.1,70.88,1.16082,1.02626
1.1,70.98,1.17416,1.02509
1.1,71.08,1.18724,1.02392
1.1,71.18,1.20005,1.02276
1.1,71.28,1.21259,1.0216
1.1,71.38,1.22487,1.02045
1.1,71.48,1.23688,1.0193
1.1,71.58,1.24863,1.01816
1.1,71.68,1.26011,1.01703
1.1,71.78,1.27133,1.0159
1.1,71.88,1.28228,1.01478
1.1,71.98,1.29298,1.01366
1.1,72.08,1.30341,1.01255
1.1,72.18,1.31358,1.01145
1.1,72.28,1.32349,1.01035
1.1,72.38,1.33314,1.00926
1.1,72.48,1.34253,1.00817
1.1,72.58,1.35166,1.00709
1.1,72.68,1.36053,1.00602
1.1,72.78,1.36915,1.00495
1.1,72.88,1.37751,1.00388
1.1,72.98,1.38562,1.00283
1.1,73.08,1.39347,1.00178
1.1,73.18,1.40106,1.00073
1.1,73.28,1.40841,0.999691
1.1,73.38,1.4155,0.998657
1.1,73.48,1.42234,0.99763
1.1,73.58,1.42893,0.996608
1.1,73.68,1.43527,0.995592
1.1,73.78,1.44136,0.994583
1.1,73.88,1.4472,0.993579
1.1,73.98,1.45279,0.992581
1.1,74.08,1.45814,0.991589
1.1,74.18,1.46324,0.990603
1.1,74.28,1.4681,0.989623
1.1,74.38,1.47271,0.988649
1.1,74.48,1.47708,0.987681
1.1,74.58,1.4812,0.986719
1.1,74.68,1.48509,0.985762
1.1,74.78,1.48873,0.984812
1.1,74.88,1.49214,0.983868
1.1,74.98,1.4953,0.982929
1.1,75.08,1.49823,0.981997
1.1,75.18,1.50092,0.981071
1.1,75.28,1.50338,0.98015
1.1,75.38,1.5056,0.979236
1.1,75.48,1.50758,0.978327
1.1,75.58,1.50933,0.977424
1.1,75.68,1.51085,0.976528
1.1,75.78,1.51214,0.975637
1.1,75.88,1.5132,0.974753
1.1,75.98,1.51403,0.973874
1.1,76.08,1.51464,0.973001
1.1,76.18,1.51501,0.972135
1.1,76.28,1.51516,0.971274
1.1,76.38,1.51509,0.97042
1.1,76.48,1.51479,0.969571
1.1,76.58,1.51427,0.968728
1.1,76.68,1.51352,0.967892
1.1,76.78,1.51256,0.967061
1.1,76.88,1.51138,0.966237
1.1,76.98,1.50998,0.965418
1.1,77.08,1.50836,0.964606
1.1,77.18,1.50652,0.963799
1.1,77.28,1.50447,0.962999
1.1,77.38,1.50221,0.962205
1.1,77.48,1.49973,0.961416
1.1,77.58,1.49705,0.960634
1.1,77.68,1.49415,0.959858
1.1,77.78,1.49104,0.959088
1.1,77.88,1.48773,0.958324
1.1,77.98,1.48421,0.957566
1.1,78.08,1.48048,0.956814
1.1,78.18,1.47655,0.956068
1.1,78.28,1.47242,0.955328
1.1,78.38,1.46808,0.954594
1.1,78.48,1.46355,0.953867
1.1,78.58,1.45881,0.953145
1.1,78.68,1.45388,0.95243
1.1,78.78,1.44875,0.951721
1.1,78.88,1.44343,0.951017
1.1,78.98,1.43791,0.95032
1.1,79.08,1.4322,0.949629
1.1,79.18,1.4263,0.948944
1.1,79.28,1.42021,0.948266
1.1,79.38,1.41393,0.947593
1.1,79.48,1.40746,0.946927
1.1,79.58,1.40081,0.946266
1.1,79.68,1.39397,0.945612
1.1,79.78,1.38695,0.944964
1.1,79.88,1.37975,0.944322
1.1,79.98,1.37237,0.943686
1.1,80.08,1.36481,0.943056
1.1,80.18,1.35707,0.942433
1.1,80.28,1.34916,0.941816
1.1,80.38,1.34107,0.941205
1.1,80.48,1.33281,0.9406
1.1,80.58,1.32437,0.940001
1.1,80.68,1.31577,0.939408
1.1,80.78,1.307,0.938822
1.1,80.88,1.29806,0.938241
1.1,80.98,1.28896,0.937667
1.1,81.08,1.27969,0.9371
1.1,81.18,1.27026,0.936538
1.1,81.28,1.26067,0.935982
1.1,81.38,1.25091,0.935433
1.1,81.48,1.24101,0.93489
1.1,81.58,1.23094,0.934353
1.1,81.68,1.22072,0.933823
1.1,81.78,1.21035,0.933298
1.1,81.88,1.19982,0.93278
1.1,81.98,1.18915,0.932268
1.1,82.08,1.17832,0.931762
1.1,82.18,1.16735,0.931263
1.1,82.28,1.15624,0.93077
1.1,82.38,1.14498,0.930283
1.1,82.48,1.13357,0.929802
1.1,82.58,1.12203,0.929327
1.1,82.68,1.11035,0.928859
1.1,82.78,1.09854,0.928397
1.1,82.88,1.08658,0.927942
1.1,82.98,1.0745,0.927492
1.1,83.08,1.06228,0.927049
1.1,83.18,1.04993,0.926612
1.1,83.28,1.03745,0.926181
1.1,83.38,1.02485,0.925757
1.1,83.48,1.01212,0.925339
1.1,83.58,0.999267,0.924927
1.1,83.68,0.986293,0.924522
1.1,83.78,0.973198,0.924122
1.1,83.88,0.959986,0.92373
1.1,83.98,0.946657,0.923343
1.1,84.08,0.933213,0.922963
1.1,84.18,0.919656,0.922589
1.1,84.28,0.905988,0.922221
1.1,84.38,0.892211,0.92186
1.1,84.48,0.878325,0.921505
1.1,84.58,0.864334,0.921156
1.1,84.68,0.850239,0.920813
1.1,84.78,0.836042,0.920477
1.1,84.88,0.821744,0.920148
1.1,84.98,0.807348,0.919824
1.1,85.08,0.792855,0.919507
1.1,85.18,0.778267,0.919196
1.1,85.28,0.763585,0.918892
1.1,85.38,0.748813,0.918594
1.1,85.48,0.733951,0.918302
1.1,85.58,0.719001,0.918017
1.1,85.68,0.703966,0.917738
1.1,85.78,0.688846,0.917465
1.1,85.88,0.673645,0.917199
1.1,85.98,0.658363,0.916939
1.1,86.08,0.643003,0.916685
1.1,86.18,0.627567,0.916438
1.1,86.28,0.612056,0.916197
1.1,86.38,0.596473,0.915962
1.1,86.48,0.580819,0.915734
1.1,86.58,0.565096,0.915512
1.1,86.68,0.549306,0.915297
1.1,86.78,0.533452,0.915088
1.1,86.88,0.517534,0.914885
1.1,86.98,0.501555,0.914689
1.1,87.08,0.485516,0.914499
1.1,87.18,0.469421,0.914315
1.1,87.28,0.453269,0.914138
1.1,87.38,0.437065,0.913967
1.1,87.48,0.420809,0.913803
1.1,87.58,0.404503,0.913645
1.1,87.68,0.38815,0.913493
1.1,87.78,0.371751,0.913348
1.1,87.88,0.355308,0.913209
1.1,87.98,0.338824,0.913077
1.1,88.08,0.322299,0.91295
1.1,88.18,0.305737,0.912831
1.1,88.28,0.289139,0.912717
1.1,88.38,0.272506,0.912611
1.1,88.48,0.255842,0.91251
1.1,88.58,0.239148,0.912416
1.1,88.68,0.222425,0.912328
1.1,88.78,0.205677,0.912247
1.1,88.88,0.188904,0.912172
1.1,88.98,0.17211,0.912104
1.1,89.08,0.155295,0.912041
1.1,89.18,0.138461,0.911986
1.1,89.28,0.121612,0.911936
1.1,89.38,0.104748,0.911893
1.1,89.48,0.0878724,0.911857
1.1,89.58,0.0709862,0.911827
1.1,89.68,0.0540916,0.911803
1.1,89.78,0.0371907,0.911786
1.1,89.88,0.0202855,0.911775
1.1,89.98,0.00337781,0.911771
1.2,56.4427,0,1.2
1.2,56.5427,0.0507637,1.19793
1.2,56.6427,0.101203,1.19587
1.2,56.7427,0.151317,1.19382
1.2,56.8427,0.201107,1.19177
1.2,56.9427,0.250571,1.18973
1.2,57.0427,0.299711,1.18769
1.2,57.1427,0.348525,1.18566
1.2,57.2427,0.397015,1.18364
1.2,57.3427,0.445178,1.18163
1.2,57.4427,0.493017,1.17962
1.2,57.5427,0.540529,1.17762
1.2,57.6427,0.587716,1.17562
1.2,57.7427,0.634577,1.17363
1.2,57.8427,0.681112,1.17165
1.2,57.9427,0.72732,1.16967
1.2,58.0427,0.773203,1.1677
1.2,58.1427,0.818759,1.16574
1.2,58.2427,0.863988,1.16378
1.2,58.3427,0.908891,1.16183
1.2,58.4427,0.953467,1.15988
1.2,58.5427,0.997717,1.15794
1.2,58.6427,1.04164,1.15601
1.2,58.7427,1.08523,1.15408
1.2,58.8427,1.1285,1.15216
1.2,58.9427,1.17144,1.15025
1.2,59.0427,1.21405,1.14834
1.2,59.1427,1.25634,1.14644
1.2,59.2427,1.2983,1.14454
1.2,59.3427,1.33993,1.14265
1.2,59.4427,1.38123,1.14077
1.2,59.5427,1.4222,1.13889
1.2,59.6427,1.46285,1.13702
1.2,59.7427,1.50316,1.13515
1.2,59.8427,1.54315,1.13329
1.2,59.9427,1.58281,1.13144
1.2,60.0427,1.62214,1.12959
1.2,60.1427,1.66114,1.12775
1.2,60.2427,1.69982,1.12592
1.2,60.3427,1.73816,1.12409
1.2,60.4427,1.77618,1.12226
1.2,60.5427,1.81386,1.12044
1.2,60.6427,1.85122,1.11863
1.2,60.7427,1.88824,1.11683
1.2,60.8427,1.92494,1.11503
1.2,60.9427,1.96131,1.11323
1.2,61.0427,1.99734,1.11144
1.2,61.1427,2.03305,1.10966
1.2,61.2427,2.06843,1.10788
1.2,61.3427,2.10347,1.10611
1.2,61.4427,2.13819,1.10435
1.2,61.5427,2.17258,1.10259
1.2,61.6427,2.20663,1.10084
1.2,61.7427,2.24036,1.09909
1.2,61.8427,2.27375,1.09735
1.2,61.9427,2.30681,1.09561
1.2,62.0427,2.33955,1.09388
1.2,62.1427,2.37195,1.09216
1.2,62.2427,2.40402,1.09044
1.2,62.3427,2.43576,1.08873
1.2,62.4427,2.46717,1.08702
1.2,62.5427,2.49824,1.08532
1.2,62.6427,2.52899,1.08362
1.2,62.7427,2.5594,1.08193
1.2,62.8427,2.58949,1.08025
1.2,62.9427,2.61924,1.07857
1.2,63.0427,2.64866,1.0769
1.2,63.1427,2.67775,1.07523
1.2,63.2427,2.7065,1.07357
1.2,63.3427,2.73493,1.07191
1.2,63.4427,2.76302,1.07026
1.2,63.5427,2.79078,1.06862
1.2,63.6427,2.81821,1.06698
1.2,63.7427,2.8453,1.06535
1.2,63.8427,2.87207,1.06372
1.2,63.9427,2.8985,1.0621
1.2,64.0427,2.9246,1.06048
1.2,64.1427,2.95037,1.05887
1.2,64.2427,2.97581,1.05727
1.2,64.3427,3.00091,1.05567
1.2,64.4427,3.02569,1.05407
1.2,64.5427,3.05013,1.05249
1.2,64.6427,3.07423,1.05091
1.2,64.7427,3.09801,1.04933
1.2,64.8427,3.12145,1.04776
1.2,64.9427,3.14457,1.04619
1.2,65.0427,3.16734,1.04463
1.2,65.1427,3.18979,1.04308
1.2,65.2427,3.21191,1.04153
1.2,65.3427,3.23369,1.03999
1.2,65.4427,3.25514,1.03845
1.2,65.5427,3.27626,1.03692
1.2,65.6427,3.29705,1.03539
1.2,65.7427,3.31751,1.03387
1.2,65.8427,3.33763,1.03236
1.2,65.9427,3.35742,1.03085
1.2,66.0427,3.37688,1.02935
1.2,66.1427,3.39601,1.02785
1.2,66.2427,3.41481,1.02636
1.2,66.3427,3.43327,1.02487
1.2,66.4427,3.45141,1.02339
1.2,66.5427,3.46921,1.02191
1.2,66.6427,3.48669,1.02044
1.2,66.7427,3.50383,1.01898
1.2,66.8427,3.52064,1.01752
1.2,66.9427,3.53712,1.01607
1.2,67.0427,3.55326,1.01462
1.2,67.1427,3.56908,1.01318
1.2,67.2427,3.58457,1.01174
1.2,67.3427,3.59973,1.01031
1.2,67.4427,3.61456,1.00889
1.2,67.5427,3.62905,1.00747
1.2,67.6427,3.64322,1.00606
1.2,67.7427,3.65706,1.00465
1.2,67.8427,3.67057,1.00325
1.2,67.9427,3.68375,1.00185
1.2,68.0427,3.6966,1.00046
1.2,68.1427,3.70912,0.999073
1.2,68.2427,3.72131,0.997693
1.2,68.3427,3.73318,0.996319
1.2,68.4427,3.74471,0.994951
1.2,68.5427,3.75592,0.993588
1.2,68.6427,3.7668,0.992231
1.2,68.7427,3.77736,0.990879
1.2,68.8427,3.78758,0.989533
1.2,68.9427,3.79748,0.988193
1.2,69.0427,3.80706,0.986858
1.2,69.1427,3.8163,0.985529
1.2,69.2427,3.82522,0.984206
1.2,69.3427,3.83382,0.982889
1.2,69.4427,3.84209,0.981577
1.2,69.5427,3.85003,0.980271
1.2,69.6427,3.85765,0.97897
1.2,69.7427,3.86495,0.977675
1.2,69.8427,3.87192,0.976386
1.2,69.9427,3.87857,0.975103
1.2,70.0427,3.88489,0.973825
1.2,70.1427,3.89089,0.972553
1.2,70.2427,3.89657,0.971286
1.2,70.3427,3.90193,0.970026
1.2,70.4427,3.90696,0.968771
1.2,70.5427,3.91167,0.967522
1.2,70.6427,3.91606,0.966278
1.2,70.7427,3.92014,0.96504
1.2,70.8427,3.92389,0.963808
1.2,70.9427,3.92732,0.962582
1.2,71.0427,3.93043,0.961362
1.2,71.1427,3.93323,0.960147
1.2,71.2427,3.9357,0.958938
1.2,71.3427,3.93786,0.957735
1.2,71.4427,3.9397,0.956537
1.2,71.5427,3.94123,0.955346
1.2,71.6427,3.94244,0.95416
1.2,71.7427,3.94333,0.95298
1.2,71.8427,3.94391,0.951806
1.2,71.9427,3.94417,0.950637
1.2,72.0427,3.94412,0.949474
1.2,72.1427,3.94375,0.948318
1.2,72.2427,3.94308,0.947166
1.2,72.3427,3.94209,0.946021
1.2,72.4427,3.94079,0.944882
1.2,72.5427,3.93918,0.943748
1.2,72.6427,3.93726,0.942621
1.2,72.7427,3.93503,0.941499
1.2,72.8427,3.93249,0.940383
1.2,72.9427,3.92964,0.939273
1.2,73.0427,3.92648,0.938169
1.2,73.1427,3.92302,0.93707
1.2,73.2427,3.91925,0.935978
1.2,73.3427,3.91518,0.934891
1.2,73.4427,3.9108,0.933811
1.2,73.5427,3.90612,0.932736
1.2,73.6427,3.90113,0.931667
1.2,73.7427,3.89585,0.930604
1.2,73.8427,3.89026,0.929547
1.2,73.9427,3.88437,0.928496
1.2,74.0427,3.87818,0.927451
1.2,74.1427,3.87169,0.926412
1.2,74.2427,3.8649,0.925379
1.2,74.3427,3.85782,0.924352
1.2,74.4427,3.85044,0.92333
1.2,74.5427,3.84276,0.922315
1.2,74.6427,3.83479,0.921306
1.2,74.7427,3.82652,0.920303
1.2,74.8427,3.81797,0.919306
1.2,74.9427,3.80912,0.918314
1.2,75.0427,3.79997,0.917329
1.2,75.1427,3.79054,0.91635
1.2,75.2427,3.78082,0.915377
1.2,75.3427,3.77082,0.91441
1.2,75.4427,3.76052,0.913449
1.2,75.5427,3.74994,0.912494
1.2,75.6427,3.73907,0.911545
1.2,75.7427,3.72792,0.910602
1.2,75.8427,3.71649,0.909666
1.2,75.9427,3.70477,0.908735
1.2,76.0427,3.69278,0.90781
1.2,76.1427,3.6805,0.906892
1.2,76.2427,3.66795,0.90598
1.2,76.3427,3.65512,0.905074
1.2,76.4427,3.64201,0.904174
1.2,76.5427,3.62863,0.90328
1.2,76.6427,3.61497,0.902392
1.2,76.7427,3.60104,0.901511
1.2,76.8427,3.58684,0.900635
1.2,76.9427,3.57237,0.899766
1.2,77.0427,3.55763,0.898903
1.2,77.1427,3.54262,0.898046
1.2,77.2427,3.52734,0.897196
1.2,77.3427,3.5118,0.896351
1.2,77.4427,3.496,0.895513
1.2,77.5427,3.47993,0.894681
1.2,77.6427,3.4636,0.893855
1.2,77.7427,3.44701,0.893036
1.2,77.8427,3.43017,0.892223
1.2,77.9427,3.41306,0.891416
1.2,78.0427,3.3957,0.890615
1.2,78.1427,3.37809,0.889821
1.2,78.2427,3.36022,0.889032
1.2,78.3427,3.3421,0.888251
1.2,78.4427,3.32373,0.887475
1.2,78.5427,3.30511,0.886706
1.2,78.6427,3.28624,0.885943
1.2,78.7427,3.26713,0.885186
1.2,78.8427,3.24777,0.884436
1.2,78.9427,3.22817,0.883692
1.2,79.0427,3.20833,0.882955
1.2,79.1427,3.18825,0.882223
1.2,79.2427,3.16793,0.881499
1.2,79.3427,3.14737,0.88078
1.2,79.4427,3.12658,0.880068
1.2,79.5427,3.10555,0.879362
1.2,79.6427,3.08429,0.878663
1.2,79.7427,3.0628,0.87797
1.2,79.8427,3.04109,0.877284
1.2,79.9427,3.01914,0.876604
1.2,80.0427,2.99698,0.87593
1.2,80.1427,2.97458,0.875263
1.2,80.2427,2.95197,0.874602
1.2,80.3427,2.92913,0.873948
1.2,80.4427,2.90608,0.8733
1.2,80.5427,2.88281,0.872659
1.2,80.6427,2.85932,0.872024
1.2,80.7427,2.83562,0.871396
1.2,80.8427,2.81171,0.870774
1.2,80.9427,2.78759,0.870159
1.2,81.0427,2.76326,0.86955
1.2,81.1427,2.73873,0.868947
1.2,81.2427,2.71399,0.868352
1.2,81.3427,2.68905,0.867762
1.2,81.4427,2.66391,0.86718
1.2,81.5427,2.63857,0.866603
1.2,81.6427,2.61303,0.866034
1.2,81.7427,2.5873,0.865471
1.2,81.8427,2.56138,0.864914
1.2,81.9427,2.53526,0.864364
1.2,82.0427,2.50896,0.863821
1.2,82.1427,2.48246,0.863284
1.2,82.2427,2.45579,0.862754
1.2,82.3427,2.42893,0.86223
1.2,82.4427,2.40188,0.861713
1.2,82.5427,2.37466,0.861203
1.2,82.6427,2.34727,0.860699
1.2,82.7427,2.31969,0.860202
1.2,82.8427,2.29195,0.859712
1.2,82.9427,2.26403,0.859228
1.2,83.0427,2.23595,0.858751
1.2,83.1427,2.20769,0.85828
1.2,83.2427,2.17928,0.857816
1.2,83.3427,2.1507,0.857359
1.2,83.4427,2.12196,0.856909
1.2,83.5427,2.09306,0.856465
1.2,83.6427,2.06401,0.856028
1.2,83.7427,2.0348,0.855597
1.2,83.8427,2.00544,0.855173
1.2,83.9427,1.97593,0.854756
1.2,84.0427,1.94627,0.854346
1.2,84.1427,1.91647,0.853942
1.2,84.2427,1.88652,0.853546
1.2,84.3427,1.85644,0.853155
1.2,84.4427,1.82621,0.852772
1.2,84.5427,1.79585,0.852395
1.2,84.6427,1.76535,0.852025
1.2,84.7427,1.73473,0.851662
1.2,84.8427,1.70397,0.851306
1.2,84.9427,1.67309,0.850956
1.2,85.0427,1.64208,0.850613
1.2,85.1427,1.61095,0.850277
1.2,85.2427,1.57969,0.849947
1.2,85.3427,1.54832,0.849625
1.2,85.4427,1.51684,0.849309
1.2,85.5427,1.48524,0.849
1.2,85.6427,1.45353,0.848697
1.2,85.7427,1.42171,0.848402
1.2,85.8427,1.38979,0.848113
1.2,85.9427,1.35776,0.847831
1.2,86.0427,1.32563,0.847556
1.2,86.1427,1.2934,0.847288
1.2,86.2427,1.26107,0.847027
1.2,86.3427,1.22865,0.846772
1.2,86.4427,1.19614,0.846524
1.2,86.5427,1.16354,0.846283
1.2,86.6427,1.13085,0.846049
1.2,86.7427,1.09808,0.845822
1.2,86.8427,1.06522,0.845601
1.2,86.9427,1.03229,0.845388
1.2,87.0427,0.999276,0.845181
1.2,87.1427,0.966189,0.844981
1.2,87.2427,0.93303,0.844788
1.2,87.3427,0.899801,0.844602
1.2,87.4427,0.866505,0.844422
1.2,87.5427,0.833144,0.84425
1.2,87.6427,0.799721,0.844084
1.2,87.7427,0.766238,0.843925
1.2,87.8427,0.732698,0.843773
1.2,87.9427,0.699102,0.843628
1.2,88.0427,0.665455,0.84349
1.2,88.1427,0.631757,0.843359
1.2,88.2427,0.598013,0.843234
1.2,88.3427,0.564223,0.843117
1.2,88.4427,0.530392,0.843006
1.2,88.5427,0.496521,0.842902
1.2,88.6427,0.462612,0.842805
1.2,88.7427,0.428669,0.842715
1.2,88.8427,0.394694,0.842632
1.2,88.9427,0.360689,0.842556
1.2,89.0427,0.326657,0.842486
1.2,89.1427,0.292601,0.842424
1.2,89.2427,0.258523,0.842368
1.2,89.3427,0.224426,0.842319
1.2,89.4427,0.190312,0.842277
1.2,89.5427,0.156183,0.842243
1.2,89.6427,0.122043,0.842214
1.2,89.7427,0.0878936,0.842193
1.2,89.8427,0.0537377,0.842179
1.2,89.9427,0.0195778,0.842172
1.3,50.2849,0,1.3
1.3,50.3849,0.0678808,1.29752
1.3,50.4849,0.135429,1.29504
1.3,50.5849,0.202643,1.29257
1.3,50.6849,0.269525,1.29011
1.3,50.7849,0.336073,1.28766
1.3,50.8849,0.402287,1.28521
1.3,50.9849,0.468169,1.28278
1.3,51.0849,0.533716,1.28035
1.3,51.1849,0.59893,1.27792
1.3,51.2849,0.66381,1.27551
1.3,51.3849,0.728357,1.2731
1.3,51.4849,0.792569,1.2707
1.3,51.5849,0.856447,1.2683
1.3,51.6849,0.919991,1.26591
1.3,51.7849,0.9832,1.26353
1.3,51.8849,1.04608,1.26116
1.3,51.9849,1.10862,1.25879
1.3,52.0849,1.17082,1.25644
1.3,52.1849,1.23269,1.25408
1.3,52.2849,1.29423,1.25174
1.3,52.3849,1.35543,1.2494
1.3,52.4849,1.41629,1.24707
1.3,52.5849,1.47682,1.24474
1.3,52.6849,1.53701,1.24242
1.3,52.7849,1.59687,1.24011
1.3,52.8849,1.65639,1.23781
1.3,52.9849,1.71558,1.23551
1.3,53.0849,1.77443,1.23322
1.3,53.1849,1.83294,1.23093
1.3,53.2849,1.89111,1.22865
1.3,53.3849,1.94895,1.22638
1.3,53.4849,2.00645,1.22412
1.3,53.5849,2.06361,1.22186
1.3,53.6849,2.12044,1.21961
1.3,53.7849,2.17693,1.21736
1.3,53.8849,2.23308,1.21512
1.3,53.9849,2.28889,1.21289
1.3,54.0849,2.34436,1.21066
1.3,54.1849,2.39949,1.20844
1.3,54.2849,2.45429,1.20622
1.3,54.3849,2.50874,1.20402
1.3,54.4849,2.56286,1.20181
1.3,54.5849,2.61664,1.19962
1.3,54.6849,2.67007,1.19743
1.3,54.7849,2.72317,1.19525
1.3,54.8849,2.77593,1.19307
1.3,54.9849,2.82834,1.1909
1.3,55.0849,2.88041,1.18873
1.3,55.1849,2.93215,1.18657
1.3,55.2849,2.98354,1.18442
1.3,55.3849,3.03459,1.18227
1.3,55.4849,3.08529,1.18013
1.3,55.5849,3.13566,1.178
1.3,55.6849,3.18568,1.17587
1.3,55.7849,3.23536,1.17374
1.3,55.8849,3.2847,1.17163
1.3,55.9849,3.33369,1.16952
1.3,56.0849,3.38234,1.16741
1.3,56.1849,3.43064,1.16531
1.3,56.2849,3.4786,1.16322
1.3,56.3849,3.52622,1.16113
1.3,56.4849,3.57349,1.15905
1.3,56.5849,3.62042,1.15697
1.3,56.6849,3.667,1.1549
1.3,56.7849,3.71323,1.15283
1.3,56.8849,3.75912,1.15077
1.3,56.9849,3.80466,1.14872
1.3,57.0849,3.84986,1.14667
1.3,57.1849,3.89471,1.14463
1.3,57.2849,3.93921,1.1426
1.3,57.3849,3.98336,1.14056
1.3,57.4849,4.02716,1.13854
1.3,57.5849,4.07062,1.13652
1.3,57.6849,4.11373,1.13451
1.3,57.7849,4.15649,1.1325
1.3,57.8849,4.1989,1.1305
1.3,57.9849,4.24096,1.1285
1.3,58.0849,4.28267,1.12651
1.3,58.1849,4.32403,1.12452
1.3,58.2849,4.36504,1.12254
1.3,58.3849,4.40569,1.12057
1.3,58.4849,4.446,1.1186
1.3,58.5849,4.48596,1.11663
1.3,58.6849,4.52556,1.11467
1.3,58.7849,4.56481,1.11272
1.3,58.8849,4.60371,1.11077
1.3,58.9849,4.64225,1.10883
1.3,59.0849,4.68045,1.1069
1.3,59.1849,4.71828,1.10496
1.3,59.2849,4.75577,1.10304
1.3,59.3849,4.7929,1.10112
1.3,59.4849,4.82967,1.0992
1.3,59.5849,4.86609,1.09729
1.3,59.6849,4.90216,1.09539
1.3,59.7849,4.93787,1.09349
1.3,59.8849,4.97322,1.0916
1.3,59.9849,5.00821,1.08971
1.3,60.0849,5.04285,1.08783
1.3,60.1849,5.07714,1.08595
1.3,60.2849,5.11106,1.08408
1.3,60.3849,5.14463,1.08221
1.3,60.4849,5.17784,1.08035
1.3,60.5849,5.21069,1.0785
1.3,60.6849,5.24318,1.07665
1.3,60.7849,5.27531,1.0748
1.3,60.8849,5.30708,1.07296
1.3,60.9849,5.3385,1.07113
1.3,61.0849,5.36955,1.0693
1.3,61.1849,5.40024,1.06748
1.3,61.2849,5.43057,1.06566
1.3,61.3849,5.46054,1.06385
1.3,61.4849,5.49015,1.06204
1.3,61.5849,5.51939,1.06024
1.3,61.6849,5.54828,1.05844
1.3,61.7849,5.5768,1.05665
1.3,61.8849,5.60496,1.05486
1.3,61.9849,5.63275,1.05308
1.3,62.0849,5.66018,1.0513
1.3,62.1849,5.68725,1.04953
1.3,62.2849,5.71395,1.04777
1.3,62.3849,5.74029,1.04601
1.3,62.4849,5.76627,1.04425
1.3,62.5849,5.79187,1.0425
1.3,62.6849,5.81712,1.04076
1.3,62.7849,5.84199,1.03902
1.3,62.8849,5.8665,1.03729
1.3,62.9849,5.89065,1.03556
1.3,63.0849,5.91442,1.03384
1.3,63.1849,5.93783,1.03212
1.3,63.2849,5.96088,1.0304
1.3,63.3849,5.98355,1.0287
1.3,63.4849,6.00586,1.027
1.3,63.5849,6.0278,1.0253
1.3,63.6849,6.04937,1.02361
1.3,63.7849,6.07057,1.02192
1.3,63.8849,6.0914,1.02024
1.3,63.9849,6.11186,1.01856
1.3,64.0849,6.13195,1.01689
1.3,64.1849,6.15167,1.01523
1.3,64.2849,6.17102,1.01357
1.3,64.3849,6.19001,1.01192
1.3,64.4849,6.20862,1.01027
1.3,64.5849,6.22686,1.00862
1.3,64.6849,6.24472,1.00698
1.3,64.7849,6.26222,1.00535
1.3,64.8849,6.27934,1.00372
1.3,64.9849,6.29609,1.0021
1.3,65.0849,6.31247,1.00048
1.3,65.1849,6.32848,0.99887
1.3,65.2849,6.34412,0.997263
1.3,65.3849,6.35938,0.995661
1.3,65.4849,6.37426,0.994065
1.3,65.5849,6.38878,0.992474
1.3,65.6849,6.40292,0.990888
1.3,65.7849,6.41668,0.989308
1.3,65.8849,6.43008,0.987733
1.3,65.9849,6.4431,0.986164
1.3,66.0849,6.45574,0.984599
1.3,66.1849,6.46801,0.983041
1.3,66.2849,6.4799,0.981487
1.3,66.3849,6.49142,0.979939
1.3,66.4849,6.50257,0.978396
1.3,66.5849,6.51333,0.976858
1.3,66.6849,6.52373,0.975326
1.3,66.7849,6.53374,0.9738
1.3,66.8849,6.54339,0.972278
1.3,66.9849,6.55265,0.970762
1.3,67.0849,6.56154,0.969252
1.3,67.1849,6.57006,0.967747
1.3,67.2849,6.57819,0.966247
1.3,67.3849,6.58596,0.964753
1.3,67.4849,6.59334,0.963264
1.3,67.5849,6.60035,0.96178
1.3,67.6849,6.60698,0.960302
1.3,67.7849,6.61324,0.958829
1.3,67.8849,6.61911,0.957362
1.3,67.9849,6.62462,0.9559
1.3,68.0849,6.62974,0.954444
1.3,68.1849,6.63449,0.952993
1.3,68.2849,6.63886,0.951548
1.3,68.3849,6.64286,0.950108
1.3,68.4849,6.64647,0.948674
1.3,68.5849,6.64971,0.947245
1.3,68.6849,6.65258,0.945822
1.3,68.7849,6.65507,0.944404
1.3,68.8849,6.65718,0.942991
1.3,68.9849,6.65891,0.941585
1.3,69.0849,6.66027,0.940183
1.3,69.1849,6.66125,0.938788
1.3,69.2849,6.66185,0.937397
1.3,69.3849,6.66208,0.936013
1.3,69.4849,6.66193,0.934634
1.3,69.5849,6.6614,0.93326
1.3,69.6849,6.6605,0.931892
1.3,69.7849,6.65923,0.93053
1.3,69.8849,6.65757,0.929174
1.3,69.9849,6.65554,0.927823
1.3,70.0849,6.65314,0.926477
1.3,70.1849,6.65036,0.925137
1.3,70.2849,6.64721,0.923803
1.3,70.3849,6.64368,0.922475
1.3,70.4849,6.63977,0.921152
1.3,70.5849,6.63549,0.919835
1.3,70.6849,6.63084,0.918523
1.3,70.7849,6.62581,0.917218
1.3,70.8849,6.62041,0.915918
1.3,70.9849,6.61463,0.914623
1.3,71.0849,6.60848,0.913335
1.3,71.1849,6.60196,0.912052
1.3,71.2849,6.59507,0.910775
1.3,71.3849,6.5878,0.909503
1.3,71.4849,6.58016,0.908238
1.3,71.5849,6.57215,0.906978
1.3,71.6849,6.56377,0.905724
1.3,71.7849,6.55502,0.904476
1.3,71.8849,6.54589,0.903233
1.3,71.9849,6.5364,0.901997
1.3,72.0849,6.52654,0.900766
1.3,72.1849,6.5163,0.899541
1.3,72.2849,6.5057,0.898322
1.3,72.3849,6.49473,0.897109
1.3,72.4849,6.48339,0.895902
1.3,72.5849,6.47169,0.8947
1.3,72.6849,6.45961,0.893505
1.3,72.7849,6.44718,0.892315
1.3,72.8849,6.43437,0.891132
1.3,72.9849,6.4212,0.889954
1.3,73.0849,6.40767,0.888782
1.3,73.1849,6.39377,0.887616
1.3,73.2849,6.37951,0.886456
1.3,73.3849,6.36488,0.885302
1.3,73.4849,6.34989,0.884155
1.3,73.5849,6.33454,0.883013
1.3,73.6849,6.31883,0.881877
1.3,73.7849,6.30276,0.880747
1.3,73.8849,6.28633,0.879623
1.3,73.9849,6.26954,0.878506
1.3,74.0849,6.2524,0.877394
1.3,74.1849,6.23489,0.876288
1.3,74.2849,6.21703,0.875189
1.3,74.3849,6.19881,0.874096
1.3,74.4849,6.18024,0.873008
1.3,74.5849,6.16131,0.871927
1.3,74.6849,6.14203,0.870852
1.3,74.7849,6.1224,0.869783
1.3,74.8849,6.10242,0.868721
1.3,74.9849,6.08208,0.867664
1.3,75.0849,6.0614,0.866614
1.3,75.1849,6.04036,0.86557
1.3,75.2849,6.01898,0.864532
1.3,75.3849,5.99725,0.8635
1.3,75.4849,5.97518,0.862475
1.3,75.5849,5.95276,0.861456
1.3,75.6849,5.92999,0.860443
1.3,75.7849,5.90689,0.859436
1.3,75.8849,5.88344,0.858436
1.3,75.9849,5.85965,0.857442
1.3,76.0849,5.83552,0.856454
1.3,76.1849,5.81105,0.855473
1.3,76.2849,5.78625,0.854498
1.3,76.3849,5.76111,0.853529
1.3,76.4849,5.73563,0.852567
1.3,76.5849,5.70982,0.851611
1.3,76.6849,5.68368,0.850662
1.3,76.7849,5.6572,0.849719
1.3,76.8849,5.6304,0.848782
1.3,76.9849,5.60327,0.847852
1.3,77.0849,5.5758,0.846928
1.3,77.1849,5.54802,0.846011
1.3,77.2849,5.5199,0.8451
1.3,77.3849,5.49147,0.844195
1.3,77.4849,5.46271,0.843298
1.3,77.5849,5.43363,0.842406
1.3,77.6849,5.40423,0.841521
1.3,77.7849,5.37452,0.840643
1.3,77.8849,5.34448,0.839771
1.3,77.9849,5.31414,0.838906
1.3,78.0849,5.28348,0.838047
1.3,78.1849,5.2525,0.837195
1.3,78.2849,5.22122,0.83635
1.3,78.3849,5.18963,0.835511
1.3,78.4849,5.15773,0.834679
1.3,78.5849,5.12552,0.833853
1.3,78.6849,5.09301,0.833035
1.3,78.7849,5.0602,0.832222
1.3,78.8849,5.02709,0.831417
1.3,78.9849,4.99368,0.830618
1.3,79.0849,4.95997,0.829826
1.3,79.1849,4.92597,0.82904
1.3,79.2849,4.89167,0.828261
1.3,79.3849,4.85708,0.827489
1.3,79.4849,4.8222,0.826724
1.3,79.5849,4.78703,0.825966
1.3,79.6849,4.75158,0.825214
1.3,79.7849,4.71584,0.824469
1.3,79.8849,4.67981,0.823731
1.3,79.9849,4.64351,0.823
1.3,80.0849,4.60693,0.822275
1.3,80.1849,4.57007,0.821557
1.3,80.2849,4.53294,0.820847
1.3,80.3849,4.49553,0.820143
1.3,80.4849,4.45785,0.819446
1.3,80.5849,4.4199,0.818755
1.3,80.6849,4.38169,0.818072
1.3,80.7849,4.34321,0.817396
1.3,80.8849,4.30447,0.816726
1.3,80.9849,4.26547,0.816063
1.3,81.0849,4.22621,0.815408
1.3,81.1849,4.18669,0.814759
1.3,81.2849,4.14692,0.814117
1.3,81.3849,4.1069,0.813483
1.3,81.4849,4.06662,0.812855
1.3,81.5849,4.0261,0.812234
1.3,81.6849,3.98534,0.81162
1.3,81.7849,3.94433,0.811013
1.3,81.8849,3.90308,0.810414
1.3,81.9849,3.86159,0.809821
1.3,82.0849,3.81987,0.809235
1.3,82.1849,3.77791,0.808657
1.3,82.2849,3.73572,0.808085
1.3,82.3849,3.6933,0.807521
1.3,82.4849,3.65066,0.806963
1.3,82.5849,3.60779,0.806413
1.3,82.6849,3.5647,0.80587
1.3,82.7849,3.5214,0.805334
1.3,82.8849,3.47787,0.804805
1.3,82.9849,3.43413,0.804283
1.3,83.0849,3.39018,0.803769
1.3,83.1849,3.34602,0.803261
1.3,83.2849,3.30165,0.802761
1.3,83.3849,3.25708,0.802268
1.3,83.4849,3.21231,0.801782
1.3,83.5849,3.16734,0.801303
1.3,83.6849,3.12218,0.800832
1.3,83.7849,3.07682,0.800367
1.3,83.8849,3.03127,0.79991
1.3,83.9849,2.98553,0.79946
1.3,84.0849,2.93961,0.799018
1.3,84.1849,2.8935,0.798582
1.3,84.2849,2.84722,0.798154
1.3,84.3849,2.80076,0.797733
1.3,84.4849,2.75412,0.79732
1.3,84.5849,2.70731,0.796914
1.3,84.6849,2.66034,0.796515
1.3,84.7849,2.6132,0.796123
1.3,84.8849,2.56589,0.795738
1.3,84.9849,2.51843,0.795361
1.3,85.0849,2.4708,0.794992
1.3,85.1849,2.42303,0.794629
1.3,85.2849,2.3751,0.794274
1.3,85.3849,2.32702,0.793926
1.3,85.4849,2.2788,0.793586
1.3,85.5849,2.23044,0.793253
1.3,85.6849,2.18193,0.792927
1.3,85.7849,2.13329,0.792609
1.3,85.8849,2.08452,0.792298
1.3,85.9849,2.03561,0.791994
1.3,86.0849,1.98658,0.791698
1.3,86.1849,1.93742,0.791409
1.3,86.2849,1.88814,0.791128
1.3,86.3849,1.83874,0.790854
1.3,86.4849,1.78923,0.790587
1.3,86.5849,1.7396,0.790328
1.3,86.6849,1.68986,0.790076
1.3,86.7849,1.64002,0.789832
1.3,86.8849,1.59007,0.789595
1.3,86.9849,1.54003,0.789366
1.3,87.0849,1.48988,0.789144
1.3,87.1849,1.43965,0.788929
1.3,87.2849,1.38932,0.788722
1.3,87.3849,1.3389,0.788522
1.3,87.4849,1.2884,0.78833
1.3,87.5849,1.23782,0.788145
1.3,87.6849,1.18716,0.787968
1.3,87.7849,1.13643,0.787798
1.3,87.8849,1.08562,0.787636
1.3,87.9849,1.03475,0.787481
1.3,88.0849,0.983808,0.787334
1.3,88.1849,0.932805,0.787194
1.3,88.2849,0.881743,0.787061
1.3,88.3849,0.830626,0.786936
1.3,88.4849,0.779456,0.786819
1.3,88.5849,0.728237,0.786709
1.3,88.6849,0.676972,0.786606
1.3,88.7849,0.625664,0.786511
1.3,88.8849,0.574316,0.786424
1.3,88.9849,0.522932,0.786344
1.3,89.0849,0.471514,0.786272
1.3,89.1849,0.420067,0.786207
1.3,89.2849,0.368594,0.786149
1.3,89.3849,0.317096,0.786099
1.3,89.4849,0.265579,0.786057
1.3,89.5849,0.214045,0.786022
1.3,89.6849,0.162498,0.785994
1.3,89.7849,0.11094,0.785974
1.3,89.8849,0.0593749,0.785962
1.3,89.9849,0.00780619,0.785957
1.4,45.5847,0,1.4
1.4,45.6847,0.0814635,1.39717
1.4,45.7847,0.162589,1.39435
1.4,45.8847,0.243376,1.39154
1.4,45.9847,0.323825,1.38874
1.4,46.0847,0.403936,1.38594
1.4,46.1847,0.483709,1.38316
1.4,46.2847,0.563145,1.38038
1.4,46.3847,0.642244,1.37761
1.4,46.4847,0.721005,1.37485
1.4,46.5847,0.799428,1.3721
1.4,46.6847,0.877514,1.36936
1.4,46.7847,0.955264,1.36662
1.4,46.8847,1.03268,1.3639
1.4,46.9847,1.10975,1.36118
1.4,47.0847,1.18649,1.35847
1.4,47.1847,1.26289,1.35576
1.4,47.2847,1.33895,1.35307
1.4,47.3847,1.41468,1.35038
1.4,47.4847,1.49007,1.3477
1.4,47.5847,1.56513,1.34503
1.4,47.6847,1.63984,1.34237
1.4,47.7847,1.71422,1.33971
1.4,47.8847,1.78827,1.33707
1.4,47.9847,1.86197,1.33442
1.4,48.0847,1.93534,1.33179
1.4,48.1847,2.00837,1.32917
1.4,48.2847,2.08107,1.32655
1.4,48.3847,2.15343,1.32394
1.4,48.4847,2.22545,1.32133
1.4,48.5847,2.29714,1.31874
1.4,48.6847,2.36848,1.31615
1.4,48.7847,2.43949,1.31357
1.4,48.8847,2.51017,1.31099
1.4,48.9847,2.5805,1.30842
1.4,49.0847,2.6505,1.30586
1.4,49.1847,2.72016,1.30331
1.4,49.2847,2.78949,1.30076
1.4,49.3847,2.85847,1.29822
1.4,49.4847,2.92712,1.29569
1.4,49.5847,2.99543,1.29317
1.4,49.6847,3.0634,1.29065
1.4,49.7847,3.13103,1.28813
1.4,49.8847,3.19833,1.28563
1.4,49.9847,3.26528,1.28313
1.4,50.0847,3.3319,1.28064
1.4,50.1847,3.39818,1.27815
1.4,50.2847,3.46412,1.27567
1.4,50.3847,3.52972,1.2732
1.4,50.4847,3.59498,1.27073
1.4,50.5847,3.6599,1.26827
1.4,50.6847,3.72449,1.26582
1.4,50.7847,3.78873,1.26337
1.4,50.8847,3.85263,1.26093
1.4,50.9847,3.91619,1.25849
1.4,51.0847,3.97941,1.25607
1.4,51.1847,4.04229,1.25364
1.4,51.2847,4.10483,1.25123
1.4,51.3847,4.16703,1.24882
1.4,51.4847,4.22888,1.24641
1.4,51.5847,4.2904,1.24402
1.4,51.6847,4.35157,1.24163
1.4,51.7847,4.4124,1.23924
1.4,51.8847,4.47289,1.23686
1.4,51.9847,4.53303,1.23449
1.4,52.0847,4.59283,1.23212
1.4,52.1847,4.65229,1.22976
1.4,52.2847,4.71141,1.2274
1.4,52.3847,4.77018,1.22505
1.4,52.4847,4.8286,1.22271
1.4,52.5847,4.88668,1.22037
1.4,52.6847,4.94442,1.21804
1.4,52.7847,5.00181,1.21571
1.4,52.8847,5.05886,1.21339
1.4,52.9847,5.11555,1.21108
1.4,53.0847,5.17191,1.20877
1.4,53.1847,5.22791,1.20647
1.4,53.2847,5.28357,1.20417
1.4,53.3847,5.33889,1.20188
1.4,53.4847,5.39385,1.19959
1.4,53.5847,5.44847,1.19731
1.4,53.6847,5.50274,1.19503
1.4,53.7847,5.55666,1.19276
1.4,53.8847,5.61023,1.1905
1.4,53.9847,5.66345,1.18824
1.4,54.0847,5.71632,1.18599
1.4,54.1847,5.76884,1.18374
1.4,54.2847,5.82101,1.1815
1.4,54.3847,5.87283,1.17926
1.4,54.4847,5.9243,1.17703
1.4,54.5847,5.97541,1.1748
1.4,54.6847,6.02617,1.17258
1.4,54.7847,6.07658,1.17037
1.4,54.8847,6.12664,1.16816
1.4,54.9847,6.17635,1.16595
1.4,55.0847,6.22569,1.16376
1.4,55.1847,6.27469,1.16156
1.4,55.2847,6.32333,1.15937
1.4,55.3847,6.37161,1.15719
1.4,55.4847,6.41954,1.15501
1.4,55.5847,6.46711,1.15284
1.4,55.6847,6.51433,1.15067
1.4,55.7847,6.56119,1.14851
1.4,55.8847,6.60769,1.14635
1.4,55.9847,6.65383,1.1442
1.4,56.0847,6.69961,1.14206
1.4,56.1847,6.74504,1.13992
1.4,56.2847,6.7901,1.13778
1.4,56.3847,6.83481,1.13565
1.4,56.4847,6.87915,1.13352
1.4,56.5847,6.92313,1.1314
1.4,56.6847,6.96676,1.12929
1.4,56.7847,7.01001,1.12718
1.4,56.8847,7.05291,1.12507
1.4,56.9847,7.09544,1.12297
1.4,57.0847,7.13761,1.12088
1.4,57.1847,7.17942,1.11879
1.4,57.2847,7.22086,1.1167
1.4,57.3847,7.26193,1.11462
1.4,57.4847,7.30264,1.11255
1.4,57.5847,7.34298,1.11048
1.4,57.6847,7.38296,1.10841
1.4,57.7847,7.42257,1.10635
1.4,57.8847,7.46181,1.1043
1.4,57.9847,7.50068,1.10225
1.4,58.0847,7.53918,1.10021
1.4,58.1847,7.57731,1.09817
1.4,58.2847,7.61508,1.09613
1.4,58.3847,7.65247,1.0941
1.4,58.4847,7.68949,1.09208
1.4,58.5847,7.72613,1.09006
1.4,58.6847,7.76241,1.08804
1.4,58.7847,7.79831,1.08603
1.4,58.8847,7.83384,1.08403
1.4,58.9847,7.869,1.08203
1.4,59.0847,7.90378,1.08004
1.4,59.1847,7.93818,1.07805
1.4,59.2847,7.97221,1.07606
1.4,59.3847,8.00586,1.07408
1.4,59.4847,8.03914,1.07211
1.4,59.5847,8.07203,1.07014
1.4,59.6847,8.10455,1.06817
1.4,59.7847,8.13669,1.06621
1.4,59.8847,8.16845,1.06426
1.4,59.9847,8.19983,1.06231
1.4,60.0847,8.23083,1.06036
1.4,60.1847,8.26145,1.05842
1.4,60.2847,8.29168,1.05649
1.4,60.3847,8.32154,1.05456
1.4,60.4847,8.35101,1.05263
1.4,60.5847,8.38009,1.05071
1.4,60.6847,8.4088,1.04879
1.4,60.7847,8.43711,1.04688
1.4,60.8847,8.46505,1.04498
1.4,60.9847,8.49259,1.04308
1.4,61.0847,8.51975,1.04118
1.4,61.1847,8.54652,1.03929
1.4,61.2847,8.5729,1.0374
1.4,61.3847,8.5989,1.03552
1.4,61.4847,8.6245,1.03365
1.4,61.5847,8.64972,1.03178
1.4,61.6847,8.67454,1.02991
1.4,61.7847,8.69898,1.02805
1.4,61.8847,8.72302,1.02619
1.4,61.9847,8.74667,1.02434
1.4,62.0847,8.76993,1.02249
1.4,62.1847,8.79279,1.02065
1.4,62.2847,8.81526,1.01881
1.4,62.3847,8.83733,1.01698
1.4,62.4847,8.85901,1.01516
1.4,62.5847,8.8803,1.01333
1.4,62.6847,8.90118,1.01152
1.4,62.7847,8.92167,1.00971
1.4,62.8847,8.94176,1.0079
1.4,62.9847,8.96146,1.0061
1.4,63.0847,8.98075,1.0043
1.4,63.1847,8.99965,1.00251
1.4,63.2847,9.01814,1.00072
1.4,63.3847,9.03624,0.998937
1.4,63.4847,9.05393,0.99716
1.4,63.5847,9.07122,0.995388
1.4,63.6847,9.08811,0.993621
1.4,63.7847,9.10459,0.991859
1.4,63.8847,9.12067,0.990101
1.4,63.9847,9.13635,0.988349
1.4,64.0847,9.15162,0.986602
1.4,64.1847,9.16649,0.98486
1.4,64.2847,9.18095,0.983123
1.4,64.3847,9.195,0.981391
1.4,64.4847,9.20865,0.979664
1.4,64.5847,9.22189,0.977942
1.4,64.6847,9.23472,0.976225
1.4,64.7847,9.24714,0.974513
1.4,64.8847,9.25915,0.972806
1.4,64.9847,9.27075,0.971104
1.4,65.0847,9.28194,0.969407
1.4,65.1847,9.29273,0.967716
1.4,65.2847,9.30309,0.966029
1.4,65.3847,9.31305,0.964348
1.4,65.4847,9.32259,0.962672
1.4,65.5847,9.33173,0.961001
1.4,65.6847,9.34044,0.959335
1.4,65.7847,9.34875,0.957674
1.4,65.8847,9.35663,0.956018
1.4,65.9847,9.36411,0.954367
1.4,66.0847,9.37116,0.952722
1.4,66.1847,9.3778,0.951082
1.4,66.2847,9.38403,0.949447
1.4,66.3847,9.38984,0.947817
1.4,66.4847,9.39523,0.946192
1.4,66.5847,9.4002,0.944573
1.4,66.6847,9.40475,0.942958
1.4,66.7847,9.40888,0.941349
1.4,66.8847,9.4126,0.939746
1.4,66.9847,9.41589,0.938147
1.4,67.0847,9.41876,0.936554
1.4,67.1847,9.42122,0.934966
1.4,67.2847,9.42325,0.933383
1.4,67.3847,9.42486,0.931806
1.4,67.4847,9.42605,0.930234
1.4,67.5847,9.42681,0.928667
1.4,67.6847,9.42715,0.927105
1.4,67.7847,9.42707,0.925549
1.4,67.8847,9.42657,0.923998
1.4,67.9847,9.42564,0.922453
1.4,68.0847,9.42429,0.920913
1.4,68.1847,9.42251,0.919378
1.4,68.2847,9.42031,0.917849
1.4,68.3847,9.41768,0.916325
1.4,68.4847,9.41463,0.914806
1.4,68.5847,9.41115,0.913293
1.4,68.6847,9.40724,0.911785
1.4,68.7847,9.40291,0.910283
1.4,68.8847,9.39815,0.908786
1.4,68.9847,9.39297,0.907295
1.4,69.0847,9.38735,0.905809
1.4,69.1847,9.38131,0.904329
1.4,69.2847,9.37485,0.902854
1.4,69.3847,9.36795,0.901385
1.4,69.4847,9.36062,0.899922
1.4,69.5847,9.35287,0.898463
1.4,69.6847,9.34469,0.897011
1.4,69.7847,9.33608,0.895564
1.4,69.8847,9.32704,0.894122
1.4,69.9847,9.31757,0.892687
1.4,70.0847,9.30768,0.891256
1.4,70.1847,9.29735,0.889832
1.4,70.2847,9.28659,0.888413
1.4,70.3847,9.27541,0.887
1.4,70.4847,9.26379,0.885592
1.4,70.5847,9.25175,0.88419
1.4,70.6847,9.23928,0.882794
1.4,70.7847,9.22637,0.881404
1.4,70.8847,9.21304,0.880019
1.4,70.9847,9.19927,0.87864
1.4,71.0847,9.18508,0.877267
1.4,71.1847,9.17046,0.8759
1.4,71.2847,9.15541,0.874538
1.4,71.3847,9.13992,0.873182
1.4,71.4847,9.12401,0.871832
1.4,71.5847,9.10767,0.870488
1.4,71.6847,9.0909,0.86915
1.4,71.7847,9.0737,0.867818
1.4,71.8847,9.05607,0.866491
1.4,71.9847,9.03801,0.86517
1.4,72.0847,9.01953,0.863856
1.4,72.1847,9.00061,0.862547
1.4,72.2847,8.98127,0.861244
1.4,72.3847,8.9615,0.859947
1.4,72.4847,8.9413,0.858656
1.4,72.5847,8.92067,0.857371
1.4,72.6847,8.89962,0.856093
1.4,72.7847,8.87813,0.85482
1.4,72.8847,8.85623,0.853553
1.4,72.9847,8.83389,0.852292
1.4,73.0847,8.81113,0.851038
1.4,73.1847,8.78794,0.849789
1.4,73.2847,8.76433,0.848546
1.4,73.3847,8.74029,0.84731
1.4,73.4847,8.71583,0.84608
1.4,73.5847,8.69095,0.844856
1.4,73.6847,8.66564,0.843638
1.4,73.7847,8.63991,0.842426
1.4,73.8847,8.61375,0.841221
1.4,73.9847,8.58718,0.840022
1.4,74.0847,8.56018,0.838829
1.4,74.1847,8.53276,0.837642
1.4,74.2847,8.50492,0.836461
1.4,74.3847,8.47666,0.835287
1.4,74.4847,8.44799,0.834119
1.4,74.5847,8.41889,0.832958
1.4,74.6847,8.38938,0.831803
1.4,74.7847,8.35945,0.830654
1.4,74.8847,8.3291,0.829511
1.4,74.9847,8.29834,0.828375
1.4,75.0847,8.26716,0.827246
1.4,75.1847,8.23557,0.826122
1.4,75.2847,8.20357,0.825006
1.4,75.3847,8.17116,0.823895
1.4,75.4847,8.13833,0.822792
1.4,75.5847,8.1051,0.821694
1.4,75.6847,8.07145,0.820603
1.4,75.7847,8.0374,0.819519
1.4,75.8847,8.00293,0.818441
1.4,75.9847,7.96807,0.81737
1.4,76.0847,7.93279,0.816306
1.4,76.1847,7.89712,0.815248
1.4,76.2847,7.86104,0.814196
1.4,76.3847,7.82455,0.813152
1.4,76.4847,7.78767,0.812114
1.4,76.5847,7.75039,0.811082
1.4,76.6847,7.7127,0.810058
1.4,76.7847,7.67463,0.80904
1.4,76.8847,7.63615,0.808028
1.4,76.9847,7.59728,0.807024
1.4,77.0847,7.55802,0.806026
1.4,77.1847,7.51836,0.805035
1.4,77.2847,7.47831,0.804051
1.4,77.3847,7.43788,0.803074
1.4,77.4847,7.39705,0.802103
1.4,77.5847,7.35584,0.80114
1.4,77.6847,7.31424,0.800183
1.4,77.7847,7.27226,0.799233
1.4,77.8847,7.2299,0.79829
1.4,77.9847,7.18716,0.797354
1.4,78.0847,7.14404,0.796425
1.4,78.1847,7.10054,0.795503
1.4,78.2847,7.05666,0.794587
1.4,78.3847,7.01241,0.793679
1.4,78.4847,6.96779,0.792778
1.4,78.5847,6.9228,0.791884
1.4,78.6847,6.87744,0.790997
1.4,78.7847,6.83171,0.790116
1.4,78.8847,6.78561,0.789243
1.4,78.9847,6.73915,0.788377
1.4,79.0847,6.69233,0.787519
1.4,79.1847,6.64515,0.786667
1.4,79.2847,6.59762,0.785822
1.4,79.3847,6.54972,0.784985
1.4,79.4847,6.50148,0.784155
1.4,79.5847,6.45288,0.783332
1.4,79.6847,6.40393,0.782516
1.4,79.7847,6.35463,0.781707
1.4,79.8847,6.30499,0.780906
1.4,79.9847,6.255,0.780112
1.4,80.0847,6.20468,0.779325
1.4,80.1847,6.15401,0.778545
1.4,80.2847,6.103,0.777773
1.4,80.3847,6.05167,0.777008
1.4,80.4847,6,0.776251
1.4,80.5847,5.94799,0.775501
1.4,80.6847,5.89566,0.774758
1.4,80.7847,5.84301,0.774022
1.4,80.8847,5.79003,0.773294
1.4,80.9847,5.73673,0.772574
1.4,81.0847,5.68312,0.771861
1.4,81.1847,5.62919,0.771155
1.4,81.2847,5.57494,0.770457
1.4,81.3847,5.52039,0.769766
1.4,81.4847,5.46552,0.769083
1.4,81.5847,5.41035,0.768407
1.4,81.6847,5.35488,0.767739
1.4,81.7847,5.29911,0.767078
1.4,81.8847,5.24304,0.766425
1.4,81.9847,5.18667,0.765779
1.4,82.0847,5.13002,0.765141
1.4,82.1847,5.07307,0.764511
1.4,82.2847,5.01584,0.763888
1.4,82.3847,4.95832,0.763273
1.4,82.4847,4.90053,0.762665
1.4,82.5847,4.84245,0.762066
1.4,82.6847,4.78411,0.761473
1.4,82.7847,4.72549,0.760889
1.4,82.8847,4.6666,0.760312
1.4,82.9847,4.60744,0.759743
1.4,83.0847,4.54802,0.759182
1.4,83.1847,4.48834,0.758628
1.4,83.2847,4.42841,0.758082
1.4,83.3847,4.36822,0.757544
1.4,83.4847,4.30778,0.757014
1.4,83.5847,4.24709,0.756492
1.4,83.6847,4.18616,0.755977
1.4,83.7847,4.12499,0.75547
1.4,83.8847,4.06358,0.754971
1.4,83.9847,4.00194,0.75448
1.4,84.0847,3.94006,0.753996
1.4,84.1847,3.87796,0.753521
1.4,84.2847,3.81563,0.753053
1.4,84.3847,3.75308,0.752594
1.4,84.4847,3.69032,0.752142
1.4,84.5847,3.62734,0.751698
1.4,84.6847,3.56415,0.751262
1.4,84.7847,3.50075,0.750834
1.4,84.8847,3.43714,0.750414
1.4,84.9847,3.37334,0.750001
1.4,85.0847,3.30934,0.749597
1.4,85.1847,3.24515,0.749201
1.4,85.2847,3.18076,0.748813
1.4,85.3847,3.11619,0.748432
1.4,85.4847,3.05144,0.74806
1.4,85.5847,2.98651,0.747696
1.4,85.6847,2.9214,0.74734
1.4,85.7847,2.85613,0.746992
1.4,85.8847,2.79068,0.746651
1.4,85.9847,2.72507,0.746319
1.4,86.0847,2.6593,0.745995
1.4,86.1847,2.59337,0.745679
1.4,86.2847,2.52729,0.745371
1.4,86.3847,2.46106,0.745072
1.4,86.4847,2.39469,0.74478
1.4,86.5847,2.32817,0.744496
1.4,86.6847,2.26152,0.744221
1.4,86.7847,2.19473,0.743953
1.4,86.8847,2.12781,0.743694
1.4,86.9847,2.06076,0.743443
1.4,87.0847,1.9936,0.7432
1.4,87.1847,1.92631,0.742965
1.4,87.2847,1.85891,0.742738
1.4,87.3847,1.7914,0.742519
1.4,87.4847,1.72379,0.742309
1.4,87.5847,1.65607,0.742106
1.4,87.6847,1.58825,0.741912
1.4,87.7847,1.52034,0.741726
1.4,87.8847,1.45234,0.741548
1.4,87.9847,1.38425,0.741379
1.4,88.0847,1.31608,0.741217
1.4,88.1847,1.24783,0.741064
1.4,88.2847,1.17951,0.740919
1.4,88.3847,1.11111,0.740782
1.4,88.4847,1.04265,0.740654
1.4,88.5847,0.974127,0.740533
1.4,88.6847,0.905545,0.740421
1.4,88.7847,0.83691,0.740317
1.4,88.8847,0.768225,0.740221
1.4,88.9847,0.699493,0.740133
1.4,89.0847,0.63072,0.740054
1.4,89.1847,0.561909,0.739983
1.4,89.2847,0.493065,0.73992
1.4,89.3847,0.424191,0.739865
1.4,89.4847,0.355291,0.739819
1.4,89.5847,0.28637,0.73978
1.4,89.6847,0.217433,0.73975
1.4,89.7847,0.148482,0.739728
1.4,89.8847,0.0795221,0.739715
1.4,89.9847,0.0105577,0.739709
1.5,41.8103,0,1.5
1.5,41.9103,0.0924194,1.49686
1.5,42.0103,0.184493,1.49373
1.5,42.1103,0.27622,1.49062
1.5,42.2103,0.367602,1.48751
1.5,42.3103,0.458639,1.48441
1.5,42.4103,0.549332,1.48132
1.5,42.5103,0.639681,1.47825
1.5,42.6103,0.729687,1.47518
1.5,42.7103,0.819349,1.47212
1.5,42.8103,0.908668,1.46907
1.5,42.9103,0.997645,1.46604
1.5,43.0103,1.08628,1.46301
1.5,43.1103,1.17457,1.45999
1.5,43.2103,1.26252,1.45698
1.5,43.3103,1.35013,1.45398
1.5,43.4103,1.4374,1.45099
1.5,43.5103,1.52433,1.448
1.5,43.6103,1.61092,1.44503
1.5,43.7103,1.69717,1.44207
1.5,43.8103,1.78308,1.43911
1.5,43.9103,1.86865,1.43616
1.5,44.0103,1.95388,1.43323
1.5,44.1103,2.03877,1.4303
1.5,44.2103,2.12333,1.42738
1.5,44.3103,2.20754,1.42446
1.5,44.4103,2.29142,1.42156
1.5,44.5103,2.37496,1.41866
1.5,44.6103,2.45816,1.41578
1.5,44.7103,2.54103,1.4129
1.5,44.8103,2.62355,1.41003
1.5,44.9103,2.70574,1.40716
1.5,45.0103,2.78759,1.40431
1.5,45.1103,2.86911,1.40146
1.5,45.2103,2.95029,1.39862
1.5,45.3103,3.03113,1.39579
1.5,45.4103,3.11164,1.39297
1.5,45.5103,3.19181,1.39015
1.5,45.6103,3.27164,1.38735
1.5,45.7103,3.35114,1.38454
1.5,45.8103,3.4303,1.38175
1.5,45.9103,3.50913,1.37897
1.5,46.0103,3.58762,1.37619
1.5,46.1103,3.66577,1.37342
1.5,46.2103,3.74359,1.37065
1.5,46.3103,3.82107,1.3679
1.5,46.4103,3.89822,1.36515
1.5,46.5103,3.97503,1.36241
1.5,46.6103,4.05151,1.35967
1.5,46.7103,4.12765,1.35694
1.5,46.8103,4.20345,1.35422
1.5,46.9103,4.27892,1.35151
1.5,47.0103,4.35406,1.3488
1.5,47.1103,4.42885,1.3461
1.5,47.2103,4.50332,1.34341
1.5,47.3103,4.57744,1.34072
1.5,47.4103,4.65123,1.33804
1.5,47.5103,4.72469,1.33537
1.5,47.6103,4.79781,1.3327
1.5,47.7103,4.87059,1.33004
1.5,47.8103,4.94304,1.32739
1.5,47.9103,5.01515,1.32474
1.5,48.0103,5.08693,1.3221
1.5,48.1103,5.15837,1.31946
1.5,48.2103,5.22947,1.31684
1.5,48.3103,5.30024,1.31421
1.5,48.4103,5.37066,1.3116
1.5,48.5103,5.44076,1.30899
1.5,48.6103,5.51051,1.30639
1.5,48.7103,5.57993,1.30379
1.5,48.8103,5.64901,1.3012
1.5,48.9103,5.71776,1.29861
1.5,49.0103,5.78616,1.29604
1.5,49.1103,5.85423,1.29346
1.5,49.2103,5.92196,1.2909
1.5,49.3103,5.98935,1.28834
1.5,49.4103,6.05641,1.28578
1.5,49.5103,6.12312,1.28323
1.5,49.6103,6.1895,1.28069
1.5,49.7103,6.25553,1.27815
1.5,49.8103,6.32123,1.27562
1.5,49.9103,6.38659,1.2731
1.5,50.0103,6.45161,1.27058
1.5,50.1103,6.51628,1.26806
1.5,50.2103,6.58062,1.26556
1.5,50.3103,6.64462,1.26305
1.5,50.4103,6.70827,1.26056
1.5,50.5103,6.77159,1.25806
1.5,50.6103,6.83456,1.25558
1.5,50.7103,6.89719,1.2531
1.5,50.8103,6.95948,1.25062
1.5,50.9103,7.02142,1.24815
1.5,51.0103,7.08302,1.24569
1.5,51.1103,7.14428,1.24323
1.5,51.2103,7.2052,1.24078
1.5,51.3103,7.26577,1.23833
1.5,51.4103,7.326,1.23589
1.5,51.5103,7.38588,1.23345
1.5,51.6103,7.44542,1.23102
1.5,51.7103,7.50461,1.2286
1.5,51.8103,7.56346,1.22618
1.5,51.9103,7.62196,1.22376
1.5,52.0103,7.68011,1.22135
1.5,52.1103,7.73792,1.21895
1.5,52.2103,7.79537,1.21655
1.5,52.3103,7.85248,1.21415
1.5,52.4103,7.90925,1.21176
1.5,52.5103,7.96566,1.20938
1.5,52.6103,8.02172,1.207
1.5,52.7103,8.07744,1.20462
1.5,52.8103,8.1328,1.20225
1.5,52.9103,8.18781,1.19989
1.5,53.0103,8.24247,1.19753
1.5,53.1103,8.29678,1.19518
1.5,53.2103,8.35074,1.19283
1.5,53.3103,8.40435,1.19049
1.5,53.4103,8.4576,1.18815
1.5,53.5103,8.5105,1.18581
1.5,53.6103,8.56304,1.18349
1.5,53.7103,8.61523,1.18116
1.5,53.8103,8.66706,1.17884
1.5,53.9103,8.71854,1.17653
1.5,54.0103,8.76966,1.17422
1.5,54.1103,8.82042,1.17192
1.5,54.2103,8.87083,1.16962
1.5,54.3103,8.92088,1.16732
1.5,54.4103,8.97057,1.16503
1.5,54.5103,9.0199,1.16275
1.5,54.6103,9.06887,1.16047
1.5,54.7103,9.11748,1.15819
1.5,54.8103,9.16573,1.15592
1.5,54.9103,9.21362,1.15366
1.5,55.0103,9.26114,1.1514
1.5,55.1103,9.3083,1.14914
1.5,55.2103,9.3551,1.14689
1.5,55.3103,9.40154,1.14464
1.5,55.4103,9.44761,1.1424
1.5,55.5103,9.49331,1.14017
1.5,55.6103,9.53865,1.13793
1.5,55.7103,9.58362,1.13571
1.5,55.8103,9.62822,1.13349
1.5,55.9103,9.67246,1.13127
1.5,56.0103,9.71633,1.12905
1.5,56.1103,9.75983,1.12685
1.5,56.2103,9.80295,1.12464
1.5,56.3103,9.84571,1.12244
1.5,56.4103,9.8881,1.12025
1.5,56.5103,9.93011,1.11806
1.5,56.6103,9.97175,1.11587
1.5,56.7103,10.013,1.11369
1.5,56.8103,10.0539,1.11152
1.5,56.9103,10.0944,1.10935
1.5,57.0103,10.1346,1.10718
1.5,57.1103,10.1743,1.10502
1.5,57.2103,10.2137,1.10286
1.5,57.3103,10.2527,1.10071
1.5,57.4103,10.2914,1.09856
1.5,57.5103,10.3296,1.09642
1.5,57.6103,10.3675,1.09428
1.5,57.7103,10.405,1.09215
1.5,57.8103,10.4421,1.09002
1.5,57.9103,10.4788,1.08789
1.5,58.0103,10.5151,1.08577
1.5,58.1103,10.5511,1.08366
1.5,58.2103,10.5867,1.08155
1.5,58.3103,10.6219,1.07944
1.5,58.4103,10.6567,1.07734
1.5,58.5103,10.6911,1.07524
1.5,58.6103,10.7251,1.07315
1.5,58.7103,10.7587,1.07106
1.5,58.8103,10.792,1.06898
1.5,58.9103,10.8248,1.0669
1.5,59.0103,10.8573,1.06483
1.5,59.1103,10.8894,1.06276
1.5,59.2103,10.9211,1.06069
1.5,59.3103,10.9523,1.05863
1.5,59.4103,10.9832,1.05658
1.5,59.5103,11.0137,1.05453
1.5,59.6103,11.0438,1.05248
1.5,59.7103,11.0735,1.05044
1.5,59.8103,11.1028,1.0484
1.5,59.9103,11.1317,1.04637
1.5,60.0103,11.1602,1.04434
1.5,60.1103,11.1884,1.04232
1.5,60.2103,11.2161,1.0403
1.5,60.3103,11.2434,1.03828
1.5,60.4103,11.2703,1.03627
1.5,60.5103,11.2967,1.03427
1.5,60.6103,11.3228,1.03227
1.5,60.7103,11.3485,1.03027
1.5,60.8103,11.3738,1.02828
1.5,60.9103,11.3987,1.02629
1.5,61.0103,11.4231,1.02431
1.5,61.1103,11.4472,1.02234
1.5,61.2103,11.4708,1.02036
1.5,61.3103,11.494,1.0184
1.5,61.4103,11.5168,1.01643
1.5,61.5103,11.5392,1.01447
1.5,61.6103,11.5612,1.01252
1.5,61.7103,11.5828,1.01057
1.5,61.8103,11.604,1.00863
1.5,61.9103,11.6247,1.00669
1.5,62.0103,11.645,1.00475
1.5,62.1103,11.6649,1.00282
1.5,62.2103,11.6844,1.00089
1.5,62.3103,11.7035,0.998973
1.5,62.4103,11.7221,0.997057
1.5,62.5103,11.7403,0.995145
1.5,62.6103,11.7581,0.993238
1.5,62.7103,11.7755,0.991335
1.5,62.8103,11.7925,0.989438
1.5,62.9103,11.809,0.987545
1.5,63.0103,11.8251,0.985657
1.5,63.1103,11.8408,0.983774
1.5,63.2103,11.856,0.981895
1.5,63.3103,11.8708,0.980021
1.5,63.4103,11.8852,0.978152
1.5,63.5103,11.8991,0.976288
1.5,63.6103,11.9126,0.974428
1.5,63.7103,11.9257,0.972574
1.5,63.8103,11.9384,0.970724
1.5,63.9103,11.9506,0.968879
1.5,64.0103,11.9624,0.967039
1.5,64.1103,11.9737,0.965203
1.5,64.2103,11.9846,0.963373
1.5,64.3103,11.9951,0.961547
1.5,64.4103,12.0051,0.959726
1.5,64.5103,12.0147,0.95791
1.5,64.6103,12.0238,0.956099
1.5,64.7103,12.0325,0.954293
1.5,64.8103,12.0408,0.952492
1.5,64.9103,12.0486,0.950695
1.5,65.0103,12.056,0.948904
1.5,65.1103,12.0629,0.947117
1.5,65.2103,12.0694,0.945336
1.5,65.3103,12.0754,0.943559
1.5,65.4103,12.081,0.941788
1.5,65.5103,12.0861,0.940021
1.5,65.6103,12.0908,0.938259
1.5,65.7103,12.095,0.936503
1.5,65.8103,12.0988,0.934751
1.5,65.9103,12.1021,0.933005
1.5,66.0103,12.105,0.931263
1.5,66.1103,12.1074,0.929527
1.5,66.2103,12.1094,0.927795
1.5,66.3103,12.1109,0.926069
1.5,66.4103,12.1119,0.924347
1.5,66.5103,12.1125,0.922631
1.5,66.6103,12.1127,0.92092
1.5,66.7103,12.1123,0.919214
1.5,66.8103,12.1115,0.917514
1.5,66.9103,12.1103,0.915818
1.5,67.0103,12.1086,0.914128
1.5,67.1103,12.1064,0.912442
1.5,67.2103,12.1038,0.910762
1.5,67.3103,12.1007,0.909087
1.5,67.4103,12.0971,0.907418
1.5,67.5103,12.0931,0.905753
1.5,67.6103,12.0886,0.904094
1.5,67.7103,12.0836,0.90244
1.5,67.8103,12.0782,0.900792
1.5,67.9103,12.0722,0.899148
1.5,68.0103,12.0659,0.89751
1.5,68.1103,12.059,0.895878
1.5,68.2103,12.0517,0.89425
1.5,68.3103,12.0439,0.892629
1.5,68.4103,12.0357,0.891012
1.5,68.5103,12.0269,0.889401
1.5,68.6103,12.0177,0.887795
1.5,68.7103,12.008,0.886195
1.5,68.8103,11.9979,0.8846
1.5,68.9103,11.9872,0.88301
1.5,69.0103,11.9761,0.881426
1.5,69.1103,11.9645,0.879848
1.5,69.2103,11.9525,0.878275
1.5,69.3103,11.9399,0.876707
1.5,69.4103,11.9269,0.875145
1.5,69.5103,11.9134,0.873589
1.5,69.6103,11.8994,0.872038
1.5,69.7103,11.885,0.870493
1.5,69.8103,11.87,0.868953
1.5,69.9103,11.8546,0.867419
1.5,70.0103,11.8387,0.865891
1.5,70.1103,11.8223,0.864368
1.5,70.2103,11.8054,0.862851
1.5,70.3103,11.7881,0.86134
1.5,70.4103,11.7702,0.859834
1.5,70.5103,11.7519,0.858334
1.5,70.6103,11.7331,0.85684
1.5,70.7103,11.7138,0.855352
1.5,70.8103,11.694,0.853869
1.5,70.9103,11.6738,0.852393
1.5,71.0103,11.653,0.850922
1.5,71.1103,11.6318,0.849457
1.5,71.2103,11.61,0.847997
1.5,71.3103,11.5878,0.846544
1.5,71.4103,11.5651,0.845096
1.5,71.5103,11.5419,0.843655
1.5,71.6103,11.5183,0.842219
1.5,71.7103,11.4941,0.84079
1.5,71.8103,11.4694,0.839366
1.5,71.9103,11.4443,0.837948
1.5,72.0103,11.4187,0.836537
1.5,72.1103,11.3925,0.835131
1.5,72.2103,11.3659,0.833731
1.5,72.3103,11.3388,0.832338
1.5,72.4103,11.3112,0.83095
1.5,72.5103,11.2832,0.829569
1.5,72.6103,11.2546,0.828194
1.5,72.7103,11.2255,0.826825
1.5,72.8103,11.196,0.825462
1.5,72.9103,11.1659,0.824105
1.5,73.0103,11.1354,0.822755
1.5,73.1103,11.1044,0.821411
1.5,73.2103,11.0729,0.820073
1.5,73.3103,11.0409,0.818741
1.5,73.4103,11.0084,0.817416
1.5,73.5103,10.9754,0.816097
1.5,73.6103,10.942,0.814784
1.5,73.7103,10.908,0.813478
1.5,73.8103,10.8736,0.812178
1.5,73.9103,10.8386,0.810885
1.5,74.0103,10.8032,0.809597
1.5,74.1103,10.7673,0.808317
1.5,74.2103,10.7309,0.807043
1.5,74.3103,10.694,0.805775
1.5,74.4103,10.6567,0.804514
1.5,74.5103,10.6188,0.803259
1.5,74.6103,10.5805,0.802011
1.5,74.7103,10.5416,0.80077
1.5,74.8103,10.5023,0.799535
1.5,74.9103,10.4625,0.798307
1.5,75.0103,10.4223,0.797085
1.5,75.1103,10.3815,0.79587
1.5,75.2103,10.3403,0.794662
1.5,75.3103,10.2985,0.79346
1.5,75.4103,10.2563,0.792265
1.5,75.5103,10.2136,0.791077
1.5,75.6103,10.1705,0.789896
1.5,75.7103,10.1268,0.788722
1.5,75.8103,10.0827,0.787554
1.5,75.9103,10.0381,0.786393
1.5,76.0103,9.99301,0.785239
1.5,76.1103,9.94745,0.784092
1.5,76.2103,9.90142,0.782952
1.5,76.3103,9.85492,0.781819
1.5,76.4103,9.80794,0.780693
1.5,76.5103,9.76049,0.779573
1.5,76.6103,9.71257,0.778461
1.5,76.7103,9.66418,0.777356
1.5,76.8103,9.61532,0.776258
1.5,76.9103,9.566,0.775166
1.5,77.0103,9.51621,0.774082
1.5,77.1103,9.46595,0.773005
1.5,77.2103,9.41523,0.771936
1.5,77.3103,9.36405,0.770873
1.5,77.4103,9.3124,0.769817
1.5,77.5103,9.2603,0.768769
1.5,77.6103,9.20773,0.767728
1.5,77.7103,9.15471,0.766694
1.5,77.8103,9.10124,0.765668
1.5,77.9103,9.04731,0.764649
1.5,78.0103,8.99293,0.763637
1.5,78.1103,8.93809,0.762632
1.5,78.2103,8.88281,0.761635
1.5,78.3103,8.82708,0.760645
1.5,78.4103,8.77091,0.759663
1.5,78.5103,8.71429,0.758688
1.5,78.6103,8.65722,0.75772
1.5,78.7103,8.59972,0.75676
1.5,78.8103,8.54178,0.755807
1.5,78.9103,8.4834,0.754862
1.5,79.0103,8.42459,0.753925
1.5,79.1103,8.36534,0.752995
1.5,79.2103,8.30567,0.752072
1.5,79.3103,8.24556,0.751158
1.5,79.4103,8.18503,0.750251
1.5,79.5103,8.12407,0.749351
1.5,79.6103,8.06269,0.748459
1.5,79.7103,8.00089,0.747575
1.5,79.8103,7.93867,0.746698
1.5,79.9103,7.87604,0.74583
1.5,80.0103,7.81299,0.744969
1.5,80.1103,7.74953,0.744116
1.5,80.2103,7.68567,0.74327
1.5,80.3103,7.62139,0.742433
1.5,80.4103,7.55672,0.741603
1.5,80.5103,7.49164,0.740781
1.5,80.6103,7.42616,0.739967
1.5,80.7103,7.36029,0.739161
1.5,80.8103,7.29402,0.738363
1.5,80.9103,7.22737,0.737572
1.5,81.0103,7.16032,0.73679
1.5,81.1103,7.09289,0.736016
1.5,81.2103,7.02508,0.735249
1.5,81.3103,6.95689,0.734491
1.5,81.4103,6.88832,0.733741
1.5,81.5103,6.81938,0.732999
1.5,81.6103,6.75007,0.732265
1.5,81.7103,6.68039,0.731539
1.5,81.8103,6.61034,0.730821
1.5,81.9103,6.53994,0.730111
1.5,82.0103,6.46917,0.72941
1.5,82.1103,6.39805,0.728716
1.5,82.2103,6.32658,0.728031
1.5,82.3103,6.25476,0.727354
1.5,82.4103,6.1826,0.726685
1.5,82.5103,6.11009,0.726025
1.5,82.6103,6.03724,0.725373
1.5,82.7103,5.96406,0.724729
1.5,82.8103,5.89055,0.724093
1.5,82.9103,5.8167,0.723466
1.5,83.0103,5.74254,0.722847
1.5,83.1103,5.66805,0.722236
1.5,83.2103,5.59324,0.721634
1.5,83.3103,5.51812,0.72104
1.5,83.4103,5.44269,0.720455
1.5,83.5103,5.36696,0.719878
1.5,83.6103,5.29092,0.719309
1.5,83.7103,5.21458,0.718749
1.5,83.8103,5.13795,0.718198
1.5,83.9103,5.06102,0.717655
1.5,84.0103,4.98381,0.71712
1.5,84.1103,4.90631,0.716594
1.5,84.2103,4.82854,0.716077
1.5,84.3103,4.75049,0.715568
1.5,84.4103,4.67217,0.715067
1.5,84.5103,4.59358,0.714576
1.5,84.6103,4.51472,0.714092
1.5,84.7103,4.43561,0.713618
1.5,84.8103,4.35625,0.713152
1.5,84.9103,4.27663,0.712695
1.5,85.0103,4.19677,0.712246
1.5,85.1103,4.11666,0.711806
1.5,85.2103,4.03632,0.711375
1.5,85.3103,3.95574,0.710952
1.5,85.4103,3.87493,0.710538
1.5,85.5103,3.7939,0.710133
1.5,85.6103,3.71265,0.709737
1.5,85.7103,3.63118,0.709349
1.5,85.8103,3.5495,0.70897
1.5,85.9103,3.46762,0.7086
1.5,86.0103,3.38553,0.708239
1.5,86.1103,3.30324,0.707886
1.5,86.2103,3.22076,0.707543
1.5,86.3103,3.1381,0.707208
1.5,86.4103,3.05525,0.706882
1.5,86.5103,2.97222,0.706565
1.5,86.6103,2.88901,0.706256
1.5,86.7103,2.80564,0.705957
1.5,86.8103,2.7221,0.705666
1.5,86.9103,2.6384,0.705384
1.5,87.0103,2.55454,0.705111
1.5,87.1103,2.47054,0.704847
1.5,87.2103,2.38638,0.704592
1.5,87.3103,2.30209,0.704346
1.5,87.4103,2.21766,0.704109
1.5,87.5103,2.1331,0.70388
1.5,87.6103,2.04842,0.703661
1.5,87.7103,1.96361,0.703451
1.5,87.8103,1.87869,0.703249
1.5,87.9103,1.79365,0.703056
1.5,88.0103,1.70851,0.702873
1.5,88.1103,1.62327,0.702698
1.5,88.2103,1.53793,0.702532
1.5,88.3103,1.4525,0.702376
1.5,88.4103,1.36698,0.702228
1.5,88.5103,1.28138,0.702089
1.5,88.6103,1.19571,0.70196
1.5,88.7103,1.10996,0.701839
1.5,88.8103,1.02415,0.701727
1.5,88.9103,0.938275,0.701624
1.5,89.0103,0.852346,0.70153
1.5,89.1103,0.766366,0.701446
1.5,89.2103,0.680341,0.70137
1.5,89.3103,0.594275,0.701303
1.5,89.4103,0.508173,0.701246
1.5,89.5103,0.422042,0.701197
1.5,89.6103,0.335885,0.701157
1.5,89.7103,0.249708,0.701127
1.5,89.8103,0.163516,0.701105
1.5,89.9103,0.0773141,0.701092
1.6,38.6822,0,1.6
1.6,38.7822,0.101383,1.59657
1.6,38.8822,0.202408,1.59316
1.6,38.9822,0.303076,1.58976
1.6,39.0822,0.403388,1.58636
1.6,39.1822,0.503343,1.58299
1.6,39.2822,0.602944,1.57962
1.6,39.3822,0.702191,1.57626
1.6,39.4822,0.801085,1.57292
1.6,39.5822,0.899625,1.56959
1.6,39.6822,0.997814,1.56626
1.6,39.7822,1.09565,1.56295
1.6,39.8822,1.19314,1.55965
1.6,39.9822,1.29028,1.55636
1.6,40.0822,1.38706,1.55309
1.6,40.1822,1.4835,1.54982
1.6,40.2822,1.5796,1.54656
1.6,40.3822,1.67534,1.54332
1.6,40.4822,1.77074,1.54008
1.6,40.5822,1.86579,1.53685
1.6,40.6822,1.9605,1.53364
1.6,40.7822,2.05486,1.53043
1.6,40.8822,2.14887,1.52724
1.6,40.9822,2.24255,1.52405
1.6,41.0822,2.33588,1.52087
1.6,41.1822,2.42887,1.51771
1.6,41.2822,2.52151,1.51455
1.6,41.3822,2.61382,1.5114
1.6,41.4822,2.70578,1.50826
1.6,41.5822,2.7974,1.50513
1.6,41.6822,2.88868,1.50201
1.6,41.7822,2.97963,1.4989
1.6,41.8822,3.07023,1.4958
1.6,41.9822,3.16049,1.49271
1.6,42.0822,3.25042,1.48962
1.6,42.1822,3.34001,1.48655
1.6,42.2822,3.42926,1.48348
1.6,42.3822,3.51817,1.48042
1.6,42.4822,3.60675,1.47737
1.6,42.5822,3.69499,1.47433
1.6,42.6822,3.78289,1.4713
1.6,42.7822,3.87046,1.46827
1.6,42.8822,3.95769,1.46525
1.6,42.9822,4.04459,1.46225
1.6,43.0822,4.13115,1.45925
1.6,43.1822,4.21738,1.45625
1.6,43.2822,4.30328,1.45327
1.6,43.3822,4.38884,1.45029
1.6,43.4822,4.47406,1.44732
1.6,43.5822,4.55896,1.44436
1.6,43.6822,4.64352,1.44141
1.6,43.7822,4.72775,1.43846
1.6,43.8822,4.81164,1.43552
1.6,43.9822,4.8952,1.43259
1.6,44.0822,4.97843,1.42966
1.6,44.1822,5.06133,1.42675
1.6,44.2822,5.1439,1.42384
1.6,44.3822,5.22613,1.42093
1.6,44.4822,5.30804,1.41804
1.6,44.5822,5.38961,1.41515
1.6,44.6822,5.47085,1.41227
1.6,44.7822,5.55176,1.4094
1.6,44.8822,5.63234,1.40653
1.6,44.9822,5.71259,1.40367
1.6,45.0822,5.79251,1.40081
1.6,45.1822,5.87209,1.39797
1.6,45.2822,5.95135,1.39513
1.6,45.3822,6.03027,1.39229
1.6,45.4822,6.10887,1.38947
1.6,45.5822,6.18713,1.38665
1.6,45.6822,6.26507,1.38383
1.6,45.7822,6.34267,1.38103
1.6,45.8822,6.41995,1.37823
1.6,45.9822,6.49689,1.37543
1.6,46.0822,6.5735,1.37264
1.6,46.1822,6.64978,1.36986
1.6,46.2822,6.72574,1.36709
1.6,46.3822,6.80136,1.36432
1.6,46.4822,6.87665,1.36155
1.6,46.5822,6.95161,1.3588
1.6,46.6822,7.02624,1.35605
1.6,46.7822,7.10054,1.3533
1.6,46.8822,7.17451,1.35056
1.6,46.9822,7.24815,1.34783
1.6,47.0822,7.32146,1.3451
1.6,47.1822,7.39444,1.34238
1.6,47.2822,7.46708,1.33967
1.6,47.3822,7.5394,1.33696
1.6,47.4822,7.61138,1.33425
1.6,47.5822,7.68303,1.33156
1.6,47.6822,7.75435,1.32886
1.6,47.7822,7.82534,1.32618
1.6,47.8822,7.896,1.3235
1.6,47.9822,7.96632,1.32082
1.6,48.0822,8.03632,1.31815
1.6,48.1822,8.10598,1.31549
1.6,48.2822,8.1753,1.31283
1.6,48.3822,8.2443,1.31018
1.6,48.4822,8.31296,1.30753
1.6,48.5822,8.38129,1.30489
1.6,48.6822,8.44928,1.30225
1.6,48.7822,8.51694,1.29962
1.6,48.8822,8.58426,1.29699
1.6,48.9822,8.65126,1.29437
1.6,49.0822,8.71791,1.29176
1.6,49.1822,8.78423,1.28915
1.6,49.2822,8.85022,1.28654
1.6,49.3822,8.91587,1.28394
1.6,49.4822,8.98118,1.28135
1.6,49.5822,9.04616,1.27876
1.6,49.6822,9.1108,1.27618
1.6,49.7822,9.17511,1.2736
1.6,49.8822,9.23907,1.27102
1.6,49.9822,9.3027,1.26845
1.6,50.0822,9.36599,1.26589
1.6,50.1822,9.42895,1.26333
1.6,50.2822,9.49156,1.26078
1.6,50.3822,9.55383,1.25823
1.6,50.4822,9.61577,1.25569
1.6,50.5822,9.67736,1.25315
1.6,50.6822,9.73862,1.25061
1.6,50.7822,9.79953,1.24808
1.6,50.8822,9.8601,1.24556
1.6,50.9822,9.92033,1.24304
1.6,51.0822,9.98022,1.24053
1.6,51.1822,10.0398,1.23802
1.6,51.2822,10.099,1.23551
1.6,51.3822,10.1578,1.23301
1.6,51.4822,10.2163,1.23052
1.6,51.5822,10.2745,1.22803
1.6,51.6822,10.3323,1.22554
1.6,51.7822,10.3898,1.22306
1.6,51.8822,10.4469,1.22059
1.6,51.9822,10.5037,1.21811
1.6,52.0822,10.5602,1.21565
1.6,52.1822,10.6162,1.21319
1.6,52.2822,10.672,1.21073
1.6,52.3822,10.7274,1.20828
1.6,52.4822,10.7824,1.20583
1.6,52.5822,10.8371,1.20339
1.6,52.6822,10.8915,1.20095
1.6,52.7822,10.9454,1.19851
1.6,52.8822,10.9991,1.19608
1.6,52.9822,11.0524,1.19366
1.6,53.0822,11.1053,1.19124
1.6,53.1822,11.1579,1.18882
1.6,53.2822,11.2101,1.18641
1.6,53.3822,11.262,1.184
1.6,53.4822,11.3135,1.1816
1.6,53.5822,11.3646,1.1792
1.6,53.6822,11.4154,1.17681
1.6,53.7822,11.4659,1.17442
1.6,53.8822,11.5159,1.17204
1.6,53.9822,11.5657,1.16966
1.6,54.0822,11.615,1.16728
1.6,54.1822,11.664,1.16491
1.6,54.2822,11.7127,1.16254
1.6,54.3822,11.7609,1.16018
1.6,54.4822,11.8088,1.15782
1.6,54.5822,11.8564,1.15547
1.6,54.6822,11.9036,1.15312
1.6,54.7822,11.9504,1.15078
1.6,54.8822,11.9969,1.14844
1.6,54.9822,12.0429,1.1461
1.6,55.0822,12.0887,1.14377
1.6,55.1822,12.134,1.14144
1.6,55.2822,12.179,1.13912
1.6,55.3822,12.2236,1.1368
1.6,55.4822,12.2678,1.13449
1.6,55.5822,12.3117,1.13218
1.6,55.6822,12.3552,1.12988
1.6,55.7822,12.3983,1.12758
1.6,55.8822,12.4411,1.12528
1.6,55.9822,12.4834,1.12299
1.6,56.0822,12.5254,1.1207
1.6,56.1822,12.5671,1.11842
1.6,56.2822,12.6083,1.11614
1.6,56.3822,12.6492,1.11386
1.6,56.4822,12.6897,1.11159
1.6,56.5822,12.7298,1.10933
1.6,56.6822,12.7695,1.10707
1.6,56.7822,12.8088,1.10481
1.6,56.8822,12.8478,1.10255
1.6,56.9822,12.8864,1.10031
1.6,57.0822,12.9245,1.09806
1.6,57.1822,12.9623,1.09582
1.6,57.2822,12.9998,1.09359
1.6,57.3822,13.0368,1.09135
1.6,57.4822,13.0734,1.08913
1.6,57.5822,13.1097,1.0869
1.6,57.6822,13.1455,1.08469
1.6,57.7822,13.181,1.08247
1.6,57.8822,13.2161,1.08026
1.6,57.9822,13.2508,1.07806
1.6,58.0822,13.285,1.07586
1.6,58.1822,13.3189,1.07366
1.6,58.2822,13.3524,1.07147
1.6,58.3822,13.3855,1.06928
1.6,58.4822,13.4182,1.06709
1.6,58.5822,13.4505,1.06491
1.6,58.6822,13.4824,1.06274
1.6,58.7822,13.5139,1.06057
1.6,58.8822,13.545,1.0584
1.6,58.9822,13.5757,1.05624
1.6,59.0822,13.606,1.05408
1.6,59.1822,13.6358,1.05193
1.6,59.2822,13.6653,1.04978
1.6,59.3822,13.6944,1.04763
1.6,59.4822,13.723,1.04549
1.6,59.5822,13.7513,1.04336
1.6,59.6822,13.7791,1.04122
1.6,59.7822,13.8065,1.0391
1.6,59.8822,13.8335,1.03697
1.6,59.9822,13.8601,1.03485
1.6,60.0822,13.8863,1.03274
1.6,60.1822,13.912,1.03063
1.6,60.2822,13.9373,1.02852
1.6,60.3822,13.9623,1.02642
1.6,60.4822,13.9867,1.02433
1.6,60.5822,14.0108,1.02223
1.6,60.6822,14.0345,1.02015
1.6,60.7822,14.0577,1.01806
1.6,60.8822,14.0805,1.01598
1.6,60.9822,14.1029,1.01391
1.6,61.0822,14.1248,1.01184
1.6,61.1822,14.1463,1.00977
1.6,61.2822,14.1674,1.00771
1.6,61.3822,14.1881,1.00565
1.6,61.4822,14.2083,1.0036
1.6,61.5822,14.2281,1.00155
1.6,61.6822,14.2474,0.999508
1.6,61.7822,14.2664,0.997469
1.6,61.8822,14.2848,0.995434
1.6,61.9822,14.3029,0.993404
1.6,62.0822,14.3205,0.991378
1.6,62.1822,14.3376,0.989357
1.6,62.2822,14.3544,0.987341
1.6,62.3822,14.3706,0.985328
1.6,62.4822,14.3865,0.983321
1.6,62.5822,14.4019,0.981318
1.6,62.6822,14.4168,0.979319
1.6,62.7822,14.4313,0.977325
1.6,62.8822,14.4453,0.975336
1.6,62.9822,14.4589,0.973351
1.6,63.0822,14.4721,0.971371
1.6,63.1822,14.4848,0.969395
1.6,63.2822,14.497,0.967424
1.6,63.3822,14.5088,0.965458
1.6,63.4822,14.5201,0.963496
1.6,63.5822,14.531,0.961539
1.6,63.6822,14.5414,0.959587
1.6,63.7822,14.5513,0.957639
1.6,63.8822,14.5608,0.955696
1.6,63.9822,14.5698,0.953758
1.6,64.0822,14.5784,0.951824
1.6,64.1822,14.5864,0.949895
1.6,64.2822,14.5941,0.947971
1.6,64.3822,14.6012,0.946051
1.6,64.4822,14.6079,0.944137
1.6,64.5822,14.6141,0.942227
1.6,64.6822,14.6198,0.940322
1.6,64.7822,14.6251,0.938421
1.6,64.8822,14.6299,0.936526
1.6,64.9822,14.6342,0.934635
1.6,65.0822,14.6381,0.932749
1.6,65.1822,14.6414,0.930868
1.6,65.2822,14.6443,0.928992
1.6,65.3822,14.6467,0.927121
1.6,65.4822,14.6486,0.925254
1.6,65.5822,14.6501,0.923393
1.6,65.6822,14.651,0.921536
1.6,65.7822,14.6515,0.919685
1.6,65.8822,14.6515,0.917838
1.6,65.9822,14.651,0.915996
1.6,66.0822,14.65,0.914159
1.6,66.1822,14.6485,0.912328
1.6,66.2822,14.6465,0.910501
1.6,66.3822,14.644,0.908679
1.6,66.4822,14.641,0.906862
1.6,66.5822,14.6376,0.905051
1.6,66.6822,14.6336,0.903244
1.6,66.7822,14.6292,0.901443
1.6,66.8822,14.6242,0.899646
1.6,66.9822,14.6187,0.897855
1.6,67.0822,14.6128,0.896069
1.6,67.1822,14.6063,0.894288
1.6,67.2822,14.5993,0.892512
1.6,67.3822,14.5919,0.890742
1.6,67.4822,14.5839,0.888976
1.6,67.5822,14.5754,0.887216
1.6,67.6822,14.5664,0.885461
1.6,67.7822,14.5569,0.883711
1.6,67.8822,14.5469,0.881967
1.6,67.9822,14.5364,0.880228
1.6,68.0822,14.5253,0.878494
1.6,68.1822,14.5138,0.876766
1.6,68.2822,14.5017,0.875043
1.6,68.3822,14.4891,0.873325
1.6,68.4822,14.476,0.871612
1.6,68.5822,14.4624,0.869906
1.6,68.6822,14.4482,0.868204
1.6,68.7822,14.4335,0.866508
1.6,68.8822,14.4183,0.864817
1.6,68.9822,14.4026,0.863132
1.6,69.0822,14.3864,0.861452
1.6,69.1822,14.3696,0.859778
1.6,69.2822,14.3523,0.85811
1.6,69.3822,14.3345,0.856447
1.6,69.4822,14.3162,0.854789
1.6,69.5822,14.2973,0.853138
1.6,69.6822,14.2779,0.851491
1.6,69.7822,14.258,0.849851
1.6,69.8822,14.2375,0.848216
1.6,69.9822,14.2165,0.846587
1.6,70.0822,14.195,0.844963
1.6,70.1822,14.1729,0.843345
1.6,70.2822,14.1503,0.841733
1.6,70.3822,14.1271,0.840127
1.6,70.4822,14.1035,0.838527
1.6,70.5822,14.0792,0.836932
1.6,70.6822,14.0545,0.835343
1.6,70.7822,14.0292,0.83376
1.6,70.8822,14.0033,0.832183
1.6,70.9822,13.977,0.830612
1.6,71.0822,13.95,0.829047
1.6,71.1822,13.9226,0.827487
1.6,71.2822,13.8945,0.825934
1.6,71.3822,13.866,0.824387
1.6,71.4822,13.8369,0.822846
1.6,71.5822,13.8072,0.82131
1.6,71.6822,13.777,0.819781
1.6,71.7822,13.7463,0.818258
1.6,71.8822,13.715,0.816741
1.6,71.9822,13.6832,0.81523
1.6,72.0822,13.6508,0.813725
1.6,72.1822,13.6178,0.812227
1.6,72.2822,13.5843,0.810734
1.6,72.3822,13.5503,0.809248
1.6,72.4822,13.5157,0.807768
1.6,72.5822,13.4806,0.806295
1.6,72.6822,13.4449,0.804828
1.6,72.7822,13.4086,0.803367
1.6,72.8822,13.3718,0.801912
1.6,72.9822,13.3345,0.800464
1.6,73.0822,13.2965,0.799022
1.6,73.1822,13.2581,0.797587
1.6,73.2822,13.2191,0.796158
1.6,73.3822,13.1795,0.794735
1.6,73.4822,13.1394,0.793319
1.6,73.5822,13.0987,0.79191
1.6,73.6822,13.0574,0.790507
1.6,73.7822,13.0156,0.789111
1.6,73.8822,12.9733,0.787721
1.6,73.9822,12.9304,0.786338
1.6,74.0822,12.8869,0.784962
1.6,74.1822,12.8429,0.783592
1.6,74.2822,12.7983,0.782229
1.6,74.3822,12.7532,0.780872
1.6,74.4822,12.7075,0.779523
1.6,74.5822,12.6613,0.77818
1.6,74.6822,12.6145,0.776844
1.6,74.7822,12.5671,0.775515
1.6,74.8822,12.5192,0.774193
1.6,74.9822,12.4708,0.772878
1.6,75.0822,12.4217,0.771569
1.6,75.1822,12.3722,0.770268
1.6,75.2822,12.322,0.768973
1.6,75.3822,12.2714,0.767686
1.6,75.4822,12.2201,0.766405
1.6,75.5822,12.1683,0.765132
1.6,75.6822,12.116,0.763865
1.6,75.7822,12.0631,0.762606
1.6,75.8822,12.0097,0.761354
1.6,75.9822,11.9557,0.760109
1.6,76.0822,11.9011,0.758871
1.6,76.1822,11.846,0.757641
1.6,76.2822,11.7904,0.756417
1.6,76.3822,11.7342,0.755201
1.6,76.4822,11.6775,0.753993
1.6,76.5822,11.6202,0.752791
1.6,76.6822,11.5624,0.751597
1.6,76.7822,11.504,0.75041
1.6,76.8822,11.4451,0.749231
1.6,76.9822,11.3856,0.748059
1.6,77.0822,11.3256,0.746895
1.6,77.1822,11.2651,0.745738
1.6,77.2822,11.204,0.744588
1.6,77.3822,11.1424,0.743447
1.6,77.4822,11.0802,0.742312
1.6,77.5822,11.0175,0.741186
1.6,77.6822,10.9543,0.740067
1.6,77.7822,10.8905,0.738955
1.6,77.8822,10.8262,0.737851
1.6,77.9822,10.7614,0.736755
1.6,78.0822,10.6961,0.735667
1.6,78.1822,10.6302,0.734587
1.6,78.2822,10.5638,0.733514
1.6,78.3822,10.4968,0.732449
1.6,78.4822,10.4294,0.731392
1.6,78.5822,10.3614,0.730343
1.6,78.6822,10.2929,0.729301
1.6,78.7822,10.2239,0.728268
1.6,78.8822,10.1544,0.727243
1.6,78.9822,10.0844,0.726225
1.6,79.0822,10.0138,0.725216
1.6,79.1822,9.94274,0.724214
1.6,79.2822,9.87118,0.723221
1.6,79.3822,9.79911,0.722236
1.6,79.4822,9.72653,0.721259
1.6,79.5822,9.65346,0.72029
1.6,79.6822,9.57988,0.719329
1.6,79.7822,9.50581,0.718377
1.6,79.8822,9.43125,0.717432
1.6,79.9822,9.3562,0.716496
1.6,80.0822,9.28065,0.715568
1.6,80.1822,9.20462,0.714649
1.6,80.2822,9.12811,0.713738
1.6,80.3822,9.05111,0.712835
1.6,80.4822,8.97364,0.71194
1.6,80.5822,8.89569,0.711054
1.6,80.6822,8.81727,0.710177
1.6,80.7822,8.73838,0.709308
1.6,80.8822,8.65902,0.708447
1.6,80.9822,8.5792,0.707595
1.6,81.0822,8.49891,0.706751
1.6,81.1822,8.41817,0.705916
1.6,81.2822,8.33698,0.70509
1.6,81.3822,8.25533,0.704272
1.6,81.4822,8.17323,0.703463
1.6,81.5822,8.09069,0.702662
1.6,81.6822,8.00771,0.70187
1.6,81.7822,7.92429,0.701087
1.6,81.8822,7.84043,0.700313
1.6,81.9822,7.75615,0.699547
1.6,82.0822,7.67143,0.698791
1.6,82.1822,7.58629,0.698043
1.6,82.2822,7.50073,0.697303
1.6,82.3822,7.41476,0.696573
1.6,82.4822,7.32837,0.695852
1.6,82.5822,7.24157,0.695139
1.6,82.6822,7.15437,0.694436
1.6,82.7822,7.06676,0.693741
1.6,82.8822,6.97876,0.693055
1.6,82.9822,6.89037,0.692379
1.6,83.0822,6.80158,0.691711
1.6,83.1822,6.71241,0.691052
1.6,83.2822,6.62286,0.690403
1.6,83.3822,6.53294,0.689762
1.6,83.4822,6.44264,0.689131
1.6,83.5822,6.35197,0.688509
1.6,83.6822,6.26094,0.687896
1.6,83.7822,6.16956,0.687292
1.6,83.8822,6.07781,0.686697
1.6,83.9822,5.98572,0.686112
1.6,84.0822,5.89328,0.685535
1.6,84.1822,5.8005,0.684968
1.6,84.2822,5.70739,0.684411
1.6,84.3822,5.61395,0.683862
1.6,84.4822,5.52017,0.683323
1.6,84.5822,5.42608,0.682793
1.6,84.6822,5.33167,0.682273
1.6,84.7822,5.23695,0.681762
1.6,84.8822,5.14192,0.68126
1.6,84.9822,5.0466,0.680768
1.6,85.0822,4.95097,0.680285
1.6,85.1822,4.85505,0.679811
1.6,85.2822,4.75885,0.679347
1.6,85.3822,4.66237,0.678893
1.6,85.4822,4.56561,0.678448
1.6,85.5822,4.46858,0.678012
1.6,85.6822,4.37129,0.677586
1.6,85.7822,4.27373,0.67717
1.6,85.8822,4.17592,0.676763
1.6,85.9822,4.07787,0.676365
1.6,86.0822,3.97957,0.675977
1.6,86.1822,3.88103,0.675599
1.6,86.2822,3.78226,0.67523
1.6,86.3822,3.68326,0.674871
1.6,86.4822,3.58405,0.674522
1.6,86.5822,3.48461,0.674182
1.6,86.6822,3.38497,0.673852
1.6,86.7822,3.28513,0.673532
1.6,86.8822,3.18508,0.673221
1.6,86.9822,3.08485,0.67292
1.6,87.0822,2.98443,0.672628
1.6,87.1822,2.88383,0.672347
1.6,87.2822,2.78305,0.672075
1.6,87.3822,2.68211,0.671813
1.6,87.4822,2.581,0.67156
1.6,87.5822,2.47973,0.671318
1.6,87.6822,2.37832,0.671085
1.6,87.7822,2.27676,0.670862
1.6,87.8822,2.17506,0.670648
1.6,87.9822,2.07323,0.670445
1.6,88.0822,1.97128,0.670251
1.6,88.1822,1.8692,0.670067
1.6,88.2822,1.76701,0.669893
1.6,88.3822,1.66472,0.669728
1.6,88.4822,1.56232,0.669574
1.6,88.5822,1.45982,0.669429
1.6,88.6822,1.35724,0.669294
1.6,88.7822,1.25457,0.669169
1.6,88.8822,1.15183,0.669054
1.6,88.9822,1.04901,0.668949
1.6,89.0822,0.946135,0.668853
1.6,89.1822,0.843198,0.668767
1.6,89.2822,0.74021,0.668692
1.6,89.3822,0.637177,0.668626
1.6,89.4822,0.534105,0.66857
1.6,89.5822,0.431,0.668524
1.6,89.6822,0.327868,0.668487
1.6,89.7822,0.224716,0.668461
1.6,89.8822,0.121551,0.668444
1.6,89.9822,0.018378,0.668438
1.7,36.0319,0,1.7
1.7,36.1319,0.108809,1.6963
1.7,36.2319,0.217245,1.6926
1.7,36.3319,0.325308,1.68893
1.7,36.4319,0.432999,1.68527
1.7,36.5319,0.54032,1.68162
1.7,36.6319,0.647273,1.67798
1.7,36.7319,0.753857,1.67436
1.7,36.8319,0.860075,1.67075
1.7,36.9319,0.965927,1.66715
1.7,37.0319,1.07141,1.66357
1.7,37.1319,1.17654,1.66
1.7,37.2319,1.2813,1.65644
1.7,37.3319,1.3857,1.6529
1.7,37.4319,1.48974,1.64937
1.7,37.5319,1.59342,1.64584
1.7,37.6319,1.69674,1.64234
1.7,37.7319,1.79971,1.63884
1.7,37.8319,1.90232,1.63535
1.7,37.9319,2.00457,1.63188
1.7,38.0319,2.10647,1.62842
1.7,38.1319,2.20801,1.62497
1.7,38.2319,2.30921,1.62153
1.7,38.3319,2.41005,1.6181
1.7,38.4319,2.51054,1.61468
1.7,38.5319,2.61068,1.61128
1.7,38.6319,2.71047,1.60788
1.7,38.7319,2.80991,1.6045
1.7,38.8319,2.90901,1.60112
1.7,38.9319,3.00775,1.59776
1.7,39.0319,3.10616,1.5944
1.7,39.1319,3.20421,1.59106
1.7,39.2319,3.30193,1.58772
1.7,39.3319,3.3993,1.5844
1.7,39.4319,3.49632,1.58108
1.7,39.5319,3.59301,1.57778
1.7,39.6319,3.68935,1.57449
1.7,39.7319,3.78535,1.5712
1.7,39.8319,3.88101,1.56792
1.7,39.9319,3.97634,1.56466
1.7,40.0319,4.07132,1.5614
1.7,40.1319,4.16596,1.55815
1.7,40.2319,4.26027,1.55491
1.7,40.3319,4.35424,1.55168
1.7,40.4319,4.44788,1.54846
1.7,40.5319,4.54118,1.54525
1.7,40.6319,4.63414,1.54204
1.7,40.7319,4.72677,1.53885
1.7,40.8319,4.81906,1.53566
1.7,40.9319,4.91103,1.53248
1.7,41.0319,5.00265,1.52931
1.7,41.1319,5.09395,1.52615
1.7,41.2319,5.18491,1.523
1.7,41.3319,5.27555,1.51985
1.7,41.4319,5.36585,1.51671
1.7,41.5319,5.45582,1.51358
1.7,41.6319,5.54546,1.51046
1.7,41.7319,5.63477,1.50735
1.7,41.8319,5.72375,1.50424
1.7,41.9319,5.8124,1.50114
1.7,42.0319,5.90072,1.49805
1.7,42.1319,5.98872,1.49497
1.7,42.2319,6.07639,1.49189
1.7,42.3319,6.16373,1.48882
1.7,42.4319,6.25074,1.48576
1.7,42.5319,6.33743,1.48271
1.7,42.6319,6.42378,1.47966
1.7,42.7319,6.50982,1.47662
1.7,42.8319,6.59553,1.47359
1.7,42.9319,6.68091,1.47056
1.7,43.0319,6.76596,1.46754
1.7,43.1319,6.8507,1.46453
1.7,43.2319,6.9351,1.46153
1.7,43.3319,7.01918,1.45853
1.7,43.4319,7.10294,1.45554
1.7,43.5319,7.18638,1.45256
1.7,43.6319,7.26948,1.44958
1.7,43.7319,7.35227,1.44661
1.7,43.8319,7.43473,1.44364
1.7,43.9319,7.51687,1.44068
1.7,44.0319,7.59869,1.43773
1.7,44.1319,7.68018,1.43479
1.7,44.2319,7.76135,1.43185
1.7,44.3319,7.8422,1.42891
1.7,44.4319,7.92272,1.42599
1.7,44.5319,8.00292,1.42307
1.7,44.6319,8.0828,1.42015
1.7,44.7319,8.16236,1.41725
1.7,44.8319,8.24159,1.41434
1.7,44.9319,8.3205,1.41145
1.7,45.0319,8.39909,1.40856
1.7,45.1319,8.47736,1.40567
1.7,45.2319,8.5553,1.4028
1.7,45.3319,8.63292,1.39992
1.7,45.4319,8.71022,1.39706
1.7,45.5319,8.7872,1.3942
1.7,45.6319,8.86386,1.39134
1.7,45.7319,8.94019,1.38849
1.7,45.8319,9.0162,1.38565
1.7,45.9319,9.09189,1.38281
1.7,46.0319,9.16725,1.37998
1.7,46.1319,9.2423,1.37715
1.7,46.2319,9.31702,1.37433
1.7,46.3319,9.39142,1.37152
1.7,46.4319,9.46549,1.36871
1.7,46.5319,9.53924,1.3659
1.7,46.6319,9.61267,1.3631
1.7,46.7319,9.68578,1.36031
1.7,46.8319,9.75856,1.35752
1.7,46.9319,9.83102,1.35474
1.7,47.0319,9.90315,1.35196
1.7,47.1319,9.97497,1.34918
1.7,47.2319,10.0465,1.34642
1.7,47.3319,10.1176,1.34365
1.7,47.4319,10.1885,1.3409
1.7,47.5319,10.259,1.33814
1.7,47.6319,10.3292,1.3354
1.7,47.7319,10.399,1.33265
1.7,47.8319,10.4686,1.32992
1.7,47.9319,10.5378,1.32719
1.7,48.0319,10.6067,1.32446
1.7,48.1319,10.6752,1.32174
1.7,48.2319,10.7435,1.31902
1.7,48.3319,10.8114,1.31631
1.7,48.4319,10.8789,1.3136
1.7,48.5319,10.9462,1.3109
1.7,48.6319,11.0131,1.3082
1.7,48.7319,11.0797,1.30551
1.7,48.8319,11.146,1.30282
1.7,48.9319,11.2119,1.30014
1.7,49.0319,11.2775,1.29746
1.7,49.1319,11.3428,1.29478
1.7,49.2319,11.4078,1.29212
1.7,49.3319,11.4724,1.28945
1.7,49.4319,11.5367,1.28679
1.7,49.5319,11.6006,1.28414
1.7,49.6319,11.6643,1.28149
1.7,49.7319,11.7276,1.27884
1.7,49.8319,11.7905,1.2762
1.7,49.9319,11.8532,1.27356
1.7,50.0319,11.9155,1.27093
1.7,50.1319,11.9774,1.2683
1.7,50.2319,12.039,1.26568
1.7,50.3319,12.1003,1.26306
1.7,50.4319,12.1613,1.26045
1.7,50.5319,12.2219,1.25784
1.7,50.6319,12.2822,1.25524
1.7,50.7319,12.3421,1.25264
1.7,50.8319,12.4018,1.25004
1.7,50.9319,12.461,1.24745
1.7,51.0319,12.52,1.24486
1.7,51.1319,12.5786,1.24228
1.7,51.2319,12.6368,1.2397
1.7,51.3319,12.6947,1.23713
1.7,51.4319,12.7523,1.23456
1.7,51.5319,12.8095,1.23199
1.7,51.6319,12.8664,1.22943
1.7,51.7319,12.923,1.22688
1.7,51.8319,12.9792,1.22432
1.7,51.9319,13.035,1.22178
1.7,52.0319,13.0906,1.21923
1.7,52.1319,13.1457,1.21669
1.7,52.2319,13.2005,1.21416
1.7,52.3319,13.255,1.21163
1.7,52.4319,13.3091,1.2091
1.7,52.5319,13.3629,1.20658
1.7,52.6319,13.4164,1.20406
1.7,52.7319,13.4694,1.20155
1.7,52.8319,13.5222,1.19904
1.7,52.9319,13.5745,1.19653
1.7,53.0319,13.6266,1.19403
1.7,53.1319,13.6783,1.19154
1.7,53.2319,13.7296,1.18904
1.7,53.3319,13.7805,1.18656
1.7,53.4319,13.8312,1.18407
1.7,53.5319,13.8814,1.18159
1.7,53.6319,13.9313,1.17912
1.7,53.7319,13.9809,1.17664
1.7,53.8319,14.03,1.17418
1.7,53.9319,14.0789,1.17171
1.7,54.0319,14.1273,1.16925
1.7,54.1319,14.1754,1.1668
1.7,54.2319,14.2232,1.16435
1.7,54.3319,14.2705,1.1619
1.7,54.4319,14.3176,1.15946
1.7,54.5319,14.3642,1.15702
1.7,54.6319,14.4105,1.15459
1.7,54.7319,14.4564,1.15216
1.7,54.8319,14.502,1.14973
1.7,54.9319,14.5472,1.14731
1.7,55.0319,14.592,1.14489
1.7,55.1319,14.6364,1.14248
1.7,55.2319,14.6805,1.14007
1.7,55.3319,14.7242,1.13766
1.7,55.4319,14.7675,1.13526
1.7,55.5319,14.8105,1.13286
1.7,55.6319,14.8531,1.13047
1.7,55.7319,14.8953,1.12808
1.7,55.8319,14.9371,1.12569
1.7,55.9319,14.9785,1.12331
1.7,56.0319,15.0196,1.12093
1.7,56.1319,15.0603,1.11856
1.7,56.2319,15.1006,1.11619
1.7,56.3319,15.1405,1.11383
1.7,56.4319,15.1801,1.11147
1.7,56.5319,15.2192,1.10911
1.7,56.6319,15.258,1.10676
1.7,56.7319,15.2964,1.10441
1.7,56.8319,15.3344,1.10206
1.7,56.9319,15.372,1.09972
1.7,57.0319,15.4092,1.09739
1.7,57.1319,15.4461,1.09505
1.7,57.2319,15.4825,1.09273
1.7,57.3319,15.5186,1.0904
1.7,57.4319,15.5542,1.08808
1.7,57.5319,15.5895,1.08577
1.7,57.6319,15.6243,1.08346
1.7,57.7319,15.6588,1.08115
1.7,57.8319,15.6928,1.07884
1.7,57.9319,15.7265,1.07654
1.7,58.0319,15.7598,1.07425
1.7,58.1319,15.7926,1.07196
1.7,58.2319,15.8251,1.06967
1.7,58.3319,15.8571,1.06739
1.7,58.4319,15.8888,1.06511
1.7,58.5319,15.92,1.06283
1.7,58.6319,15.9508,1.06056
1.7,58.7319,15.9812,1.0583
1.7,58.8319,16.0112,1.05603
1.7,58.9319,16.0408,1.05378
1.7,59.0319,16.07,1.05152
1.7,59.1319,16.0988,1.04927
1.7,59.2319,16.1271,1.04703
1.7,59.3319,16.155,1.04478
1.7,59.4319,16.1826,1.04255
1.7,59.5319,16.2096,1.04031
1.7,59.6319,16.2363,1.03808
1.7,59.7319,16.2626,1.03586
1.7,59.8319,16.2884,1.03364
1.7,59.9319,16.3138,1.03142
1.7,60.0319,16.3387,1.02921
1.7,60.1319,16.3633,1.027
1.7,60.2319,16.3874,1.0248
1.7,60.3319,16.411,1.0226
1.7,60.4319,16.4343,1.0204
1.7,60.5319,16.4571,1.01821
1.7,60.6319,16.4795,1.01602
1.7,60.7319,16.5014,1.01384
1.7,60.8319,16.5229,1.01166
1.7,60.9319,16.5439,1.00949
1.7,61.0319,16.5646,1.00732
1.7,61.1319,16.5847,1.00515
1.7,61.2319,16.6045,1.00299
1.7,61.3319,16.6237,1.00083
1.7,61.4319,16.6426,0.998682
1.7,61.5319,16.661,0.996533
1.7,61.6319,16.6789,0.994389
1.7,61.7319,16.6964,0.99225
1.7,61.8319,16.7134,0.990114
1.7,61.9319,16.73,0.987983
1.7,62.0319,16.7461,0.985857
1.7,62.1319,16.7618,0.983734
1.7,62.2319,16.777,0.981617
1.7,62.3319,16.7917,0.979503
1.7,62.4319,16.806,0.977394
1.7,62.5319,16.8198,0.97529
1.7,62.6319,16.8331,0.97319
1.7,62.7319,16.846,0.971094
1.7,62.8319,16.8584,0.969003
1.7,62.9319,16.8704,0.966916
1.7,63.0319,16.8819,0.964834
1.7,63.1319,16.8929,0.962756
1.7,63.2319,16.9034,0.960683
1.7,63.3319,16.9134,0.958614
1.7,63.4319,16.923,0.95655
1.7,63.5319,16.9321,0.95449
1.7,63.6319,16.9407,0.952435
1.7,63.7319,16.9488,0.950385
1.7,63.8319,16.9565,0.948339
1.7,63.9319,16.9636,0.946298
1.7,64.0319,16.9703,0.944261
1.7,64.1319,16.9765,0.942229
1.7,64.2319,16.9822,0.940202
1.7,64.3319,16.9874,0.938179
1.7,64.4319,16.9921,0.936161
1.7,64.5319,16.9963,0.934147
1.7,64.6319,17,0.932139
1.7,64.7319,17.0032,0.930135
1.7,64.8319,17.0059,0.928136
1.7,64.9319,17.0081,0.926141
1.7,65.0319,17.0098,0.924152
1.7,65.1319,17.011,0.922167
1.7,65.2319,17.0117,0.920187
1.7,65.3319,17.0119,0.918211
1.7,65.4319,17.0116,0.916241
1.7,65.5319,17.0108,0.914275
1.7,65.6319,17.0094,0.912314
1.7,65.7319,17.0076,0.910359
1.7,65.8319,17.0052,0.908408
1.7,65.9319,17.0023,0.906461
1.7,66.0319,16.9989,0.90452
1.7,66.1319,16.9949,0.902584
1.7,66.2319,16.9905,0.900653
1.7,66.3319,16.9855,0.898727
1.7,66.4319,16.98,0.896805
1.7,66.5319,16.9739,0.894889
1.7,66.6319,16.9674,0.892978
1.7,66.7319,16.9603,0.891072
1.7,66.8319,16.9526,0.889171
1.7,66.9319,16.9445,0.887275
1.7,67.0319,16.9358,0.885384
1.7,67.1319,16.9265,0.883498
1.7,67.2319,16.9167,0.881618
1.7,67.3319,16.9064,0.879742
1.7,67.4319,16.8955,0.877872
1.7,67.5319,16.8841,0.876007
1.7,67.6319,16.8722,0.874147
1.7,67.7319,16.8597,0.872293
1.7,67.8319,16.8466,0.870443
1.7,67.9319,16.833,0.868599
1.7,68.0319,16.8188,0.866761
1.7,68.1319,16.8041,0.864927
1.7,68.2319,16.7889,0.863099
1.7,68.3319,16.773,0.861277
1.7,68.4319,16.7567,0.859459
1.7,68.5319,16.7397,0.857648
1.7,68.6319,16.7222,0.855841
1.7,68.7319,16.7042,0.85404
1.7,68.8319,16.6855,0.852245
1.7,68.9319,16.6663,0.850455
1.7,69.0319,16.6466,0.84867
1.7,69.1319,16.6262,0.846892
1.7,69.2319,16.6053,0.845118
1.7,69.3319,16.5838,0.843351
1.7,69.4319,16.5618,0.841588
1.7,69.5319,16.5392,0.839832
1.7,69.6319,16.516,0.838081
1.7,69.7319,16.4922,0.836336
1.7,69.8319,16.4678,0.834597
1.7,69.9319,16.4429,0.832863
1.7,70.0319,16.4174,0.831135
1.7,70.1319,16.3913,0.829413
1.7,70.2319,16.3646,0.827697
1.7,70.3319,16.3373,0.825986
1.7,70.4319,16.3094,0.824282
1.7,70.5319,16.281,0.822583
1.7,70.6319,16.2519,0.82089
1.7,70.7319,16.2223,0.819203
1.7,70.8319,16.192,0.817522
1.7,70.9319,16.1612,0.815847
1.7,71.0319,16.1298,0.814178
1.7,71.1319,16.0978,0.812515
1.7,71.2319,16.0652,0.810859
1.7,71.3319,16.0319,0.809208
1.7,71.4319,15.9981,0.807563
1.7,71.5319,15.9637,0.805925
1.7,71.6319,15.9287,0.804292
1.7,71.7319,15.8931,0.802666
1.7,71.8319,15.8568,0.801046
1.7,71.9319,15.82,0.799432
1.7,72.0319,15.7825,0.797825
1.7,72.1319,15.7445,0.796224
1.7,72.2319,15.7058,0.794629
1.7,72.3319,15.6665,0.793041
1.7,72.4319,15.6267,0.791459
1.7,72.5319,15.5862,0.789883
1.7,72.6319,15.5451,0.788314
1.7,72.7319,15.5033,0.786751
1.7,72.8319,15.461,0.785195
1.7,72.9319,15.418,0.783645
1.7,73.0319,15.3745,0.782102
1.7,73.1319,15.3303,0.780565
1.7,73.2319,15.2855,0.779035
1.7,73.3319,15.24,0.777512
1.7,73.4319,15.194,0.775995
1.7,73.5319,15.1473,0.774485
1.7,73.6319,15.1,0.772982
1.7,73.7319,15.0521,0.771486
1.7,73.8319,15.0036,0.769996
1.7,73.9319,14.9544,0.768513
1.7,74.0319,14.9046,0.767037
1.7,74.1319,14.8542,0.765568
1.7,74.2319,14.8032,0.764106
1.7,74.3319,14.7516,0.76265
1.7,74.4319,14.6993,0.761202
1.7,74.5319,14.6464,0.759761
1.7,74.6319,14.5928,0.758326
1.7,74.7319,14.5387,0.756899
1.7,74.8319,14.4839,0.755479
1.7,74.9319,14.4285,0.754066
1.7,75.0319,14.3724,0.75266
1.7,75.1319,14.3158,0.751261
1.7,75.2319,14.2585,0.74987
1.7,75.3319,14.2006,0.748486
1.7,75.4319,14.142,0.747109
1.7,75.5319,14.0829,0.745739
1.7,75.6319,14.0231,0.744377
1.7,75.7319,13.9626,0.743022
1.7,75.8319,13.9016,0.741674
1.7,75.9319,13.8399,0.740334
1.7,76.0319,13.7776,0.739002
1.7,76.1319,13.7146,0.737677
1.7,76.2319,13.6511,0.736359
1.7,76.3319,13.5869,0.735049
1.7,76.4319,13.5221,0.733747
1.7,76.5319,13.4567,0.732452
1.7,76.6319,13.3906,0.731165
1.7,76.7319,13.3239,0.729885
1.7,76.8319,13.2566,0.728614
1.7,76.9319,13.1887,0.72735
1.7,77.0319,13.1201,0.726094
1.7,77.1319,13.051,0.724845
1.7,77.2319,12.9812,0.723605
1.7,77.3319,12.9108,0.722372
1.7,77.4319,12.8397,0.721148
1.7,77.5319,12.7681,0.719931
1.7,77.6319,12.6958,0.718722
1.7,77.7319,12.623,0.717522
1.7,77.8319,12.5495,0.716329
1.7,77.9319,12.4754,0.715145
1.7,78.0319,12.4007,0.713968
1.7,78.1319,12.3254,0.7128
1.7,78.2319,12.2494,0.71164
1.7,78.3319,12.1729,0.710488
1.7,78.4319,12.0957,0.709345
1.7,78.5319,12.018,0.708209
1.7,78.6319,11.9397,0.707082
1.7,78.7319,11.8607,0.705964
1.7,78.8319,11.7812,0.704853
1.7,78.9319,11.701,0.703752
1.7,79.0319,11.6203,0.702658
1.7,79.1319,11.5389,0.701573
1.7,79.2319,11.457,0.700497
1.7,79.3319,11.3745,0.699429
1.7,79.4319,11.2914,0.69837
1.7,79.5319,11.2077,0.697319
1.7,79.6319,11.1235,0.696277
1.7,79.7319,11.0386,0.695244
1.7,79.8319,10.9532,0.694219
1.7,79.9319,10.8672,0.693204
1.7,80.0319,10.7806,0.692197
1.7,80.1319,10.6935,0.691198
1.7,80.2319,10.6057,0.690209
1.7,80.3319,10.5175,0.689228
1.7,80.4319,10.4286,0.688257
1.7,80.5319,10.3392,0.687294
1.7,80.6319,10.2493,0.68634
1.7,80.7319,10.1588,0.685395
1.7,80.8319,10.0677,0.68446
1.7,80.9319,9.9761,0.683533
1.7,81.0319,9.88395,0.682616
1.7,81.1319,9.79126,0.681707
1.7,81.2319,9.69803,0.680808
1.7,81.3319,9.60426,0.679918
1.7,81.4319,9.50997,0.679037
1.7,81.5319,9.41515,0.678165
1.7,81.6319,9.3198,0.677303
1.7,81.7319,9.22394,0.67645
1.7,81.8319,9.12756,0.675606
1.7,81.9319,9.03067,0.674772
1.7,82.0319,8.93327,0.673947
1.7,82.1319,8.83537,0.673131
1.7,82.2319,8.73696,0.672325
1.7,82.3319,8.63806,0.671529
1.7,82.4319,8.53867,0.670742
1.7,82.5319,8.43879,0.669964
1.7,82.6319,8.33842,0.669196
1.7,82.7319,8.23758,0.668438
1.7,82.8319,8.13627,0.667689
1.7,82.9319,8.03448,0.66695
1.7,83.0319,7.93223,0.666221
1.7,83.1319,7.82952,0.665501
1.7,83.2319,7.72635,0.664791
1.7,83.3319,7.62273,0.664091
1.7,83.4319,7.51866,0.6634
1.7,83.5319,7.41416,0.66272
1.7,83.6319,7.30921,0.662049
1.7,83.7319,7.20384,0.661388
1.7,83.8319,7.09804,0.660737
1.7,83.9319,6.99182,0.660096
1.7,84.0319,6.88518,0.659465
1.7,84.1319,6.77814,0.658844
1.7,84.2319,6.67069,0.658233
1.7,84.3319,6.56284,0.657632
1.7,84.4319,6.4546,0.657041
1.7,84.5319,6.34597,0.65646
1.7,84.6319,6.23695,0.655889
1.7,84.7319,6.12756,0.655328
1.7,84.8319,6.0178,0.654778
1.7,84.9319,5.90768,0.654237
1.7,85.0319,5.79719,0.653707
1.7,85.1319,5.68636,0.653187
1.7,85.2319,5.57517,0.652677
1.7,85.3319,5.46365,0.652177
1.7,85.4319,5.35179,0.651688
1.7,85.5319,5.2396,0.651209
1.7,85.6319,5.1271,0.65074
1.7,85.7319,5.01427,0.650281
1.7,85.8319,4.90114,0.649833
1.7,85.9319,4.7877,0.649396
1.7,86.0319,4.67397,0.648968
1.7,86.1319,4.55995,0.648551
1.7,86.2319,4.44564,0.648145
1.7,86.3319,4.33106,0.647749
1.7,86.4319,4.21621,0.647363
1.7,86.5319,4.10109,0.646988
1.7,86.6319,3.98572,0.646623
1.7,86.7319,3.8701,0.646269
1.7,86.8319,3.75424,0.645925
1.7,86.9319,3.63814,0.645592
1.7,87.0319,3.52181,0.645269
1.7,87.1319,3.40526,0.644957
1.7,87.2319,3.2885,0.644656
1.7,87.3319,3.17153,0.644365
1.7,87.4319,3.05436,0.644084
1.7,87.5319,2.937,0.643814
1.7,87.6319,2.81945,0.643555
1.7,87.7319,2.70172,0.643307
1.7,87.8319,2.58382,0.643069
1.7,87.9319,2.46576,0.642842
1.7,88.0319,2.34754,0.642625
1.7,88.1319,2.22917,0.642419
1.7,88.2319,2.11066,0.642224
1.7,88.3319,1.99202,0.64204
1.7,88.4319,1.87325,0.641866
1.7,88.5319,1.75436,0.641703
1.7,88.6319,1.63535,0.64155
1.7,88.7319,1.51625,0.641409
1.7,88.8319,1.39704,0.641278
1.7,88.9319,1.27775,0.641158
1.7,89.0319,1.15838,0.641048
1.7,89.1319,1.03893,0.640949
1.7,89.2319,0.919413,0.640861
1.7,89.3319,0.79984,0.640784
1.7,89.4319,0.680215,0.640718
1.7,89.5319,0.560546,0.640662
1.7,89.6319,0.440842,0.640617
1.7,89.7319,0.321109,0.640583
1.7,89.8319,0.201355,0.640559
1.7,89.9319,0.0815893,0.640546
1.8,33.749,9.79469e-15,1.8
1.8,33.849,0.115029,1.79602
1.8,33.949,0.229666,1.79206
1.8,34.049,0.343912,1.78812
1.8,34.149,0.457768,1.78419
1.8,34.249,0.571236,1.78027
1.8,34.349,0.684317,1.77638
1.8,34.449,0.797014,1.77249
1.8,34.549,0.909328,1.76863
1.8,34.649,1.02126,1.76477
1.8,34.749,1.13281,1.76094
1.8,34.849,1.24399,1.75711
1.8,34.949,1.35478,1.7533
1.8,35.049,1.4652,1.74951
1.8,35.149,1.57525,1.74573
1.8,35.249,1.68492,1.74196
1.8,35.349,1.79422,1.73821
1.8,35.449,1.90315,1.73447
1.8,35.549,2.01171,1.73074
1.8,35.649,2.11991,1.72703
1.8,35.749,2.22774,1.72333
1.8,35.849,2.3352,1.71964
1.8,35.949,2.4423,1.71597
1.8,36.049,2.54904,1.7123
1.8,36.149,2.65541,1.70865
1.8,36.249,2.76143,1.70501
1.8,36.349,2.86709,1.70139
1.8,36.449,2.97238,1.69777
1.8,36.549,3.07733,1.69417
1.8,36.649,3.18191,1.69058
1.8,36.749,3.28615,1.687
1.8,36.849,3.39003,1.68343
1.8,36.949,3.49356,1.67988
1.8,37.049,3.59673,1.67633
1.8,37.149,3.69956,1.67279
1.8,37.249,3.80204,1.66927
1.8,37.349,3.90417,1.66576
1.8,37.449,4.00595,1.66225
1.8,37.549,4.10739,1.65876
1.8,37.649,4.20848,1.65528
1.8,37.749,4.30923,1.65181
1.8,37.849,4.40964,1.64834
1.8,37.949,4.5097,1.64489
1.8,38.049,4.60942,1.64145
1.8,38.149,4.7088,1.63802
1.8,38.249,4.80785,1.63459
1.8,38.349,4.90655,1.63118
1.8,38.449,5.00492,1.62778
1.8,38.549,5.10295,1.62438
1.8,38.649,5.20064,1.621
1.8,38.749,5.298,1.61762
1.8,38.849,5.39502,1.61425
1.8,38.949,5.49171,1.61089
1.8,39.049,5.58807,1.60754
1.8,39.149,5.68409,1.6042
1.8,39.249,5.77978,1.60087
1.8,39.349,5.87515,1.59755
1.8,39.449,5.97018,1.59423
1.8,39.549,6.06488,1.59093
1.8,39.649,6.15925,1.58763
1.8,39.749,6.2533,1.58434
1.8,39.849,6.34702,1.58106
1.8,39.949,6.44041,1.57778
1.8,40.049,6.53347,1.57452
1.8,40.149,6.62621,1.57126
1.8,40.249,6.71863,1.56801
1.8,40.349,6.81072,1.56476
1.8,40.449,6.90248,1.56153
1.8,40.549,6.99392,1.5583
1.8,40.649,7.08504,1.55508
1.8,40.749,7.17584,1.55187
1.8,40.849,7.26631,1.54867
1.8,40.949,7.35647,1.54547
1.8,41.049,7.4463,1.54228
1.8,41.149,7.53581,1.5391
1.8,41.249,7.625,1.53592
1.8,41.349,7.71387,1.53275
1.8,41.449,7.80243,1.52959
1.8,41.549,7.89066,1.52644
1.8,41.649,7.97858,1.52329
1.8,41.749,8.06617,1.52015
1.8,41.849,8.15345,1.51701
1.8,41.949,8.24042,1.51389
1.8,42.049,8.32706,1.51076
1.8,42.149,8.41339,1.50765
1.8,42.249,8.4994,1.50454
1.8,42.349,8.5851,1.50144
1.8,42.449,8.67048,1.49835
1.8,42.549,8.75554,1.49526
1.8,42.649,8.84029,1.49218
1.8,42.749,8.92473,1.4891
1.8,42.849,9.00885,1.48603
1.8,42.949,9.09265,1.48297
1.8,43.049,9.17615,1.47991
1.8,43.149,9.25932,1.47686
1.8,43.249,9.34219,1.47381
1.8,43.349,9.42474,1.47078
1.8,43.449,9.50697,1.46774
1.8,43.549,9.58889,1.46472
1.8,43.649,9.6705,1.46169
1.8,43.749,9.7518,1.45868
1.8,43.849,9.83278,1.45567
1.8,43.949,9.91345,1.45267
1.8,44.049,9.99381,1.44967
1.8,44.149,10.0739,1.44668
1.8,44.249,10.1536,1.44369
1.8,44.349,10.233,1.44071
1.8,44.449,10.3121,1.43773
1.8,44.549,10.3909,1.43476
1.8,44.649,10.4694,1.4318
1.8,44.749,10.5476,1.42884
1.8,44.849,10.6254,1.42588
1.8,44.949,10.703,1.42293
1.8,45.049,10.7802,1.41999
1.8,45.149,10.8571,1.41705
1.8,45.249,10.9337,1.41412
1.8,45.349,11.01,1.41119
1.8,45.449,11.086,1.40827
1.8,45.549,11.1617,1.40535
1.8,45.649,11.237,1.40244
1.8,45.749,11.3121,1.39954
1.8,45.849,11.3868,1.39663
1.8,45.949,11.4612,1.39374
1.8,46.049,11.5353,1.39085
1.8,46.149,11.6091,1.38796
1.8,46.249,11.6826,1.38508
1.8,46.349,11.7557,1.3822
1.8,46.449,11.8286,1.37933
1.8,46.549,11.9011,1.37646
1.8,46.649,11.9734,1.3736
1.8,46.749,12.0453,1.37074
1.8,46.849,12.1169,1.36789
1.8,46.949,12.1881,1.36504
1.8,47.049,12.2591,1.3622
1.8,47.149,12.3297,1.35936
1.8,47.249,12.4001,1.35653
1.8,47.349,12.4701,1.3537
1.8,47.449,12.5398,1.35088
1.8,47.549,12.6092,1.34806
1.8,47.649,12.6782,1.34524
1.8,47.749,12.747,1.34243
1.8,47.849,12.8154,1.33963
1.8,47.949,12.8835,1.33682
1.8,48.049,12.9513,1.33403
1.8,48.149,13.0188,1.33124
1.8,48.249,13.0859,1.32845
1.8,48.349,13.1528,1.32567
1.8,48.449,13.2193,1.32289
1.8,48.549,13.2855,1.32011
1.8,48.649,13.3514,1.31734
1.8,48.749,13.4169,1.31458
1.8,48.849,13.4822,1.31182
1.8,48.949,13.5471,1.30906
1.8,49.049,13.6117,1.30631
1.8,49.149,13.6759,1.30356
1.8,49.249,13.7399,1.30082
1.8,49.349,13.8035,1.29808
1.8,49.449,13.8668,1.29534
1.8,49.549,13.9298,1.29261
1.8,49.649,13.9924,1.28989
1.8,49.749,14.0547,1.28717
1.8,49.849,14.1167,1.28445
1.8,49.949,14.1784,1.28173
1.8,50.049,14.2397,1.27903
1.8,50.149,14.3008,1.27632
1.8,50.249,14.3614,1.27362
1.8,50.349,14.4218,1.27092
1.8,50.449,14.4818,1.26823
1.8,50.549,14.5415,1.26554
1.8,50.649,14.6009,1.26286
1.8,50.749,14.6599,1.26018
1.8,50.849,14.7186,1.2575
1.8,50.949,14.777,1.25483
1.8,51.049,14.835,1.25216
1.8,51.149,14.8927,1.2495
1.8,51.249,14.9501,1.24684
1.8,51.349,15.0071,1.24418
1.8,51.449,15.0638,1.24153
1.8,51.549,15.1202,1.23889
1.8,51.649,15.1762,1.23624
1.8,51.749,15.2319,1.2336
1.8,51.849,15.2872,1.23097
1.8,51.949,15.3422,1.22834
1.8,52.049,15.3969,1.22571
1.8,52.149,15.4512,1.22309
1.8,52.249,15.5052,1.22047
1.8,52.349,15.5588,1.21785
1.8,52.449,15.6121,1.21524
1.8,52.549,15.665,1.21263
1.8,52.649,15.7176,1.21003
1.8,52.749,15.7699,1.20743
1.8,52.849,15.8218,1.20484
1.8,52.949,15.8733,1.20225
1.8,53.049,15.9245,1.19966
1.8,53.149,15.9754,1.19708
1.8,53.249,16.0259,1.1945
1.8,53.349,16.0761,1.19192
1.8,53.449,16.1259,1.18935
1.8,53.549,16.1753,1.18678
1.8,53.649,16.2244,1.18422
1.8,53.749,16.2732,1.18166
1.8,53.849,16.3215,1.1791
1.8,53.949,16.3696,1.17655
1.8,54.049,16.4172,1.174
1.8,54.149,16.4645,1.17146
1.8,54.249,16.5115,1.16892
1.8,54.349,16.5581,1.16638
1.8,54.449,16.6043,1.16385
1.8,54.549,16.6502,1.16132
1.8,54.649,16.6957,1.1588
1.8,54.749,16.7408,1.15628
1.8,54.849,16.7855,1.15376
1.8,54.949,16.8299,1.15125
1.8,55.049,16.874,1.14874
1.8,55.149,16.9176,1.14624
1.8,55.249,16.9609,1.14373
1.8,55.349,17.0038,1.14124
1.8,55.449,17.0464,1.13874
1.8,55.549,17.0885,1.13626
1.8,55.649,17.1303,1.13377
1.8,55.749,17.1717,1.13129
1.8,55.849,17.2128,1.12881
1.8,55.949,17.2534,1.12634
1.8,56.049,17.2937,1.12387
1.8,56.149,17.3336,1.1214
1.8,56.249,17.3731,1.11894
1.8,56.349,17.4123,1.11648
1.8,56.449,17.451,1.11403
1.8,56.549,17.4894,1.11158
1.8,56.649,17.5273,1.10913
1.8,56.749,17.5649,1.10669
1.8,56.849,17.6021,1.10425
1.8,56.949,17.6389,1.10182
1.8,57.049,17.6753,1.09939
1.8,57.149,17.7113,1.09696
1.8,57.249,17.747,1.09454
1.8,57.349,17.7822,1.09212
1.8,57.449,17.817,1.0897
1.8,57.549,17.8514,1.08729
1.8,57.649,17.8855,1.08489
1.8,57.749,17.9191,1.08248
1.8,57.849,17.9523,1.08008
1.8,57.949,17.9851,1.07769
1.8,58.049,18.0175,1.0753
1.8,58.149,18.0495,1.07291
1.8,58.249,18.0811,1.07053
1.8,58.349,18.1123,1.06815
1.8,58.449,18.1431,1.06577
1.8,58.549,18.1735,1.0634
1.8,58.649,18.2034,1.06103
1.8,58.749,18.2329,1.05867
1.8,58.849,18.262,1.05631
1.8,58.949,18.2907,1.05396
1.8,59.049,18.319,1.05161
1.8,59.149,18.3468,1.04926
1.8,59.249,18.3743,1.04692
1.8,59.349,18.4013,1.04458
1.8,59.449,18.4278,1.04224
1.8,59.549,18.454,1.03991
1.8,59.649,18.4797,1.03758
1.8,59.749,18.505,1.03526
1.8,59.849,18.5298,1.03294
1.8,59.949,18.5543,1.03063
1.8,60.049,18.5782,1.02832
1.8,60.149,18.6018,1.02601
1.8,60.249,18.6249,1.02371
1.8,60.349,18.6475,1.02141
1.8,60.449,18.6698,1.01912
1.8,60.549,18.6915,1.01683
1.8,60.649,18.7129,1.01454
1.8,60.749,18.7337,1.01226
1.8,60.849,18.7542,1.00998
1.8,60.949,18.7742,1.00771
1.8,61.049,18.7937,1.00544
1.8,61.149,18.8128,1.00318
1.8,61.249,18.8314,1.00092
1.8,61.349,18.8495,0.998659
1.8,61.449,18.8672,0.996407
1.8,61.549,18.8845,0.994159
1.8,61.649,18.9013,0.991915
1.8,61.749,18.9176,0.989676
1.8,61.849,18.9334,0.987441
1.8,61.949,18.9488,0.98521
1.8,62.049,18.9637,0.982984
1.8,62.149,18.9781,0.980762
1.8,62.249,18.9921,0.978544
1.8,62.349,19.0056,0.97633
1.8,62.449,19.0186,0.974121
1.8,62.549,19.0311,0.971916
1.8,62.649,19.0432,0.969716
1.8,62.749,19.0547,0.96752
1.8,62.849,19.0658,0.965328
1.8,62.949,19.0764,0.963141
1.8,63.049,19.0865,0.960958
1.8,63.149,19.0961,0.95878
1.8,63.249,19.1053,0.956606
1.8,63.349,19.1139,0.954437
1.8,63.449,19.122,0.952272
1.8,63.549,19.1297,0.950111
1.8,63.649,19.1368,0.947955
1.8,63.749,19.1434,0.945804
1.8,63.849,19.1496,0.943657
1.8,63.949,19.1552,0.941515
1.8,64.049,19.1603,0.939377
1.8,64.149,19.1649,0.937244
1.8,64.249,19.169,0.935115
1.8,64.349,19.1726,0.932991
1.8,64.449,19.1757,0.930872
1.8,64.549,19.1782,0.928757
1.8,64.649,19.1803,0.926647
1.8,64.749,19.1818,0.924542
1.8,64.849,19.1828,0.922441
1.8,64.949,19.1832,0.920345
1.8,65.049,19.1832,0.918254
1.8,65.149,19.1826,0.916168
1.8,65.249,19.1815,0.914086
1.8,65.349,19.1798,0.912009
1.8,65.449,19.1776,0.909937
1.8,65.549,19.1749,0.90787
1.8,65.649,19.1716,0.905808
1.8,65.749,19.1678,0.90375
1.8,65.849,19.1635,0.901698
1.8,65.949,19.1586,0.89965
1.8,66.049,19.1531,0.897607
1.8,66.149,19.1471,0.895569
1.8,66.249,19.1406,0.893536
1.8,66.349,19.1335,0.891508
1.8,66.449,19.1258,0.889485
1.8,66.549,19.1176,0.887467
1.8,66.649,19.1089,0.885454
1.8,66.749,19.0995,0.883446
1.8,66.849,19.0896,0.881444
1.8,66.949,19.0792,0.879446
1.8,67.049,19.0681,0.877453
1.8,67.149,19.0566,0.875466
1.8,67.249,19.0444,0.873484
1.8,67.349,19.0316,0.871506
1.8,67.449,19.0183,0.869534
1.8,67.549,19.0044,0.867568
1.8,67.649,18.99,0.865606
1.8,67.749,18.9749,0.86365
1.8,67.849,18.9593,0.861699
1.8,67.949,18.943,0.859754
1.8,68.049,18.9262,0.857813
1.8,68.149,18.9088,0.855878
1.8,68.249,18.8908,0.853949
1.8,68.349,18.8722,0.852025
1.8,68.449,18.853,0.850106
1.8,68.549,18.8332,0.848193
1.8,68.649,18.8129,0.846285
1.8,68.749,18.7919,0.844383
1.8,68.849,18.7703,0.842486
1.8,68.949,18.7481,0.840595
1.8,69.049,18.7253,0.838709
1.8,69.149,18.7018,0.836829
1.8,69.249,18.6778,0.834955
1.8,69.349,18.6532,0.833086
1.8,69.449,18.6279,0.831223
1.8,69.549,18.602,0.829365
1.8,69.649,18.5755,0.827514
1.8,69.749,18.5484,0.825668
1.8,69.849,18.5207,0.823827
1.8,69.949,18.4923,0.821993
1.8,70.049,18.4633,0.820165
1.8,70.149,18.4337,0.818342
1.8,70.249,18.4034,0.816525
1.8,70.349,18.3725,0.814714
1.8,70.449,18.341,0.812909
1.8,70.549,18.3088,0.81111
1.8,70.649,18.276,0.809317
1.8,70.749,18.2426,0.80753
1.8,70.849,18.2085,0.805749
1.8,70.949,18.1738,0.803975
1.8,71.049,18.1384,0.802206
1.8,71.149,18.1023,0.800443
1.8,71.249,18.0657,0.798687
1.8,71.349,18.0283,0.796937
1.8,71.449,17.9904,0.795193
1.8,71.549,17.9517,0.793455
1.8,71.649,17.9124,0.791723
1.8,71.749,17.8725,0.789998
1.8,71.849,17.8319,0.788279
1.8,71.949,17.7906,0.786567
1.8,72.049,17.7487,0.784861
1.8,72.149,17.706,0.783161
1.8,72.249,17.6628,0.781468
1.8,72.349,17.6188,0.779781
1.8,72.449,17.5742,0.778101
1.8,72.549,17.529,0.776428
1.8,72.649,17.483,0.774761
1.8,72.749,17.4364,0.7731
1.8,72.849,17.3891,0.771446
1.8,72.949,17.3411,0.769799
1.8,73.049,17.2925,0.768159
1.8,73.149,17.2431,0.766525
1.8,73.249,17.1931,0.764899
1.8,73.349,17.1424,0.763279
1.8,73.449,17.091,0.761666
1.8,73.549,17.039,0.760059
1.8,73.649,16.9862,0.75846
1.8,73.749,16.9328,0.756868
1.8,73.849,16.8787,0.755282
1.8,73.949,16.8239,0.753704
1.8,74.049,16.7684,0.752132
1.8,74.149,16.7122,0.750568
1.8,74.249,16.6553,0.749011
1.8,74.349,16.5977,0.747461
1.8,74.449,16.5394,0.745918
1.8,74.549,16.4805,0.744383
1.8,74.649,16.4208,0.742854
1.8,74.749,16.3604,0.741333
1.8,74.849,16.2994,0.73982
1.8,74.949,16.2376,0.738313
1.8,75.049,16.1752,0.736814
1.8,75.149,16.112,0.735323
1.8,75.249,16.0482,0.733839
1.8,75.349,15.9836,0.732362
1.8,75.449,15.9184,0.730893
1.8,75.549,15.8524,0.729432
1.8,75.649,15.7858,0.727978
1.8,75.749,15.7184,0.726532
1.8,75.849,15.6503,0.725093
1.8,75.949,15.5816,0.723662
1.8,76.049,15.5121,0.722239
1.8,76.149,15.442,0.720824
1.8,76.249,15.3711,0.719417
1.8,76.349,15.2995,0.718017
1.8,76.449,15.2272,0.716626
1.8,76.549,15.1543,0.715242
1.8,76.649,15.0806,0.713866
1.8,76.749,15.0062,0.712499
1.8,76.849,14.9311,0.711139
1.8,76.949,14.8553,0.709788
1.8,77.049,14.7788,0.708444
1.8,77.149,14.7016,0.707109
1.8,77.249,14.6237,0.705782
1.8,77.349,14.5451,0.704463
1.8,77.449,14.4659,0.703153
1.8,77.549,14.3859,0.701851
1.8,77.649,14.3052,0.700557
1.8,77.749,14.2238,0.699271
1.8,77.849,14.1417,0.697994
1.8,77.949,14.0589,0.696726
1.8,78.049,13.9754,0.695466
1.8,78.149,13.8913,0.694215
1.8,78.249,13.8064,0.692972
1.8,78.349,13.7209,0.691738
1.8,78.449,13.6346,0.690512
1.8,78.549,13.5477,0.689295
1.8,78.649,13.4601,0.688087
1.8,78.749,13.3718,0.686888
1.8,78.849,13.2828,0.685697
1.8,78.949,13.1931,0.684516
1.8,79.049,13.1027,0.683343
1.8,79.149,13.0117,0.682179
1.8,79.249,12.92,0.681024
1.8,79.349,12.8276,0.679879
1.8,79.449,12.7345,0.678742
1.8,79.549,12.6408,0.677614
1.8,79.649,12.5464,0.676496
1.8,79.749,12.4513,0.675386
1.8,79.849,12.3556,0.674286
1.8,79.949,12.2592,0.673195
1.8,80.049,12.1622,0.672114
1.8,80.149,12.0645,0.671041
1.8,80.249,11.9661,0.669978
1.8,80.349,11.8671,0.668925
1.8,80.449,11.7674,0.667881
1.8,80.549,11.6671,0.666846
1.8,80.649,11.5661,0.665821
1.8,80.749,11.4645,0.664805
1.8,80.849,11.3623,0.663799
1.8,80.949,11.2594,0.662803
1.8,81.049,11.1559,0.661816
1.8,81.149,11.0518,0.660839
1.8,81.249,10.9471,0.659872
1.8,81.349,10.8417,0.658914
1.8,81.449,10.7357,0.657966
1.8,81.549,10.6291,0.657028
1.8,81.649,10.5219,0.6561
1.8,81.749,10.4141,0.655182
1.8,81.849,10.3057,0.654274
1.8,81.949,10.1967,0.653376
1.8,82.049,10.0871,0.652488
1.8,82.149,9.97694,0.65161
1.8,82.249,9.86617,0.650742
1.8,82.349,9.75483,0.649884
1.8,82.449,9.64291,0.649036
1.8,82.549,9.53042,0.648199
1.8,82.649,9.41737,0.647371
1.8,82.749,9.30375,0.646554
1.8,82.849,9.18959,0.645748
1.8,82.949,9.07487,0.644951
1.8,83.049,8.95961,0.644165
1.8,83.149,8.8438,0.64339
1.8,83.249,8.72747,0.642624
1.8,83.349,8.6106,0.64187
1.8,83.449,8.49321,0.641125
1.8,83.549,8.37531,0.640392
1.8,83.649,8.25689,0.639669
1.8,83.749,8.13797,0.638956
1.8,83.849,8.01854,0.638254
1.8,83.949,7.89862,0.637563
1.8,84.049,7.77822,0.636882
1.8,84.149,7.65733,0.636212
1.8,84.249,7.53596,0.635553
1.8,84.349,7.41413,0.634905
1.8,84.449,7.29183,0.634267
1.8,84.549,7.16907,0.633641
1.8,84.649,7.04586,0.633025
1.8,84.749,6.92221,0.63242
1.8,84.849,6.79813,0.631826
1.8,84.949,6.67361,0.631243
1.8,85.049,6.54867,0.63067
1.8,85.149,6.42331,0.630109
1.8,85.249,6.29754,0.629559
1.8,85.349,6.17137,0.62902
1.8,85.449,6.0448,0.628492
1.8,85.549,5.91785,0.627975
1.8,85.649,5.79052,0.627469
1.8,85.749,5.66281,0.626975
1.8,85.849,5.53474,0.626491
1.8,85.949,5.4063,0.626019
1.8,86.049,5.27752,0.625558
1.8,86.149,5.1484,0.625108
1.8,86.249,5.01894,0.624669
1.8,86.349,4.88915,0.624242
1.8,86.449,4.75904,0.623826
1.8,86.549,4.62862,0.623421
1.8,86.649,4.4979,0.623028
1.8,86.749,4.36688,0.622646
1.8,86.849,4.23558,0.622275
1.8,86.949,4.10399,0.621916
1.8,87.049,3.97214,0.621568
1.8,87.149,3.84002,0.621232
1.8,87.249,3.70765,0.620907
1.8,87.349,3.57503,0.620593
1.8,87.449,3.44218,0.620291
1.8,87.549,3.30909,0.62
1.8,87.649,3.17579,0.619721
1.8,87.749,3.04227,0.619454
1.8,87.849,2.90856,0.619198
1.8,87.949,2.77464,0.618953
1.8,88.049,2.64055,0.61872
1.8,88.149,2.50627,0.618499
1.8,88.249,2.37183,0.618289
1.8,88.349,2.23723,0.618091
1.8,88.449,2.10248,0.617905
1.8,88.549,1.96759,0.61773
1.8,88.649,1.83256,0.617566
1.8,88.749,1.69741,0.617415
1.8,88.849,1.56215,0.617274
1.8,88.949,1.42679,0.617146
1.8,89.049,1.29132,0.617029
1.8,89.149,1.15577,0.616924
1.8,89.249,1.02014,0.616831
1.8,89.349,0.884448,0.616749
1.8,89.449,0.748692,0.616679
1.8,89.549,0.612885,0.61662
1.8,89.649,0.477037,0.616573
1.8,89.749,0.341156,0.616538
1.8,89.849,0.205253,0.616515
1.8,89.949,0.0693357,0.616503
1.9,31.7569,0,1.9
1.9,31.8569,0.120291,1.89575
1.9,31.9569,0.240167,1.89152
1.9,32.0569,0.359631,1.88731
1.9,32.1569,0.478685,1.88311
1.9,32.2569,0.59733,1.87894
1.9,32.3569,0.715569,1.87478
1.9,32.4569,0.833405,1.87064
1.9,32.5569,0.950838,1.86651
1.9,32.6569,1.06787,1.86241
1.9,32.7569,1.18451,1.85832
1.9,32.8569,1.30074,1.85424
1.9,32.9569,1.41659,1.85019
1.9,33.0569,1.53204,1.84614
1.9,33.1569,1.6471,1.84212
1.9,33.2569,1.76177,1.83811
1.9,33.3569,1.87606,1.83411
1.9,33.4569,1.98995,1.83013
1.9,33.5569,2.10347,1.82617
1.9,33.6569,2.2166,1.82222
1.9,33.7569,2.32936,1.81828
1.9,33.8569,2.44173,1.81436
1.9,33.9569,2.55373,1.81046
1.9,34.0569,2.66535,1.80656
1.9,34.1569,2.7766,1.80268
1.9,34.2569,2.88747,1.79882
1.9,34.3569,2.99798,1.79497
1.9,34.4569,3.10811,1.79113
1.9,34.5569,3.21788,1.7873
1.9,34.6569,3.32729,1.78349
1.9,34.7569,3.43632,1.77969
1.9,34.8569,3.545,1.7759
1.9,34.9569,3.65331,1.77212
1.9,35.0569,3.76126,1.76836
1.9,35.1569,3.86886,1.76461
1.9,35.2569,3.97609,1.76087
1.9,35.3569,4.08297,1.75714
1.9,35.4569,4.1895,1.75343
1.9,35.5569,4.29567,1.74972
1.9,35.6569,4.40149,1.74603
1.9,35.7569,4.50696,1.74235
1.9,35.8569,4.61207,1.73868
1.9,35.9569,4.71684,1.73502
1.9,36.0569,4.82127,1.73137
1.9,36.1569,4.92534,1.72773
1.9,36.2569,5.02907,1.7241
1.9,36.3569,5.13246,1.72048
1.9,36.4569,5.2355,1.71688
1.9,36.5569,5.33821,1.71328
1.9,36.6569,5.44057,1.70969
1.9,36.7569,5.54259,1.70612
1.9,36.8569,5.64428,1.70255
1.9,36.9569,5.74562,1.69899
1.9,37.0569,5.84663,1.69545
1.9,37.1569,5.94731,1.69191
1.9,37.2569,6.04765,1.68838
1.9,37.3569,6.14766,1.68486
1.9,37.4569,6.24733,1.68135
1.9,37.5569,6.34668,1.67785
1.9,37.6569,6.44569,1.67436
1.9,37.7569,6.54438,1.67087
1.9,37.8569,6.64273,1.6674
1.9,37.9569,6.74076,1.66393
1.9,38.0569,6.83846,1.66048
1.9,38.1569,6.93583,1.65703
1.9,38.2569,7.03288,1.65359
1.9,38.3569,7.12961,1.65015
1.9,38.4569,7.22601,1.64673
1.9,38.5569,7.32209,1.64332
1.9,38.6569,7.41784,1.63991
1.9,38.7569,7.51328,1.63651
1.9,38.8569,7.60839,1.63312
1.9,38.9569,7.70318,1.62973
1.9,39.0569,7.79766,1.62636
1.9,39.1569,7.89182,1.62299
1.9,39.2569,7.98565,1.61963
1.9,39.3569,8.07918,1.61628
1.9,39.4569,8.17238,1.61293
1.9,39.5569,8.26527,1.60959
1.9,39.6569,8.35784,1.60626
1.9,39.7569,8.4501,1.60294
1.9,39.8569,8.54205,1.59962
1.9,39.9569,8.63368,1.59631
1.9,40.0569,8.72499,1.59301
1.9,40.1569,8.816,1.58972
1.9,40.2569,8.90669,1.58643
1.9,40.3569,8.99708,1.58315
1.9,40.4569,9.08715,1.57987
1.9,40.5569,9.17691,1.5766
1.9,40.6569,9.26636,1.57334
1.9,40.7569,9.3555,1.57009
1.9,40.8569,9.44433,1.56684
1.9,40.9569,9.53286,1.5636
1.9,41.0569,9.62107,1.56036
1.9,41.1569,9.70898,1.55714
1.9,41.2569,9.79658,1.55391
1.9,41.3569,9.88387,1.5507
1.9,41.4569,9.97086,1.54749
1.9,41.5569,10.0575,1.54428
1.9,41.6569,10.1439,1.54109
1.9,41.7569,10.23,1.5379
1.9,41.8569,10.3157,1.53471
1.9,41.9569,10.4012,1.53153
1.9,42.0569,10.4864,1.52836
1.9,42.1569,10.5712,1.52519
1.9,42.2569,10.6557,1.52203
1.9,42.3569,10.74,1.51887
1.9,42.4569,10.8239,1.51572
1.9,42.5569,10.9076,1.51258
1.9,42.6569,10.9909,1.50944
1.9,42.7569,11.0739,1.50631
1.9,42.8569,11.1566,1.50318
1.9,42.9569,11.2391,1.50006
1.9,43.0569,11.3212,1.49694
1.9,43.1569,11.403,1.49383
1.9,43.2569,11.4845,1.49073
1.9,43.3569,11.5657,1.48763
1.9,43.4569,11.6466,1.48454
1.9,43.5569,11.7272,1.48145
1.9,43.6569,11.8075,1.47836
1.9,43.7569,11.8875,1.47528
1.9,43.8569,11.9672,1.47221
1.9,43.9569,12.0466,1.46914
1.9,44.0569,12.1257,1.46608
1.9,44.1569,12.2045,1.46302
1.9,44.2569,12.283,1.45997
1.9,44.3569,12.3612,1.45692
1.9,44.4569,12.4391,1.45388
1.9,44.5569,12.5167,1.45084
1.9,44.6569,12.594,1.44781
1.9,44.7569,12.671,1.44478
1.9,44.8569,12.7477,1.44176
1.9,44.9569,12.8241,1.43874
1.9,45.0569,12.9001,1.43573
1.9,45.1569,12.9759,1.43272
1.9,45.2569,13.0514,1.42972
1.9,45.3569,13.1266,1.42672
1.9,45.4569,13.2014,1.42373
1.9,45.5569,13.276,1.42074
1.9,45.6569,13.3503,1.41775
1.9,45.7569,13.4242,1.41477
1.9,45.8569,13.4979,1.4118
1.9,45.9569,13.5713,1.40883
1.9,46.0569,13.6443,1.40586
1.9,46.1569,13.7171,1.4029
1.9,46.2569,13.7895,1.39995
1.9,46.3569,13.8617,1.39699
1.9,46.4569,13.9335,1.39405
1.9,46.5569,14.005,1.3911
1.9,46.6569,14.0763,1.38816
1.9,46.7569,14.1472,1.38523
1.9,46.8569,14.2178,1.3823
1.9,46.9569,14.2881,1.37938
1.9,47.0569,14.3581,1.37646
1.9,47.1569,14.4278,1.37354
1.9,47.2569,14.4972,1.37063
1.9,47.3569,14.5663,1.36772
1.9,47.4569,14.6351,1.36482
1.9,47.5569,14.7036,1.36192
1.9,47.6569,14.7717,1.35902
1.9,47.7569,14.8396,1.35613
1.9,47.8569,14.9072,1.35325
1.9,47.9569,14.9744,1.35037
1.9,48.0569,15.0413,1.34749
1.9,48.1569,15.1079,1.34461
1.9,48.2569,15.1743,1.34175
1.9,48.3569,15.2403,1.33888
1.9,48.4569,15.3059,1.33602
1.9,48.5569,15.3713,1.33316
1.9,48.6569,15.4364,1.33031
1.9,48.7569,15.5011,1.32746
1.9,48.8569,15.5656,1.32462
1.9,48.9569,15.6297,1.32178
1.9,49.0569,15.6935,1.31894
1.9,49.1569,15.757,1.31611
1.9,49.2569,15.8202,1.31328
1.9,49.3569,15.883,1.31046
1.9,49.4569,15.9456,1.30764
1.9,49.5569,16.0078,1.30482
1.9,49.6569,16.0697,1.30201
1.9,49.7569,16.1313,1.2992
1.9,49.8569,16.1926,1.2964
1.9,49.9569,16.2535,1.2936
1.9,50.0569,16.3142,1.2908
1.9,50.1569,16.3745,1.28801
1.9,50.2569,16.4345,1.28522
1.9,50.3569,16.4941,1.28244
1.9,50.4569,16.5535,1.27966
1.9,50.5569,16.6125,1.27688
1.9,50.6569,16.6712,1.27411
1.9,50.7569,16.7296,1.27134
1.9,50.8569,16.7876,1.26858
1.9,50.9569,16.8454,1.26582
1.9,51.0569,16.9027,1.26306
1.9,51.1569,16.9598,1.26031
1.9,51.2569,17.0166,1.25756
1.9,51.3569,17.073,1.25482
1.9,51.4569,17.129,1.25208
1.9,51.5569,17.1848,1.24934
1.9,51.6569,17.2402,1.24661
1.9,51.7569,17.2953,1.24388
1.9,51.8569,17.35,1.24115
1.9,51.9569,17.4044,1.23843
1.9,52.0569,17.4585,1.23571
1.9,52.1569,17.5123,1.233
1.9,52.2569,17.5657,1.23029
1.9,52.3569,17.6187,1.22758
1.9,52.4569,17.6715,1.22488
1.9,52.5569,17.7238,1.22218
1.9,52.6569,17.7759,1.21949
1.9,52.7569,17.8276,1.2168
1.9,52.8569,17.879,1.21411
1.9,52.9569,17.93,1.21143
1.9,53.0569,17.9806,1.20875
1.9,53.1569,18.031,1.20607
1.9,53.2569,18.081,1.2034
1.9,53.3569,18.1306,1.20073
1.9,53.4569,18.1799,1.19807
1.9,53.5569,18.2288,1.19541
1.9,53.6569,18.2774,1.19275
1.9,53.7569,18.3256,1.1901
1.9,53.8569,18.3735,1.18745
1.9,53.9569,18.421,1.1848
1.9,54.0569,18.4682,1.18216
1.9,54.1569,18.515,1.17952
1.9,54.2569,18.5615,1.17689
1.9,54.3569,18.6076,1.17426
1.9,54.4569,18.6533,1.17163
1.9,54.5569,18.6987,1.16901
1.9,54.6569,18.7437,1.16639
1.9,54.7569,18.7884,1.16377
1.9,54.8569,18.8327,1.16116
1.9,54.9569,18.8766,1.15855
1.9,55.0569,18.9202,1.15595
1.9,55.1569,18.9633,1.15335
1.9,55.2569,19.0062,1.15075
1.9,55.3569,19.0486,1.14816
1.9,55.4569,19.0907,1.14557
1.9,55.5569,19.1324,1.14299
1.9,55.6569,19.1737,1.14041
1.9,55.7569,19.2147,1.13783
1.9,55.8569,19.2553,1.13526
1.9,55.9569,19.2955,1.13269
1.9,56.0569,19.3353,1.13012
1.9,56.1569,19.3748,1.12756
1.9,56.2569,19.4138,1.125
1.9,56.3569,19.4525,1.12245
1.9,56.4569,19.4908,1.1199
1.9,56.5569,19.5287,1.11735
1.9,56.6569,19.5662,1.11481
1.9,56.7569,19.6034,1.11227
1.9,56.8569,19.6401,1.10973
1.9,56.9569,19.6764,1.1072
1.9,57.0569,19.7124,1.10467
1.9,57.1569,19.748,1.10215
1.9,57.2569,19.7831,1.09963
1.9,57.3569,19.8179,1.09711
1.9,57.4569,19.8523,1.0946
1.9,57.5569,19.8862,1.09209
1.9,57.6569,19.9198,1.08959
1.9,57.7569,19.953,1.08709
1.9,57.8569,19.9857,1.08459
1.9,57.9569,20.0181,1.0821
1.9,58.0569,20.05,1.07961
1.9,58.1569,20.0816,1.07712
1.9,58.2569,20.1127,1.07464
1.9,58.3569,20.1434,1.07216
1.9,58.4569,20.1737,1.06969
1.9,58.5569,20.2036,1.06722
1.9,58.6569,20.233,1.06475
1.9,58.7569,20.2621,1.06229
1.9,58.8569,20.2907,1.05983
1.9,58.9569,20.3189,1.05738
1.9,59.0569,20.3467,1.05493
1.9,59.1569,20.374,1.05248
1.9,59.2569,20.4009,1.05004
1.9,59.3569,20.4274,1.0476
1.9,59.4569,20.4535,1.04517
1.9,59.5569,20.4791,1.04274
1.9,59.6569,20.5043,1.04031
1.9,59.7569,20.529,1.03789
1.9,59.8569,20.5534,1.03548
1.9,59.9569,20.5772,1.03306
1.9,60.0569,20.6007,1.03065
1.9,60.1569,20.6236,1.02825
1.9,60.2569,20.6462,1.02584
1.9,60.3569,20.6683,1.02345
1.9,60.4569,20.6899,1.02105
1.9,60.5569,20.7111,1.01866
1.9,60.6569,20.7319,1.01628
1.9,60.7569,20.7522,1.0139
1.9,60.8569,20.772,1.01152
1.9,60.9569,20.7914,1.00915
1.9,61.0569,20.8103,1.00678
1.9,61.1569,20.8287,1.00441
1.9,61.2569,20.8467,1.00205
1.9,61.3569,20.8642,0.999695
1.9,61.4569,20.8813,0.997343
1.9,61.5569,20.8978,0.994995
1.9,61.6569,20.9139,0.992651
1.9,61.7569,20.9296,0.990312
1.9,61.8569,20.9447,0.987976
1.9,61.9569,20.9594,0.985645
1.9,62.0569,20.9736,0.983319
1.9,62.1569,20.9873,0.980996
1.9,62.2569,21.0005,0.978678
1.9,62.3569,21.0133,0.976364
1.9,62.4569,21.0255,0.974054
1.9,62.5569,21.0373,0.971749
1.9,62.6569,21.0486,0.969448
1.9,62.7569,21.0593,0.967151
1.9,62.8569,21.0696,0.964859
1.9,62.9569,21.0794,0.962571
1.9,63.0569,21.0887,0.960287
1.9,63.1569,21.0974,0.958008
1.9,63.2569,21.1057,0.955734
1.9,63.3569,21.1135,0.953464
1.9,63.4569,21.1207,0.951198
1.9,63.5569,21.1274,0.948936
1.9,63.6569,21.1337,0.94668
1.9,63.7569,21.1394,0.944427
1.9,63.8569,21.1445,0.94218
1.9,63.9569,21.1492,0.939936
1.9,64.0569,21.1533,0.937698
1.9,64.1569,21.157,0.935464
1.9,64.2569,21.16,0.933234
1.9,64.3569,21.1626,0.931009
1.9,64.4569,21.1646,0.928789
1.9,64.5569,21.1661,0.926573
1.9,64.6569,21.167,0.924362
1.9,64.7569,21.1675,0.922156
1.9,64.8569,21.1673,0.919954
1.9,64.9569,21.1667,0.917757
1.9,65.0569,21.1654,0.915565
1.9,65.1569,21.1637,0.913378
1.9,65.2569,21.1613,0.911195
1.9,65.3569,21.1585,0.909017
1.9,65.4569,21.155,0.906844
1.9,65.5569,21.151,0.904675
1.9,65.6569,21.1465,0.902512
1.9,65.7569,21.1414,0.900353
1.9,65.8569,21.1357,0.8982
1.9,65.9569,21.1294,0.896051
1.9,66.0569,21.1226,0.893907
1.9,66.1569,21.1152,0.891768
1.9,66.2569,21.1073,0.889634
1.9,66.3569,21.0987,0.887505
1.9,66.4569,21.0896,0.885381
1.9,66.5569,21.0799,0.883262
1.9,66.6569,21.0696,0.881148
1.9,66.7569,21.0587,0.879039
1.9,66.8569,21.0472,0.876935
1.9,66.9569,21.0352,0.874836
1.9,67.0569,21.0225,0.872743
1.9,67.1569,21.0093,0.870654
1.9,67.2569,20.9954,0.868571
1.9,67.3569,20.981,0.866493
1.9,67.4569,20.9659,0.86442
1.9,67.5569,20.9502,0.862353
1.9,67.6569,20.9339,0.86029
1.9,67.7569,20.9171,0.858233
1.9,67.8569,20.8996,0.856182
1.9,67.9569,20.8814,0.854135
1.9,68.0569,20.8627,0.852094
1.9,68.1569,20.8433,0.850059
1.9,68.2569,20.8233,0.848028
1.9,68.3569,20.8027,0.846004
1.9,68.4569,20.7815,0.843984
1.9,68.5569,20.7596,0.84197
1.9,68.6569,20.7371,0.839962
1.9,68.7569,20.7139,0.837959
1.9,68.8569,20.6902,0.835962
1.9,68.9569,20.6657,0.833971
1.9,69.0569,20.6407,0.831985
1.9,69.1569,20.6149,0.830004
1.9,69.2569,20.5886,0.82803
1.9,69.3569,20.5615,0.826061
1.9,69.4569,20.5339,0.824098
1.9,69.5569,20.5055,0.82214
1.9,69.6569,20.4765,0.820188
1.9,69.7569,20.4469,0.818243
1.9,69.8569,20.4166,0.816303
1.9,69.9569,20.3856,0.814368
1.9,70.0569,20.3539,0.81244
1.9,70.1569,20.3216,0.810518
1.9,70.2569,20.2886,0.808601
1.9,70.3569,20.2549,0.806691
1.9,70.4569,20.2205,0.804787
1.9,70.5569,20.1855,0.802888
1.9,70.6569,20.1498,0.800996
1.9,70.7569,20.1134,0.79911
1.9,70.8569,20.0763,0.79723
1.9,70.9569,20.0385,0.795356
1.9,71.0569,20,0.793488
1.9,71.1569,19.9608,0.791627
1.9,71.2569,19.921,0.789772
1.9,71.3569,19.8804,0.787923
1.9,71.4569,19.8391,0.786081
1.9,71.5569,19.7971,0.784244
1.9,71.6569,19.7545,0.782415
1.9,71.7569,19.7111,0.780591
1.9,71.8569,19.667,0.778774
1.9,71.9569,19.6221,0.776964
1.9,72.0569,19.5766,0.77516
1.9,72.1569,19.5304,0.773363
1.9,72.2569,19.4834,0.771572
1.9,72.3569,19.4357,0.769788
1.9,72.4569,19.3873,0.76801
1.9,72.5569,19.3381,0.76624
1.9,72.6569,19.2883,0.764475
1.9,72.7569,19.2376,0.762718
1.9,72.8569,19.1863,0.760968
1.9,72.9569,19.1342,0.759224
1.9,73.0569,19.0814,0.757487
1.9,73.1569,19.0279,0.755757
1.9,73.2569,18.9736,0.754034
1.9,73.3569,18.9186,0.752318
1.9,73.4569,18.8628,0.750609
1.9,73.5569,18.8063,0.748907
1.9,73.6569,18.749,0.747213
1.9,73.7569,18.691,0.745525
1.9,73.8569,18.6323,0.743844
1.9,73.9569,18.5727,0.742171
1.9,74.0569,18.5125,0.740505
1.9,74.1569,18.4515,0.738846
1.9,74.2569,18.3897,0.737194
1.9,74.3569,18.3271,0.73555
1.9,74.4569,18.2638,0.733913
1.9,74.5569,18.1998,0.732284
1.9,74.6569,18.1349,0.730662
1.9,74.7569,18.0694,0.729048
1.9,74.8569,18.003,0.727441
1.9,74.9569,17.9359,0.725841
1.9,75.0569,17.868,0.72425
1.9,75.1569,17.7993,0.722666
1.9,75.2569,17.7299,0.721089
1.9,75.3569,17.6597,0.719521
1.9,75.4569,17.5887,0.71796
1.9,75.5569,17.517,0.716407
1.9,75.6569,17.4444,0.714862
1.9,75.7569,17.3711,0.713325
1.9,75.8569,17.2971,0.711795
1.9,75.9569,17.2222,0.710274
1.9,76.0569,17.1466,0.708761
1.9,76.1569,17.0702,0.707255
1.9,76.2569,16.993,0.705758
1.9,76.3569,16.915,0.704269
1.9,76.4569,16.8362,0.702789
1.9,76.5569,16.7567,0.701316
1.9,76.6569,16.6764,0.699852
1.9,76.7569,16.5953,0.698396
1.9,76.8569,16.5134,0.696948
1.9,76.9569,16.4308,0.695509
1.9,77.0569,16.3473,0.694079
1.9,77.1569,16.2631,0.692656
1.9,77.2569,16.1781,0.691243
1.9,77.3569,16.0923,0.689838
1.9,77.4569,16.0057,0.688441
1.9,77.5569,15.9184,0.687053
1.9,77.6569,15.8303,0.685674
1.9,77.7569,15.7413,0.684304
1.9,77.8569,15.6517,0.682942
1.9,77.9569,15.5612,0.68159
1.9,78.0569,15.4699,0.680246
1.9,78.1569,15.3779,0.678911
1.9,78.2569,15.2851,0.677585
1.9,78.3569,15.1915,0.676268
1.9,78.4569,15.0971,0.67496
1.9,78.5569,15.002,0.673661
1.9,78.6569,14.9061,0.672372
1.9,78.7569,14.8094,0.671091
1.9,78.8569,14.7119,0.66982
1.9,78.9569,14.6137,0.668558
1.9,79.0569,14.5147,0.667305
1.9,79.1569,14.4149,0.666062
1.9,79.2569,14.3144,0.664828
1.9,79.3569,14.2131,0.663604
1.9,79.4569,14.111,0.662389
1.9,79.5569,14.0082,0.661184
1.9,79.6569,13.9046,0.659988
1.9,79.7569,13.8003,0.658802
1.9,79.8569,13.6952,0.657626
1.9,79.9569,13.5894,0.656459
1.9,80.0569,13.4828,0.655302
1.9,80.1569,13.3754,0.654155
1.9,80.2569,13.2674,0.653017
1.9,80.3569,13.1585,0.65189
1.9,80.4569,13.049,0.650773
1.9,80.5569,12.9387,0.649665
1.9,80.6569,12.8276,0.648568
1.9,80.7569,12.7159,0.64748
1.9,80.8569,12.6034,0.646403
1.9,80.9569,12.4902,0.645336
1.9,81.0569,12.3762,0.644279
1.9,81.1569,12.2616,0.643233
1.9,81.2569,12.1462,0.642196
1.9,81.3569,12.0301,0.64117
1.9,81.4569,11.9133,0.640155
1.9,81.5569,11.7958,0.63915
1.9,81.6569,11.6777,0.638155
1.9,81.7569,11.5588,0.637171
1.9,81.8569,11.4392,0.636197
1.9,81.9569,11.319,0.635234
1.9,82.0569,11.198,0.634281
1.9,82.1569,11.0764,0.63334
1.9,82.2569,10.9541,0.632409
1.9,82.3569,10.8312,0.631488
1.9,82.4569,10.7076,0.630579
1.9,82.5569,10.5833,0.62968
1.9,82.6569,10.4584,0.628792
1.9,82.7569,10.3328,0.627915
1.9,82.8569,10.2066,0.62705
1.9,82.9569,10.0798,0.626195
1.9,83.0569,9.95233,0.625351
1.9,83.1569,9.82424,0.624518
1.9,83.2569,9.69553,0.623696
1.9,83.3569,9.5662,0.622886
1.9,83.4569,9.43627,0.622086
1.9,83.5569,9.30574,0.621298
1.9,83.6569,9.17462,0.620521
1.9,83.7569,9.04291,0.619756
1.9,83.8569,8.91062,0.619002
1.9,83.9569,8.77775,0.618259
1.9,84.0569,8.64432,0.617528
1.9,84.1569,8.51033,0.616808
1.9,84.2569,8.37578,0.616099
1.9,84.3569,8.24069,0.615402
1.9,84.4569,8.10506,0.614717
1.9,84.5569,7.96889,0.614043
1.9,84.6569,7.8322,0.613381
1.9,84.7569,7.695,0.61273
1.9,84.8569,7.55728,0.612092
1.9,84.9569,7.41906,0.611465
1.9,85.0569,7.28035,0.610849
1.9,85.1569,7.14115,0.610246
1.9,85.2569,7.00148,0.609654
1.9,85.3569,6.86133,0.609074
1.9,85.4569,6.72072,0.608506
1.9,85.5569,6.57966,0.60795
1.9,85.6569,6.43816,0.607406
1.9,85.7569,6.29621,0.606874
1.9,85.8569,6.15384,0.606353
1.9,85.9569,6.01105,0.605845
1.9,86.0569,5.86786,0.605349
1.9,86.1569,5.72425,0.604865
1.9,86.2569,5.58026,0.604393
1.9,86.3569,5.43588,0.603933
1.9,86.4569,5.29113,0.603486
1.9,86.5569,5.14602,0.60305
1.9,86.6569,5.00054,0.602627
1.9,86.7569,4.85473,0.602216
1.9,86.8569,4.70857,0.601817
1.9,86.9569,4.56209,0.60143
1.9,87.0569,4.41529,0.601056
1.9,87.1569,4.26818,0.600694
1.9,87.2569,4.12077,0.600344
1.9,87.3569,3.97308,0.600007
1.9,87.4569,3.8251,0.599682
1.9,87.5569,3.67686,0.599369
1.9,87.6569,3.52836,0.599069
1.9,87.7569,3.37961,0.598782
1.9,87.8569,3.23063,0.598506
1.9,87.9569,3.08141,0.598243
1.9,88.0569,2.93198,0.597993
1.9,88.1569,2.78234,0.597755
1.9,88.2569,2.6325,0.59753
1.9,88.3569,2.48248,0.597317
1.9,88.4569,2.33228,0.597116
1.9,88.5569,2.18192,0.596928
1.9,88.6569,2.0314,0.596753
1.9,88.7569,1.88073,0.59659
1.9,88.8569,1.72993,0.59644
1.9,88.9569,1.57901,0.596302
1.9,89.0569,1.42798,0.596177
1.9,89.1569,1.27684,0.596065
1.9,89.2569,1.12562,0.595965
1.9,89.3569,0.974308,0.595877
1.9,89.4569,0.822931,0.595802
1.9,89.5569,0.671495,0.59574
1.9,89.6569,0.520011,0.595691
1.9,89.7569,0.36849,0.595654
1.9,89.8569,0.216943,0.595629
1.9,89.9569,0.0653804,0.595618
2,30,0,2
2,30.1,0.12478,1.99548
2,30.2,0.249122,1.99097
2,30.3,0.373028,1.98649
2,30.4,0.496501,1.98203
2,30.5,0.619544,1.97759
2,30.6,0.742159,1.97317
2,30.7,0.864348,1.96877
2,30.8,0.986114,1.96439
2,30.9,1.10746,1.96003
2,31,1.22839,1.95568
2,31.1,1.3489,1.95136
2,31.2,1.469,1.94705
2,31.3,1.58868,1.94277
2,31.4,1.70796,1.9385
2,31.5,1.82683,1.93424
2,31.6,1.9453,1.93001
2,31.7,2.06336,1.92579
2,31.8,2.18103,1.92158
2,31.9,2.29829,1.9174
2,32,2.41516,1.91323
2,32.1,2.53164,1.90908
2,32.2,2.64772,1.90494
2,32.3,2.76342,1.90082
2,32.4,2.87873,1.89671
2,32.5,2.99365,1.89262
2,32.6,3.10818,1.88854
2,32.7,3.22234,1.88448
2,32.8,3.33611,1.88043
2,32.9,3.44951,1.87639
2,33,3.56253,1.87238
2,33.1,3.67517,1.86837
2,33.2,3.78744,1.86438
2,33.3,3.89934,1.8604
2,33.4,4.01087,1.85643
2,33.5,4.12204,1.85248
2,33.6,4.23283,1.84854
2,33.7,4.34327,1.84461
2,33.8,4.45334,1.8407
2,33.9,4.56304,1.8368
2,34,4.67239,1.83291
2,34.1,4.78138,1.82903
2,34.2,4.89002,1.82517
2,34.3,4.9983,1.82131
2,34.4,5.10622,1.81747
2,34.5,5.2138,1.81364
2,34.6,5.32102,1.80982
2,34.7,5.42789,1.80602
2,34.8,5.53442,1.80222
2,34.9,5.6406,1.79843
2,35,5.74643,1.79466
2,35.1,5.85193,1.7909
2,35.2,5.95707,1.78714
2,35.3,6.06188,1.7834
2,35.4,6.16635,1.77967
2,35.5,6.27048,1.77594
2,35.6,6.37427,1.77223
2,35.7,6.47773,1.76853
2,35.8,6.58085,1.76484
2,35.9,6.68364,1.76115
2,36,6.78609,1.75748
2,36.1,6.88822,1.75381
2,36.2,6.99001,1.75016
2,36.3,7.09148,1.74651
2,36.4,7.19261,1.74288
2,36.5,7.29342,1.73925
2,36.6,7.39391,1.73563
2,36.7,7.49407,1.73202
2,36.8,7.5939,1.72842
2,36.9,7.69342,1.72483
2,37,7.79261,1.72125
2,37.1,7.89148,1.71767
2,37.2,7.99003,1.7141
2,37.3,8.08826,1.71055
2,37.4,8.18617,1.707
2,37.5,8.28377,1.70345
2,37.6,8.38105,1.69992
2,37.7,8.47802,1.69639
2,37.8,8.57467,1.69288
2,37.9,8.671,1.68937
2,38,8.76703,1.68586
2,38.1,8.86274,1.68237
2,38.2,8.95814,1.67888
2,38.3,9.05323,1.6754
2,38.4,9.14801,1.67193
2,38.5,9.24248,1.66846
2,38.6,9.33664,1.665
2,38.7,9.4305,1.66155
2,38.8,9.52404,1.65811
2,38.9,9.61729,1.65467
2,39,9.71022,1.65124
2,39.1,9.80285,1.64782
2,39.2,9.89518,1.64441
2,39.3,9.9872,1.641
2,39.4,10.0789,1.63759
2,39.5,10.1703,1.6342
2,39.6,10.2615,1.63081
2,39.7,10.3523,1.62743
2,39.8,10.4428,1.62405
2,39.9,10.533,1.62068
2,40,10.6229,1.61732
2,40.1,10.7125,1.61396
2,40.2,10.8018,1.61061
2,40.3,10.8909,1.60727
2,40.4,10.9796,1.60393
2,40.5,11.068,1.6006
2,40.6,11.1561,1.59727
2,40.7,11.2439,1.59395
2,40.8,11.3315,1.59064
2,40.9,11.4187,1.58733
2,41,11.5056,1.58403
2,41.1,11.5923,1.58073
2,41.2,11.6786,1.57744
2,41.3,11.7647,1.57416
2,41.4,11.8505,1.57088
2,41.5,11.9359,1.5676
2,41.6,12.0211,1.56434
2,41.7,12.106,1.56107
2,41.8,12.1906,1.55782
2,41.9,12.2749,1.55457
2,42,12.3589,1.55132
2,42.1,12.4426,1.54808
2,42.2,12.526,1.54485
2,42.3,12.6091,1.54162
2,42.4,12.6919,1.53839
2,42.5,12.7745,1.53517
2,42.6,12.8567,1.53196
2,42.7,12.9387,1.52875
2,42.8,13.0204,1.52555
2,42.9,13.1017,1.52235
2,43,13.1828,1.51916
2,43.1,13.2636,1.51597
2,43.2,13.3441,1.51279
2,43.3,13.4244,1.50961
2,43.4,13.5043,1.50644
2,43.5,13.5839,1.50327
2,43.6,13.6633,1.50011
2,43.7,13.7423,1.49695
2,43.8,13.8211,1.49379
2,43.9,13.8995,1.49065
2,44,13.9777,1.4875
2,44.1,14.0556,1.48436
2,44.2,14.1332,1.48123
2,44.3,14.2105,1.4781
2,44.4,14.2875,1.47497
2,44.5,14.3643,1.47185
2,44.6,14.4407,1.46874
2,44.7,14.5169,1.46563
2,44.8,14.5927,1.46252
2,44.9,14.6683,1.45942
2,45,14.7436,1.45632
2,45.1,14.8185,1.45323
2,45.2,14.8932,1.45014
2,45.3,14.9676,1.44706
2,45.4,15.0417,1.44398
2,45.5,15.1156,1.44091
2,45.6,15.1891,1.43784
2,45.7,15.2623,1.43477
2,45.8,15.3353,1.43171
2,45.9,15.4079,1.42865
2,46,15.4803,1.4256
2,46.1,15.5523,1.42255
2,46.2,15.6241,1.41951
2,46.3,15.6956,1.41647
2,46.4,15.7667,1.41343
2,46.5,15.8376,1.4104
2,46.6,15.9082,1.40737
2,46.7,15.9785,1.40435
2,46.8,16.0485,1.40133
2,46.9,16.1182,1.39832
2,47,16.1876,1.39531
2,47.1,16.2567,1.3923
2,47.2,16.3256,1.3893
2,47.3,16.3941,1.3863
2,47.4,16.4623,1.38331
2,47.5,16.5302,1.38032
2,47.6,16.5978,1.37733
2,47.7,16.6652,1.37435
2,47.8,16.7322,1.37138
2,47.9,16.7989,1.3684
2,48,16.8653,1.36543
2,48.1,16.9315,1.36247
2,48.2,16.9973,1.35951
2,48.3,17.0628,1.35655
2,48.4,17.128,1.3536
2,48.5,17.1929,1.35065
2,48.6,17.2576,1.3477
2,48.7,17.3219,1.34476
2,48.8,17.3859,1.34182
2,48.9,17.4496,1.33889
2,49,17.513,1.33596
2,49.1,17.5761,1.33304
2,49.2,17.6388,1.33011
2,49.3,17.7013,1.3272
2,49.4,17.7635,1.32428
2,49.5,17.8253,1.32137
2,49.6,17.8869,1.31847
2,49.7,17.9481,1.31557
2,49.8,18.009,1.31267
2,49.9,18.0697,1.30977
2,50,18.13,1.30688
2,50.1,18.1899,1.304
2,50.2,18.2496,1.30111
2,50.3,18.309,1.29823
2,50.4,18.368,1.29536
2,50.5,18.4268,1.29249
2,50.6,18.4852,1.28962
2,50.7,18.5433,1.28676
2,50.8,18.6011,1.2839
2,50.9,18.6585,1.28104
2,51,18.7157,1.27819
2,51.1,18.7725,1.27534
2,51.2,18.829,1.27249
2,51.3,18.8851,1.26965
2,51.4,18.941,1.26681
2,51.5,18.9965,1.26398
2,51.6,19.0517,1.26115
2,51.7,19.1066,1.25832
2,51.8,19.1612,1.2555
2,51.9,19.2154,1.25268
2,52,19.2693,1.24987
2,52.1,19.3228,1.24706
2,52.2,19.3761,1.24425
2,52.3,19.429,1.24145
2,52.4,19.4816,1.23865
2,52.5,19.5338,1.23585
2,52.6,19.5857,1.23306
2,52.7,19.6373,1.23027
2,52.8,19.6885,1.22748
2,52.9,19.7394,1.2247
2,53,19.7899,1.22192
2,53.1,19.8402,1.21915
2,53.2,19.89,1.21638
2,53.3,19.9396,1.21361
2,53.4,19.9888,1.21085
2,53.5,20.0376,1.20809
2,53.6,20.0861,1.20534
2,53.7,20.1343,1.20259
2,53.8,20.1821,1.19984
2,53.9,20.2295,1.19709
2,54,20.2766,1.19435
2,54.1,20.3234,1.19162
2,54.2,20.3698,1.18888
2,54.3,20.4159,1.18615
2,54.4,20.4616,1.18343
2,54.5,20.5069,1.18071
2,54.6,20.5519,1.17799
2,54.7,20.5965,1.17527
2,54.8,20.6408,1.17256
2,54.9,20.6847,1.16986
2,55,20.7282,1.16715
2,55.1,20.7714,1.16445
2,55.2,20.8142,1.16176
2,55.3,20.8567,1.15907
2,55.4,20.8988,1.15638
2,55.5,20.9405,1.15369
2,55.6,20.9818,1.15101
2,55.7,21.0228,1.14833
2,55.8,21.0634,1.14566
2,55.9,21.1036,1.14299
2,56,21.1434,1.14032
2,56.1,21.1829,1.13766
2,56.2,21.222,1.135
2,56.3,21.2607,1.13235
2,56.4,21.299,1.1297
2,56.5,21.337,1.12705
2,56.6,21.3745,1.12441
2,56.7,21.4117,1.12177
2,56.8,21.4485,1.11913
2,56.9,21.4849,1.1165
2,57,21.5209,1.11387
2,57.1,21.5565,1.11125
2,57.2,21.5917,1.10863
2,57.3,21.6266,1.10601
2,57.4,21.661,1.1034
2,57.5,21.695,1.10079
2,57.6,21.7286,1.09818
2,57.7,21.7619,1.09558
2,57.8,21.7947,1.09298
2,57.9,21.8271,1.09039
2,58,21.8591,1.0878
2,58.1,21.8907,1.08521
2,58.2,21.9219,1.08263
2,58.3,21.9527,1.08005
2,58.4,21.983,1.07748
2,58.5,22.013,1.07491
2,58.6,22.0425,1.07234
2,58.7,22.0716,1.06978
2,58.8,22.1003,1.06722
2,58.9,22.1285,1.06467
2,59,22.1564,1.06211
2,59.1,22.1838,1.05957
2,59.2,22.2107,1.05702
2,59.3,22.2373,1.05449
2,59.4,22.2634,1.05195
2,59.5,22.2891,1.04942
2,59.6,22.3143,1.04689
2,59.7,22.3391,1.04437
2,59.8,22.3635,1.04185
2,59.9,22.3874,1.03933
2,60,22.4109,1.03682
2,60.1,22.4339,1.03431
2,60.2,22.4565,1.03181
2,60.3,22.4787,1.02931
2,60.4,22.5003,1.02682
2,60.5,22.5216,1.02433
2,60.6,22.5423,1.02184
2,60.7,22.5627,1.01936
2,60.8,22.5825,1.01688
2,60.9,22.6019,1.0144
2,61,22.6208,1.01193
2,61.1,22.6393,1.00947
2,61.2,22.6573,1.007
2,61.3,22.6748,1.00455
2,61.4,22.6918,1.00209
2,61.5,22.7084,0.999642
2,61.6,22.7245,0.997196
2,61.7,22.7401,0.994755
2,61.8,22.7552,0.992318
2,61.9,22.7698,0.989885
2,62,22.784,0.987456
2,62.1,22.7977,0.985032
2,62.2,22.8108,0.982612
2,62.3,22.8235,0.980196
2,62.4,22.8357,0.977784
2,62.5,22.8474,0.975377
2,62.6,22.8586,0.972974
2,62.7,22.8693,0.970576
2,62.8,22.8794,0.968181
2,62.9,22.8891,0.965792
2,63,22.8983,0.963406
2,63.1,22.9069,0.961025
2,63.2,22.915,0.958649
2,63.3,22.9227,0.956276
2,63.4,22.9297,0.953909
2,63.5,22.9363,0.951545
2,63.6,22.9424,0.949187
2,63.7,22.9479,0.946832
2,63.8,22.9529,0.944482
2,63.9,22.9573,0.942137
2,64,22.9612,0.939796
2,64.1,22.9646,0.93746
2,64.2,22.9675,0.935129
2,64.3,22.9698,0.932802
2,64.4,22.9715,0.930479
2,64.5,22.9727,0.928162
2,64.6,22.9734,0.925849
2,64.7,22.9735,0.92354
2,64.8,22.9731,0.921236
2,64.9,22.972,0.918937
2,65,22.9705,0.916643
2,65.1,22.9683,0.914354
2,65.2,22.9656,0.912069
2,65.3,22.9624,0.909789
2,65.4,22.9585,0.907514
2,65.5,22.9541,0.905243
2,65.6,22.9491,0.902978
2,65.7,22.9436,0.900717
2,65.8,22.9374,0.898461
2,65.9,22.9307,0.89621
2,66,22.9233,0.893964
2,66.1,22.9154,0.891723
2,66.2,22.9069,0.889487
2,66.3,22.8978,0.887256
2,66.4,22.8881,0.88503
2,66.5,22.8778,0.882809
2,66.6,22.8669,0.880593
2,66.7,22.8553,0.878382
2,66.8,22.8432,0.876176
2,66.9,22.8305,0.873976
2,67,22.8171,0.87178
2,67.1,22.8031,0.86959
2,67.2,22.7885,0.867405
2,67.3,22.7733,0.865225
2,67.4,22.7574,0.86305
2,67.5,22.7409,0.86088
2,67.6,22.7238,0.858716
2,67.7,22.7061,0.856557
2,67.8,22.6877,0.854404
2,67.9,22.6686,0.852256
2,68,22.6489,0.850113
2,68.1,22.6286,0.847976
2,68.2,22.6076,0.845844
2,68.3,22.586,0.843717
2,68.4,22.5637,0.841596
2,68.5,22.5407,0.839481
2,68.6,22.5171,0.837371
2,68.7,22.4928,0.835267
2,68.8,22.4679,0.833168
2,68.9,22.4423,0.831075
2,69,22.416,0.828987
2,69.1,22.389,0.826906
2,69.2,22.3613,0.824829
2,69.3,22.333,0.822759
2,69.4,22.304,0.820695
2,69.5,22.2743,0.818636
2,69.6,22.2438,0.816583
2,69.7,22.2127,0.814536
2,69.8,22.1809,0.812495
2,69.9,22.1484,0.81046
2,70,22.1152,0.80843
2,70.1,22.0813,0.806407
2,70.2,22.0467,0.80439
2,70.3,22.0113,0.802378
2,70.4,21.9753,0.800373
2,70.5,21.9385,0.798374
2,70.6,21.901,0.796381
2,70.7,21.8628,0.794394
2,70.8,21.8238,0.792414
2,70.9,21.7841,0.790439
2,71,21.7437,0.788471
2,71.1,21.7026,0.786509
2,71.2,21.6607,0.784554
2,71.3,21.6181,0.782605
2,71.4,21.5747,0.780662
2,71.5,21.5305,0.778726
2,71.6,21.4857,0.776796
2,71.7,21.44,0.774873
2,71.8,21.3936,0.772956
2,71.9,21.3465,0.771046
2,72,21.2986,0.769142
2,72.1,21.2499,0.767245
2,72.2,21.2005,0.765355
2,72.3,21.1502,0.763471
2,72.4,21.0993,0.761594
2,72.5,21.0475,0.759724
2,72.6,20.995,0.757861
2,72.7,20.9416,0.756005
2,72.8,20.8875,0.754156
2,72.9,20.8326,0.752313
2,73,20.777,0.750478
2,73.1,20.7205,0.748649
2,73.2,20.6632,0.746828
2,73.3,20.6051,0.745013
2,73.4,20.5463,0.743206
2,73.5,20.4866,0.741406
2,73.6,20.4261,0.739614
2,73.7,20.3649,0.737828
2,73.8,20.3028,0.73605
2,73.9,20.2399,0.734279
2,74,20.1762,0.732515
2,74.1,20.1117,0.730759
2,74.2,20.0463,0.729011
2,74.3,19.9802,0.727269
2,74.4,19.9132,0.725536
2,74.5,19.8454,0.72381
2,74.6,19.7767,0.722091
2,74.7,19.7073,0.720381
2,74.8,19.637,0.718678
2,74.9,19.5658,0.716982
2,75,19.4939,0.715295
2,75.1,19.4211,0.713615
2,75.2,19.3475,0.711943
2,75.3,19.273,0.71028
2,75.4,19.1977,0.708624
2,75.5,19.1215,0.706976
2,75.6,19.0445,0.705336
2,75.7,18.9667,0.703705
2,75.8,18.888,0.702081
2,75.9,18.8084,0.700466
2,76,18.728,0.698859
2,76.1,18.6468,0.69726
2,76.2,18.5647,0.695669
2,76.3,18.4817,0.694087
2,76.4,18.3979,0.692514
2,76.5,18.3132,0.690949
2,76.6,18.2277,0.689392
2,76.7,18.1413,0.687844
2,76.8,18.0541,0.686305
2,76.9,17.966,0.684774
2,77,17.877,0.683252
2,77.1,17.7872,0.681738
2,77.2,17.6965,0.680234
2,77.3,17.6049,0.678738
2,77.4,17.5125,0.677251
2,77.5,17.4192,0.675774
2,77.6,17.3251,0.674305
2,77.7,17.2301,0.672845
2,77.8,17.1342,0.671394
2,77.9,17.0375,0.669953
2,78,16.9399,0.668521
2,78.1,16.8414,0.667097
2,78.2,16.7421,0.665684
2,78.3,16.6419,0.664279
2,78.4,16.5409,0.662884
2,78.5,16.439,0.661499
2,78.6,16.3362,0.660122
2,78.7,16.2325,0.658756
2,78.8,16.128,0.657399
2,78.9,16.0227,0.656051
2,79,15.9165,0.654714
2,79.1,15.8094,0.653386
2,79.2,15.7015,0.652068
2,79.3,15.5927,0.65076
2,79.4,15.4831,0.649461
2,79.5,15.3726,0.648173
2,79.6,15.2612,0.646894
2,79.7,15.149,0.645626
2,79.8,15.036,0.644368
2,79.9,14.9221,0.643119
2,80,14.8074,0.641881
2,80.1,14.6918,0.640654
2,80.2,14.5754,0.639436
2,80.3,14.4582,0.638229
2,80.4,14.3401,0.637032
2,80.5,14.2212,0.635846
2,80.6,14.1015,0.63467
2,80.7,13.9809,0.633505
2,80.8,13.8595,0.632351
2,80.9,13.7373,0.631207
2,81,13.6143,0.630073
2,81.1,13.4905,0.628951
2,81.2,13.3659,0.627839
2,81.3,13.2404,0.626738
2,81.4,13.1142,0.625648
2,81.5,12.9871,0.624569
2,81.6,12.8593,0.623501
2,81.7,12.7307,0.622444
2,81.8,12.6013,0.621399
2,81.9,12.4711,0.620364
2,82,12.3401,0.61934
2,82.1,12.2084,0.618328
2,82.2,12.0759,0.617327
2,82.3,11.9426,0.616337
2,82.4,11.8086,0.615359
2,82.5,11.6738,0.614392
2,82.6,11.5383,0.613437
2,82.7,11.4021,0.612493
2,82.8,11.2651,0.611561
2,82.9,11.1274,0.61064
2,83,10.9889,0.609731
2,83.1,10.8498,0.608834
2,83.2,10.7099,0.607948
2,83.3,10.5693,0.607074
2,83.4,10.428,0.606212
2,83.5,10.2861,0.605362
2,83.6,10.1434,0.604524
2,83.7,10.0001,0.603698
2,83.8,9.85612,0.602884
2,83.9,9.71147,0.602082
2,84,9.56615,0.601292
2,84.1,9.42019,0.600515
2,84.2,9.27359,0.599749
2,84.3,9.12636,0.598996
2,84.4,8.9785,0.598255
2,84.5,8.83003,0.597526
2,84.6,8.68094,0.59681
2,84.7,8.53126,0.596106
2,84.8,8.38098,0.595414
2,84.9,8.23012,0.594735
2,85,8.07869,0.594069
2,85.1,7.92669,0.593415
2,85.2,7.77413,0.592773
2,85.3,7.62103,0.592144
2,85.4,7.46738,0.591528
2,85.5,7.31321,0.590925
2,85.6,7.15852,0.590334
2,85.7,7.00331,0.589756
2,85.8,6.84761,0.589191
2,85.9,6.69142,0.588639
2,86,6.53474,0.588099
2,86.1,6.3776,0.587573
2,86.2,6.21999,0.587059
2,86.3,6.06194,0.586558
2,86.4,5.90344,0.586071
2,86.5,5.74451,0.585596
2,86.6,5.58517,0.585134
2,86.7,5.42542,0.584686
2,86.8,5.26527,0.58425
2,86.9,5.10473,0.583828
2,87,4.94382,0.583418
2,87.1,4.78255,0.583022
2,87.2,4.62092,0.58264
2,87.3,4.45895,0.58227
2,87.4,4.29666,0.581913
2,87.5,4.13404,0.58157
2,87.6,3.97111,0.58124
2,87.7,3.80789,0.580924
2,87.8,3.64439,0.580621
2,87.9,3.48061,0.580331
2,88,3.31658,0.580054
2,88.1,3.15229,0.579791
2,88.2,2.98777,0.579541
2,88.3,2.82303,0.579305
2,88.4,2.65807,0.579082
2,88.5,2.49291,0.578873
2,88.6,2.32757,0.578677
2,88.7,2.16205,0.578494
2,88.8,1.99637,0.578325
2,88.9,1.83053,0.578169
2,89,1.66456,0.578027
2,89.1,1.49847,0.577899
2,89.2,1.33226,0.577784
2,89.3,1.16594,0.577682
2,89.4,0.999545,0.577594
2,89.5,0.83307,0.57752
2,89.6,0.666532,0.577459
2,89.7,0.499943,0.577411
2,89.8,0.333316,0.577377
2,89.9,0.166665,0.577357
2,90,1.68094e-12,0.57735
2.5,23.5782,0,2.5
2.5,23.6782,0.13971,2.49402
2.5,23.7782,0.278845,2.48808
2.5,23.8782,0.41741,2.48217
2.5,23.9782,0.555411,2.4763
2.5,24.0782,0.692852,2.47047
2.5,24.1782,0.82974,2.46467
2.5,24.2782,0.96608,2.4589
2.5,24.3782,1.10188,2.45317
2.5,24.4782,1.23713,2.44747
2.5,24.5782,1.37186,2.4418
2.5,24.6782,1.50606,2.43616
2.5,24.7782,1.63973,2.43055
2.5,24.8782,1.77289,2.42497
2.5,24.9782,1.90553,2.41942
2.5,25.0782,2.03766,2.4139
2.5,25.1782,2.16929,2.40841
2.5,25.2782,2.30042,2.40294
2.5,25.3782,2.43106,2.39751
2.5,25.4782,2.5612,2.3921
2.5,25.5782,2.69086,2.38671
2.5,25.6782,2.82003,2.38135
2.5,25.7782,2.94873,2.37602
2.5,25.8782,3.07695,2.37071
2.5,25.9782,3.2047,2.36542
2.5,26.0782,3.33199,2.36016
2.5,26.1782,3.45881,2.35492
2.5,26.2782,3.58518,2.34971
2.5,26.3782,3.71109,2.34451
2.5,26.4782,3.83656,2.33934
2.5,26.5782,3.96157,2.33419
2.5,26.6782,4.08615,2.32907
2.5,26.7782,4.21028,2.32396
2.5,26.8782,4.33398,2.31887
2.5,26.9782,4.45724,2.31381
2.5,27.0782,4.58008,2.30876
2.5,27.1782,4.70249,2.30373
2.5,27.2782,4.82448,2.29873
2.5,27.3782,4.94605,2.29374
2.5,27.4782,5.06721,2.28877
2.5,27.5782,5.18795,2.28382
2.5,27.6782,5.30829,2.27888
2.5,27.7782,5.42822,2.27397
2.5,27.8782,5.54775,2.26907
2.5,27.9782,5.66687,2.26419
2.5,28.0782,5.7856,2.25932
2.5,28.1782,5.90394,2.25447
2.5,28.2782,6.02189,2.24964
2.5,28.3782,6.13945,2.24482
2.5,28.4782,6.25662,2.24002
2.5,28.5782,6.37341,2.23524
2.5,28.6782,6.48982,2.23047
2.5,28.7782,6.60586,2.22571
2.5,28.8782,6.72152,2.22098
2.5,28.9782,6.83681,2.21625
2.5,29.0782,6.95173,2.21154
2.5,29.1782,7.06628,2.20684
2.5,29.2782,7.18047,2.20216
2.5,29.3782,7.2943,2.19749
2.5,29.4782,7.40777,2.19284
2.5,29.5782,7.52088,2.18819
2.5,29.6782,7.63364,2.18357
2.5,29.7782,7.74604,2.17895
2.5,29.8782,7.8581,2.17435
2.5,29.9782,7.96981,2.16976
2.5,30.0782,8.08117,2.16518
2.5,30.1782,8.1922,2.16061
2.5,30.2782,8.30288,2.15606
2.5,30.3782,8.41322,2.15152
2.5,30.4782,8.52322,2.14699
2.5,30.5782,8.6329,2.14247
2.5,30.6782,8.74223,2.13796
2.5,30.7782,8.85124,2.13347
2.5,30.8782,8.95992,2.12898
2.5,30.9782,9.06828,2.12451
2.5,31.0782,9.1763,2.12005
2.5,31.1782,9.28401,2.11559
2.5,31.2782,9.3914,2.11115
2.5,31.3782,9.49846,2.10672
2.5,31.4782,9.60521,2.1023
2.5,31.5782,9.71165,2.09789
2.5,31.6782,9.81777,2.09349
2.5,31.7782,9.92357,2.0891
2.5,31.8782,10.0291,2.08472
2.5,31.9782,10.1343,2.08035
2.5,32.0782,10.2391,2.07599
2.5,32.1782,10.3437,2.07164
2.5,32.2782,10.448,2.0673
2.5,32.3782,10.552,2.06296
2.5,32.4782,10.6556,2.05864
2.5,32.5782,10.759,2.05432
2.5,32.6782,10.8621,2.05002
2.5,32.7782,10.9649,2.04572
2.5,32.8782,11.0673,2.04143
2.5,32.9782,11.1695,2.03715
2.5,33.0782,11.2714,2.03288
2.5,33.1782,11.373,2.02862
2.5,33.2782,11.4744,2.02437
2.5,33.3782,11.5754,2.02012
2.5,33.4782,11.6761,2.01588
2.5,33.5782,11.7766,2.01165
2.5,33.6782,11.8768,2.00743
2.5,33.7782,11.9767,2.00322
2.5,33.8782,12.0763,1.99902
2.5,33.9782,12.1756,1.99482
2.5,34.0782,12.2747,1.99063
2.5,34.1782,12.3734,1.98645
2.5,34.2782,12.4719,1.98227
2.5,34.3782,12.5701,1.9781
2.5,34.4782,12.6681,1.97394
2.5,34.5782,12.7658,1.96979
2.5,34.6782,12.8632,1.96565
2.5,34.7782,12.9603,1.96151
2.5,34.8782,13.0572,1.95738
2.5,34.9782,13.1537,1.95326
2.5,35.0782,13.2501,1.94914
2.5,35.1782,13.3461,1.94503
2.5,35.2782,13.4419,1.94093
2.5,35.3782,13.5374,1.93683
2.5,35.4782,13.6327,1.93274
2.5,35.5782,13.7277,1.92866
2.5,35.6782,13.8224,1.92459
2.5,35.7782,13.9169,1.92052
2.5,35.8782,14.0111,1.91646
2.5,35.9782,14.105,1.9124
2.5,36.0782,14.1987,1.90835
2.5,36.1782,14.2922,1.90431
2.5,36.2782,14.3853,1.90027
2.5,36.3782,14.4782,1.89624
2.5,36.4782,14.5709,1.89222
2.5,36.5782,14.6633,1.8882
2.5,36.6782,14.7555,1.88419
2.5,36.7782,14.8474,1.88019
2.5,36.8782,14.939,1.87619
2.5,36.9782,15.0304,1.8722
2.5,37.0782,15.1215,1.86821
2.5,37.1782,15.2124,1.86423
2.5,37.2782,15.303,1.86026
2.5,37.3782,15.3934,1.85629
2.5,37.4782,15.4836,1.85233
2.5,37.5782,15.5734,1.84837
2.5,37.6782,15.6631,1.84442
2.5,37.7782,15.7525,1.84047
2.5,37.8782,15.8416,1.83653
2.5,37.9782,15.9305,1.8326
2.5,38.0782,16.0191,1.82867
2.5,38.1782,16.1075,1.82475
2.5,38.2782,16.1957,1.82083
2.5,38.3782,16.2836,1.81692
2.5,38.4782,16.3713,1.81301
2.5,38.5782,16.4587,1.80911
2.5,38.6782,16.5459,1.80522
2.5,38.7782,16.6328,1.80133
2.5,38.8782,16.7195,1.79745
2.5,38.9782,16.8059,1.79357
2.5,39.0782,16.8921,1.78969
2.5,39.1782,16.9781,1.78583
2.5,39.2782,17.0638,1.78196
2.5,39.3782,17.1493,1.77811
2.5,39.4782,17.2346,1.77425
2.5,39.5782,17.3196,1.77041
2.5,39.6782,17.4043,1.76657
2.5,39.7782,17.4888,1.76273
2.5,39.8782,17.5731,1.7589
2.5,39.9782,17.6572,1.75507
2.5,40.0782,17.741,1.75125
2.5,40.1782,17.8245,1.74743
2.5,40.2782,17.9078,1.74362
2.5,40.3782,17.9909,1.73982
2.5,40.4782,18.0738,1.73602
2.5,40.5782,18.1564,1.73222
2.5,40.6782,18.2387,1.72843
2.5,40.7782,18.3209,1.72464
2.5,40.8782,18.4028,1.72086
2.5,40.9782,18.4844,1.71708
2.5,41.0782,18.5658,1.71331
2.5,41.1782,18.647,1.70955
2.5,41.2782,18.728,1.70578
2.5,41.3782,18.8087,1.70203
2.5,41.4782,18.8891,1.69828
2.5,41.5782,18.9694,1.69453
2.5,41.6782,19.0494,1.69079
2.5,41.7782,19.1291,1.68705
2.5,41.8782,19.2086,1.68331
2.5,41.9782,19.2879,1.67959
2.5,42.0782,19.367,1.67586
2.5,42.1782,19.4458,1.67214
2.5,42.2782,19.5243,1.66843
2.5,42.3782,19.6027,1.66472
2.5,42.4782,19.6808,1.66101
2.5,42.5782,19.7586,1.65731
2.5,42.6782,19.8362,1.65362
2.5,42.7782,19.9136,1.64993
2.5,42.8782,19.9908,1.64624
2.5,42.9782,20.0677,1.64256
2.5,43.0782,20.1443,1.63888
2.5,43.1782,20.2208,1.63521
2.5,43.2782,20.297,1.63154
2.5,43.3782,20.3729,1.62788
2.5,43.4782,20.4486,1.62422
2.5,43.5782,20.5241,1.62056
2.5,43.6782,20.5993,1.61691
2.5,43.7782,20.6743,1.61327
2.5,43.8782,20.7491,1.60962
2.5,43.9782,20.8236,1.60599
2.5,44.0782,20.8979,1.60235
2.5,44.1782,20.972,1.59873
2.5,44.2782,21.0458,1.5951
2.5,44.3782,21.1193,1.59148
2.5,44.4782,21.1926,1.58787
2.5,44.5782,21.2657,1.58426
2.5,44.6782,21.3385,1.58065
2.5,44.7782,21.4111,1.57705
2.5,44.8782,21.4835,1.57345
2.5,44.9782,21.5556,1.56986
2.5,45.0782,21.6275,1.56627
2.5,45.1782,21.6991,1.56269
2.5,45.2782,21.7705,1.55911
2.5,45.3782,21.8416,1.55553
2.5,45.4782,21.9125,1.55196
2.5,45.5782,21.9832,1.54839
2.5,45.6782,22.0536,1.54483
2.5,45.7782,22.1237,1.54127
2.5,45.8782,22.1936,1.53772
2.5,45.9782,22.2633,1.53417
2.5,46.0782,22.3327,1.53062
2.5,46.1782,22.4019,1.52708
2.5,46.2782,22.4708,1.52354
2.5,46.3782,22.5395,1.52001
2.5,46.4782,22.6079,1.51648
2.5,46.5782,22.6761,1.51295
2.5,46.6782,22.744,1.50943
2.5,46.7782,22.8117,1.50592
2.5,46.8782,22.8791,1.5024
2.5,46.9782,22.9463,1.4989
2.5,47.0782,23.0132,1.49539
2.5,47.1782,23.0799,1.49189
2.5,47.2782,23.1463,1.4884
2.5,47.3782,23.2125,1.48491
2.5,47.4782,23.2784,1.48142
2.5,47.5782,23.3441,1.47794
2.5,47.6782,23.4095,1.47446
2.5,47.7782,23.4746,1.47098
2.5,47.8782,23.5395,1.46751
2.5,47.9782,23.6041,1.46405
2.5,48.0782,23.6685,1.46059
2.5,48.1782,23.7326,1.45713
2.5,48.2782,23.7964,1.45367
2.5,48.3782,23.86,1.45022
2.5,48.4782,23.9234,1.44678
2.5,48.5782,23.9864,1.44334
2.5,48.6782,24.0492,1.4399
2.5,48.7782,24.1118,1.43647
2.5,48.8782,24.1741,1.43304
2.5,48.9782,24.2361,1.42961
2.5,49.0782,24.2978,1.42619
2.5,49.1782,24.3593,1.42277
2.5,49.2782,24.4205,1.41936
2.5,49.3782,24.4815,1.41595
2.5,49.4782,24.5421,1.41255
2.5,49.5782,24.6025,1.40915
2.5,49.6782,24.6627,1.40575
2.5,49.7782,24.7225,1.40236
2.5,49.8782,24.7821,1.39897
2.5,49.9782,24.8414,1.39559
2.5,50.0782,24.9005,1.39221
2.5,50.1782,24.9593,1.38883
2.5,50.2782,25.0178,1.38546
2.5,50.3782,25.076,1.38209
2.5,50.4782,25.1339,1.37873
2.5,50.5782,25.1916,1.37537
2.5,50.6782,25.2489,1.37201
2.5,50.7782,25.306,1.36866
2.5,50.8782,25.3628,1.36531
2.5,50.9782,25.4194,1.36197
2.5,51.0782,25.4756,1.35863
2.5,51.1782,25.5316,1.35529
2.5,51.2782,25.5872,1.35196
2.5,51.3782,25.6426,1.34863
2.5,51.4782,25.6977,1.34531
2.5,51.5782,25.7525,1.34199
2.5,51.6782,25.807,1.33868
2.5,51.7782,25.8613,1.33536
2.5,51.8782,25.9152,1.33206
2.5,51.9782,25.9688,1.32875
2.5,52.0782,26.0222,1.32545
2.5,52.1782,26.0752,1.32216
2.5,52.2782,26.128,1.31887
2.5,52.3782,26.1804,1.31558
2.5,52.4782,26.2326,1.3123
2.5,52.5782,26.2844,1.30902
2.5,52.6782,26.3359,1.30574
2.5,52.7782,26.3872,1.30247
2.5,52.8782,26.4381,1.29921
2.5,52.9782,26.4887,1.29594
2.5,53.0782,26.539,1.29268
2.5,53.1782,26.5891,1.28943
2.5,53.2782,26.6387,1.28618
2.5,53.3782,26.6881,1.28293
2.5,53.4782,26.7372,1.27969
2.5,53.5782,26.786,1.27645
2.5,53.6782,26.8344,1.27322
2.5,53.7782,26.8825,1.26999
2.5,53.8782,26.9303,1.26676
2.5,53.9782,26.9778,1.26354
2.5,54.0782,27.0249,1.26032
2.5,54.1782,27.0718,1.25711
2.5,54.2782,27.1183,1.2539
2.5,54.3782,27.1645,1.25069
2.5,54.4782,27.2103,1.24749
2.5,54.5782,27.2558,1.24429
2.5,54.6782,27.301,1.2411
2.5,54.7782,27.3459,1.23791
2.5,54.8782,27.3904,1.23472
2.5,54.9782,27.4346,1.23154
2.5,55.0782,27.4785,1.22836
2.5,55.1782,27.522,1.22519
2.5,55.2782,27.5651,1.22202
2.5,55.3782,27.608,1.21885
2.5,55.4782,27.6504,1.21569
2.5,55.5782,27.6926,1.21253
2.5,55.6782,27.7344,1.20938
2.5,55.7782,27.7758,1.20623
2.5,55.8782,27.8169,1.20309
2.5,55.9782,27.8576,1.19994
2.5,56.0782,27.898,1.19681
2.5,56.1782,27.938,1.19367
2.5,56.2782,27.9777,1.19055
2.5,56.3782,28.017,1.18742
2.5,56.4782,28.0559,1.1843
2.5,56.5782,28.0945,1.18119
2.5,56.6782,28.1327,1.17807
2.5,56.7782,28.1705,1.17497
2.5,56.8782,28.208,1.17186
2.5,56.9782,28.2451,1.16876
2.5,57.0782,28.2818,1.16567
2.5,57.1782,28.3182,1.16257
2.5,57.2782,28.3541,1.15949
2.5,57.3782,28.3897,1.1564
2.5,57.4782,28.4249,1.15333
2.5,57.5782,28.4598,1.15025
2.5,57.6782,28.4942,1.14718
2.5,57.7782,28.5283,1.14411
2.5,57.8782,28.5619,1.14105
2.5,57.9782,28.5952,1.13799
2.5,58.0782,28.628,1.13494
2.5,58.1782,28.6605,1.13189
2.5,58.2782,28.6926,1.12884
2.5,58.3782,28.7243,1.1258
2.5,58.4782,28.7555,1.12277
2.5,58.5782,28.7864,1.11973
2.5,58.6782,28.8168,1.1167
2.5,58.7782,28.8469,1.11368
2.5,58.8782,28.8765,1.11066
2.5,58.9782,28.9057,1.10764
2.5,59.0782,28.9345,1.10463
2.5,59.1782,28.9629,1.10163
2.5,59.2782,28.9909,1.09862
2.5,59.3782,29.0184,1.09562
2.5,59.4782,29.0455,1.09263
2.5,59.5782,29.0722,1.08964
2.5,59.6782,29.0984,1.08665
2.5,59.7782,29.1242,1.08367
2.5,59.8782,29.1496,1.08069
2.5,59.9782,29.1745,1.07772
2.5,60.0782,29.199,1.07475
2.5,60.1782,29.223,1.07179
2.5,60.2782,29.2466,1.06883
2.5,60.3782,29.2698,1.06587
2.5,60.4782,29.2925,1.06292
2.5,60.5782,29.3147,1.05998
2.5,60.6782,29.3365,1.05703
2.5,60.7782,29.3578,1.0541
2.5,60.8782,29.3786,1.05116
2.5,60.9782,29.399,1.04823
2.5,61.0782,29.4189,1.04531
2.5,61.1782,29.4384,1.04239
2.5,61.2782,29.4573,1.03947
2.5,61.3782,29.4758,1.03656
2.5,61.4782,29.4938,1.03365
2.5,61.5782,29.5113,1.03075
2.5,61.6782,29.5284,1.02785
2.5,61.7782,29.5449,1.02496
2.5,61.8782,29.561,1.02207
2.5,61.9782,29.5765,1.01919
2.5,62.0782,29.5916,1.01631
2.5,62.1782,29.6061,1.01343
2.5,62.2782,29.6202,1.01056
2.5,62.3782,29.6337,1.0077
2.5,62.4782,29.6468,1.00483
2.5,62.5782,29.6593,1.00198
2.5,62.6782,29.6713,0.999126
2.5,62.7782,29.6827,0.996278
2.5,62.8782,29.6937,0.993435
2.5,62.9782,29.7041,0.990597
2.5,63.0782,29.714,0.987763
2.5,63.1782,29.7233,0.984934
2.5,63.2782,29.7322,0.98211
2.5,63.3782,29.7404,0.979291
2.5,63.4782,29.7482,0.976476
2.5,63.5782,29.7553,0.973666
2.5,63.6782,29.762,0.970861
2.5,63.7782,29.768,0.968061
2.5,63.8782,29.7736,0.965265
2.5,63.9782,29.7785,0.962474
2.5,64.0782,29.7829,0.959688
2.5,64.1782,29.7867,0.956907
2.5,64.2782,29.79,0.954131
2.5,64.3782,29.7926,0.951359
2.5,64.4782,29.7947,0.948593
2.5,64.5782,29.7962,0.945831
2.5,64.6782,29.7971,0.943074
2.5,64.7782,29.7974,0.940323
2.5,64.8782,29.7972,0.937576
2.5,64.9782,29.7963,0.934834
2.5,65.0782,29.7948,0.932097
2.5,65.1782,29.7927,0.929365
2.5,65.2782,29.79,0.926638
2.5,65.3782,29.7867,0.923917
2.5,65.4782,29.7828,0.9212
2.5,65.5782,29.7782,0.918489
2.5,65.6782,29.7731,0.915782
2.5,65.7782,29.7672,0.913081
2.5,65.8782,29.7608,0.910385
2.5,65.9782,29.7537,0.907694
2.5,66.0782,29.746,0.905008
2.5,66.1782,29.7376,0.902327
2.5,66.2782,29.7286,0.899652
2.5,66.3782,29.7189,0.896982
2.5,66.4782,29.7085,0.894317
2.5,66.5782,29.6975,0.891658
2.5,66.6782,29.6858,0.889003
2.5,66.7782,29.6735,0.886355
2.5,66.8782,29.6604,0.883711
2.5,66.9782,29.6467,0.881073
2.5,67.0782,29.6323,0.87844
2.5,67.1782,29.6172,0.875813
2.5,67.2782,29.6014,0.873191
2.5,67.3782,29.5849,0.870575
2.5,67.4782,29.5677,0.867964
2.5,67.5782,29.5498,0.865359
2.5,67.6782,29.5312,0.86276
2.5,67.7782,29.5118,0.860166
2.5,67.8782,29.4917,0.857577
2.5,67.9782,29.471,0.854995
2.5,68.0782,29.4494,0.852417
2.5,68.1782,29.4272,0.849846
2.5,68.2782,29.4041,0.84728
2.5,68.3782,29.3804,0.844721
2.5,68.4782,29.3559,0.842166
2.5,68.5782,29.3306,0.839618
2.5,68.6782,29.3046,0.837076
2.5,68.7782,29.2778,0.834539
2.5,68.8782,29.2502,0.832009
2.5,68.9782,29.2219,0.829484
2.5,69.0782,29.1927,0.826965
2.5,69.1782,29.1628,0.824452
2.5,69.2782,29.1321,0.821945
2.5,69.3782,29.1006,0.819445
2.5,69.4782,29.0683,0.81695
2.5,69.5782,29.0352,0.814462
2.5,69.6782,29.0012,0.811979
2.5,69.7782,28.9665,0.809503
2.5,69.8782,28.9309,0.807033
2.5,69.9782,28.8945,0.80457
2.5,70.0782,28.8573,0.802112
2.5,70.1782,28.8192,0.799661
2.5,70.2782,28.7803,0.797217
2.5,70.3782,28.7405,0.794778
2.5,70.4782,28.6999,0.792346
2.5,70.5782,28.6584,0.789921
2.5,70.6782,28.616,0.787502
2.5,70.7782,28.5728,0.78509
2.5,70.8782,28.5287,0.782684
2.5,70.9782,28.4837,0.780285
2.5,71.0782,28.4378,0.777892
2.5,71.1782,28.3911,0.775506
2.5,71.2782,28.3434,0.773127
2.5,71.3782,28.2948,0.770755
2.5,71.4782,28.2454,0.76839
2.5,71.5782,28.195,0.766031
2.5,71.6782,28.1436,0.763679
2.5,71.7782,28.0914,0.761334
2.5,71.8782,28.0382,0.758997
2.5,71.9782,27.9841,0.756666
2.5,72.0782,27.9291,0.754342
2.5,72.1782,27.873,0.752025
2.5,72.2782,27.8161,0.749716
2.5,72.3782,27.7582,0.747413
2.5,72.4782,27.6993,0.745118
2.5,72.5782,27.6394,0.742831
2.5,72.6782,27.5786,0.74055
2.5,72.7782,27.5167,0.738277
2.5,72.8782,27.4539,0.736011
2.5,72.9782,27.3901,0.733753
2.5,73.0782,27.3253,0.731503
2.5,73.1782,27.2595,0.72926
2.5,73.2782,27.1927,0.727024
2.5,73.3782,27.1248,0.724796
2.5,73.4782,27.056,0.722576
2.5,73.5782,26.9861,0.720364
2.5,73.6782,26.9151,0.718159
2.5,73.7782,26.8432,0.715963
2.5,73.8782,26.7702,0.713774
2.5,73.9782,26.6961,0.711593
2.5,74.0782,26.621,0.70942
2.5,74.1782,26.5448,0.707256
2.5,74.2782,26.4675,0.705099
2.5,74.3782,26.3892,0.702951
2.5,74.4782,26.3098,0.700811
2.5,74.5782,26.2293,0.698679
2.5,74.6782,26.1477,0.696555
2.5,74.7782,26.065,0.69444
2.5,74.8782,25.9812,0.692333
2.5,74.9782,25.8963,0.690235
2.5,75.0782,25.8103,0.688146
2.5,75.1782,25.7232,0.686065
2.5,75.2782,25.6349,0.683993
2.5,75.3782,25.5456,0.681929
2.5,75.4782,25.4551,0.679875
2.5,75.5782,25.3634,0.677829
2.5,75.6782,25.2706,0.675792
2.5,75.7782,25.1767,0.673764
2.5,75.8782,25.0816,0.671745
2.5,75.9782,24.9853,0.669736
2.5,76.0782,24.8879,0.667735
2.5,76.1782,24.7893,0.665744
2.5,76.2782,24.6895,0.663762
2.5,76.3782,24.5886,0.66179
2.5,76.4782,24.4864,0.659827
2.5,76.5782,24.3831,0.657873
2.5,76.6782,24.2786,0.655929
2.5,76.7782,24.1729,0.653995
2.5,76.8782,24.066,0.65207
2.5,76.9782,23.9579,0.650155
2.5,77.0782,23.8485,0.64825
2.5,77.1782,23.738,0.646355
2.5,77.2782,23.6262,0.64447
2.5,77.3782,23.5132,0.642595
2.5,77.4782,23.399,0.64073
2.5,77.5782,23.2835,0.638875
2.5,77.6782,23.1668,0.63703
2.5,77.7782,23.0489,0.635196
2.5,77.8782,22.9297,0.633372
2.5,77.9782,22.8093,0.631559
2.5,78.0782,22.6876,0.629756
2.5,78.1782,22.5647,0.627964
2.5,78.2782,22.4405,0.626183
2.5,78.3782,22.3151,0.624412
2.5,78.4782,22.1884,0.622652
2.5,78.5782,22.0604,0.620903
2.5,78.6782,21.9312,0.619165
2.5,78.7782,21.8007,0.617439
2.5,78.8782,21.6689,0.615723
2.5,78.9782,21.5359,0.614018
2.5,79.0782,21.4015,0.612325
2.5,79.1782,21.2659,0.610644
2.5,79.2782,21.129,0.608973
2.5,79.3782,20.9909,0.607315
2.5,79.4782,20.8514,0.605668
2.5,79.5782,20.7107,0.604032
2.5,79.6782,20.5686,0.602409
2.5,79.7782,20.4253,0.600797
2.5,79.8782,20.2807,0.599197
2.5,79.9782,20.1348,0.597609
2.5,80.0782,19.9876,0.596033
2.5,80.1782,19.8392,0.59447
2.5,80.2782,19.6894,0.592919
2.5,80.3782,19.5384,0.59138
2.5,80.4782,19.386,0.589853
2.5,80.5782,19.2324,0.588339
2.5,80.6782,19.0775,0.586838
2.5,80.7782,18.9213,0.585349
2.5,80.8782,18.7638,0.583873
2.5,80.9782,18.6051,0.58241
2.5,81.0782,18.445,0.58096
2.5,81.1782,18.2837,0.579523
2.5,81.2782,18.1211,0.578099
2.5,81.3782,17.9572,0.576688
2.5,81.4782,17.7921,0.57529
2.5,81.5782,17.6257,0.573906
2.5,81.6782,17.458,0.572535
2.5,81.7782,17.2891,0.571177
2.5,81.8782,17.1189,0.569834
2.5,81.9782,16.9474,0.568503
2.5,82.0782,16.7747,0.567187
2.5,82.1782,16.6007,0.565884
2.5,82.2782,16.4255,0.564596
2.5,82.3782,16.2491,0.563321
2.5,82.4782,16.0714,0.562061
2.5,82.5782,15.8925,0.560814
2.5,82.6782,15.7124,0.559582
2.5,82.7782,15.5311,0.558364
2.5,82.8782,15.3486,0.557161
2.5,82.9782,15.1648,0.555972
2.5,83.0782,14.9799,0.554798
2.5,83.1782,14.7938,0.553638
2.5,83.2782,14.6065,0.552493
2.5,83.3782,14.418,0.551363
2.5,83.4782,14.2284,0.550248
2.5,83.5782,14.0376,0.549148
2.5,83.6782,13.8457,0.548063
2.5,83.7782,13.6526,0.546993
2.5,83.8782,13.4585,0.545938
2.5,83.9782,13.2631,0.544899
2.5,84.0782,13.0667,0.543875
2.5,84.1782,12.8692,0.542866
2.5,84.2782,12.6706,0.541873
2.5,84.3782,12.471,0.540896
2.5,84.4782,12.2702,0.539934
2.5,84.5782,12.0684,0.538988
2.5,84.6782,11.8656,0.538058
2.5,84.7782,11.6618,0.537143
2.5,84.8782,11.4569,0.536245
2.5,84.9782,11.251,0.535363
2.5,85.0782,11.0442,0.534497
2.5,85.1782,10.8364,0.533647
2.5,85.2782,10.6276,0.532813
2.5,85.3782,10.4178,0.531996
2.5,85.4782,10.2072,0.531195
2.5,85.5782,9.99557,0.53041
2.5,85.6782,9.78308,0.529642
2.5,85.7782,9.5697,0.528891
2.5,85.8782,9.35545,0.528156
2.5,85.9782,9.14035,0.527438
2.5,86.0782,8.9244,0.526737
2.5,86.1782,8.70764,0.526053
2.5,86.2782,8.49007,0.525385
2.5,86.3782,8.27171,0.524735
2.5,86.4782,8.05258,0.524101
2.5,86.5782,7.8327,0.523485
2.5,86.6782,7.61208,0.522885
2.5,86.7782,7.39074,0.522303
2.5,86.8782,7.16871,0.521738
2.5,86.9782,6.946,0.521191
2.5,87.0782,6.72263,0.520661
2.5,87.1782,6.49862,0.520148
2.5,87.2782,6.27398,0.519652
2.5,87.3782,6.04875,0.519174
2.5,87.4782,5.82293,0.518714
2.5,87.5782,5.59655,0.518271
2.5,87.6782,5.36963,0.517845
2.5,87.7782,5.14219,0.517438
2.5,87.8782,4.91425,0.517048
2.5,87.9782,4.68584,0.516675
2.5,88.0782,4.45696,0.516321
2.5,88.1782,4.22765,0.515984
2.5,88.2782,3.99793,0.515665
2.5,88.3782,3.76782,0.515364
2.5,88.4782,3.53733,0.515081
2.5,88.5782,3.3065,0.514815
2.5,88.6782,3.07534,0.514568
2.5,88.7782,2.84387,0.514338
2.5,88.8782,2.61213,0.514127
2.5,88.9782,2.38013,0.513933
2.5,89.0782,2.14789,0.513757
2.5,89.1782,1.91544,0.5136
2.5,89.2782,1.68279,0.51346
2.5,89.3782,1.44999,0.513339
2.5,89.4782,1.21703,0.513235
2.5,89.5782,0.98396,0.51315
2.5,89.6782,0.750788,0.513083
2.5,89.7782,0.517541,0.513034
2.5,89.8782,0.284243,0.513003
2.5,89.9782,0.0509168,0.51299
3,19.4712,0,3
3,19.5712,0.147782,2.99235
3,19.6712,0.29484,2.98476
3,19.7712,0.441181,2.97723
3,19.8712,0.586816,2.96975
3,19.9712,0.731753,2.96233
3,20.0712,0.876002,2.95497
3,20.1712,1.01957,2.94765
3,20.2712,1.16247,2.94039
3,20.3712,1.3047,2.93318
3,20.4712,1.44628,2.92601
3,20.5712,1.58722,2.91889
3,20.6712,1.72751,2.91182
3,20.7712,1.86718,2.90479
3,20.8712,2.00622,2.89781
3,20.9712,2.14464,2.89087
3,21.0712,2.28246,2.88398
3,21.1712,2.41968,2.87712
3,21.2712,2.5563,2.8703
3,21.3712,2.69234,2.86353
3,21.4712,2.82779,2.85679
3,21.5712,2.96268,2.85009
3,21.6712,3.09699,2.84342
3,21.7712,3.23075,2.8368
3,21.8712,3.36395,2.8302
3,21.9712,3.49661,2.82364
3,22.0712,3.62873,2.81712
3,22.1712,3.76031,2.81062
3,22.2712,3.89136,2.80416
3,22.3712,4.02189,2.79773
3,22.4712,4.1519,2.79134
3,22.5712,4.28141,2.78497
3,22.6712,4.4104,2.77863
3,22.7712,4.5389,2.77232
3,22.8712,4.6669,2.76604
3,22.9712,4.79441,2.75978
3,23.0712,4.92144,2.75356
3,23.1712,5.04799,2.74736
3,23.2712,5.17406,2.74118
3,23.3712,5.29966,2.73504
3,23.4712,5.42481,2.72891
3,23.5712,5.54949,2.72281
3,23.6712,5.67371,2.71674
3,23.7712,5.79749,2.71069
3,23.8712,5.92082,2.70466
3,23.9712,6.04371,2.69866
3,24.0712,6.16617,2.69268
3,24.1712,6.28819,2.68672
3,24.2712,6.40978,2.68078
3,24.3712,6.53095,2.67486
3,24.4712,6.6517,2.66896
3,24.5712,6.77204,2.66309
3,24.6712,6.89196,2.65723
3,24.7712,7.01148,2.6514
3,24.8712,7.13059,2.64558
3,24.9712,7.24931,2.63978
3,25.0712,7.36762,2.634
3,25.1712,7.48555,2.62824
3,25.2712,7.60308,2.6225
3,25.3712,7.72023,2.61677
3,25.4712,7.837,2.61107
3,25.5712,7.95339,2.60538
3,25.6712,8.06941,2.5997
3,25.7712,8.18505,2.59405
3,25.8712,8.30033,2.58841
3,25.9712,8.41524,2.58278
3,26.0712,8.52979,2.57718
3,26.1712,8.64398,2.57158
3,26.2712,8.75782,2.56601
3,26.3712,8.8713,2.56045
3,26.4712,8.98444,2.5549
3,26.5712,9.09723,2.54937
3,26.6712,9.20967,2.54385
3,26.7712,9.32177,2.53835
3,26.8712,9.43354,2.53286
3,26.9712,9.54497,2.52738
3,27.0712,9.65607,2.52192
3,27.1712,9.76683,2.51648
3,27.2712,9.87727,2.51104
3,27.3712,9.98739,2.50562
3,27.4712,10.0972,2.50021
3,27.5712,10.2067,2.49482
3,27.6712,10.3158,2.48944
3,27.7712,10.4247,2.48407
3,27.8712,10.5332,2.47871
3,27.9712,10.6414,2.47336
3,28.0712,10.7493,2.46803
3,28.1712,10.8569,2.46271
3,28.2712,10.9642,2.4574
3,28.3712,11.0712,2.4521
3,28.4712,11.1779,2.44682
3,28.5712,11.2844,2.44154
3,28.6712,11.3905,2.43628
3,28.7712,11.4963,2.43103
3,28.8712,11.6018,2.42578
3,28.9712,11.7071,2.42055
3,29.0712,11.812,2.41533
3,29.1712,11.9167,2.41012
3,29.2712,12.0211,2.40493
3,29.3712,12.1252,2.39974
3,29.4712,12.229,2.39456
3,29.5712,12.3326,2.38939
3,29.6712,12.4359,2.38423
3,29.7712,12.5389,2.37909
3,29.8712,12.6416,2.37395
3,29.9712,12.7441,2.36882
3,30.0712,12.8463,2.3637
3,30.1712,12.9482,2.35859
3,30.2712,13.0499,2.35349
3,30.3712,13.1513,2.3484
3,30.4712,13.2524,2.34332
3,30.5712,13.3533,2.33825
3,30.6712,13.4539,2.33319
3,30.7712,13.5543,2.32814
3,30.8712,13.6544,2.32309
3,30.9712,13.7542,2.31806
3,31.0712,13.8538,2.31303
3,31.1712,13.9532,2.30801
3,31.2712,14.0523,2.30301
3,31.3712,14.1511,2.29801
3,31.4712,14.2497,2.29301
3,31.5712,14.3481,2.28803
3,31.6712,14.4462,2.28306
3,31.7712,14.544,2.27809
3,31.8712,14.6417,2.27313
3,31.9712,14.7391,2.26818
3,32.0712,14.8362,2.26324
3,32.1712,14.9331,2.25831
3,32.2712,15.0298,2.25339
3,32.3712,15.1262,2.24847
3,32.4712,15.2224,2.24356
3,32.5712,15.3184,2.23866
3,32.6712,15.4141,2.23377
3,32.7712,15.5096,2.22888
3,32.8712,15.6048,2.224
3,32.9712,15.6999,2.21913
3,33.0712,15.7947,2.21427
3,33.1712,15.8893,2.20942
3,33.2712,15.9836,2.20457
3,33.3712,16.0777,2.19973
3,33.4712,16.1716,2.1949
3,33.5712,16.2653,2.19008
3,33.6712,16.3587,2.18526
3,33.7712,16.452,2.18045
3,33.8712,16.545,2.17565
3,33.9712,16.6378,2.17086
3,34.0712,16.7303,2.16607
3,34.1712,16.8227,2.16129
3,34.2712,16.9148,2.15652
3,34.3712,17.0067,2.15175
3,34.4712,17.0984,2.14699
3,34.5712,17.1899,2.14224
3,34.6712,17.2811,2.1375
3,34.7712,17.3722,2.13276
3,34.8712,17.463,2.12803
3,34.9712,17.5536,2.12331
3,35.0712,17.644,2.11859
3,35.1712,17.7342,2.11388
3,35.2712,17.8242,2.10918
3,35.3712,17.9139,2.10449
3,35.4712,18.0035,2.0998
3,35.5712,18.0928,2.09512
3,35.6712,18.182,2.09044
3,35.7712,18.2709,2.08577
3,35.8712,18.3596,2.08111
3,35.9712,18.4482,2.07646
3,36.0712,18.5365,2.07181
3,36.1712,18.6246,2.06717
3,36.2712,18.7125,2.06253
3,36.3712,18.8001,2.0579
3,36.4712,18.8876,2.05328
3,36.5712,18.9749,2.04867
3,36.6712,19.062,2.04406
3,36.7712,19.1489,2.03946
3,36.8712,19.2355,2.03486
3,36.9712,19.322,2.03027
3,37.0712,19.4082,2.02569
3,37.1712,19.4943,2.02111
3,37.2712,19.5802,2.01654
3,37.3712,19.6658,2.01198
3,37.4712,19.7513,2.00742
3,37.5712,19.8365,2.00287
3,37.6712,19.9216,1.99833
3,37.7712,20.0064,1.99379
3,37.8712,20.0911,1.98926
3,37.9712,20.1755,1.98473
3,38.0712,20.2598,1.98021
3,38.1712,20.3438,1.9757
3,38.2712,20.4277,1.97119
3,38.3712,20.5114,1.96669
3,38.4712,20.5948,1.9622
3,38.5712,20.6781,1.95771
3,38.6712,20.7611,1.95322
3,38.7712,20.844,1.94875
3,38.8712,20.9267,1.94428
3,38.9712,21.0091,1.93981
3,39.0712,21.0914,1.93536
3,39.1712,21.1735,1.93091
3,39.2712,21.2554,1.92646
3,39.3712,21.337,1.92202
3,39.4712,21.4185,1.91759
3,39.5712,21.4998,1.91316
3,39.6712,21.5809,1.90874
3,39.7712,21.6618,1.90432
3,39.8712,21.7425,1.89991
3,39.9712,21.823,1.89551
3,40.0712,21.9033,1.89111
3,40.1712,21.9834,1.88672
3,40.2712,22.0633,1.88233
3,40.3712,22.143,1.87795
3,40.4712,22.2225,1.87358
3,40.5712,22.3018,1.86921
3,40.6712,22.381,1.86485
3,40.7712,22.4599,1.86049
3,40.8712,22.5386,1.85614
3,40.9712,22.6171,1.8518
3,41.0712,22.6955,1.84746
3,41.1712,22.7736,1.84313
3,41.2712,22.8516,1.8388
3,41.3712,22.9293,1.83448
3,41.4712,23.0068,1.83016
3,41.5712,23.0842,1.82585
3,41.6712,23.1614,1.82155
3,41.7712,23.2383,1.81725
3,41.8712,23.3151,1.81296
3,41.9712,23.3916,1.80867
3,42.0712,23.468,1.80439
3,42.1712,23.5441,1.80011
3,42.2712,23.6201,1.79584
3,42.3712,23.6959,1.79158
3,42.4712,23.7714,1.78732
3,42.5712,23.8468,1.78307
3,42.6712,23.922,1.77882
3,42.7712,23.997,1.77458
3,42.8712,24.0717,1.77034
3,42.9712,24.1463,1.76611
3,43.0712,24.2207,1.76189
3,43.1712,24.2948,1.75767
3,43.2712,24.3688,1.75346
3,43.3712,24.4426,1.74925
3,43.4712,24.5161,1.74505
3,43.5712,24.5895,1.74085
3,43.6712,24.6627,1.73666
3,43.7712,24.7356,1.73248
3,43.8712,24.8084,1.7283
3,43.9712,24.8809,1.72412
3,44.0712,24.9533,1.71995
3,44.1712,25.0254,1.71579
3,44.2712,25.0974,1.71163
3,44.3712,25.1691,1.70748
3,44.4712,25.2407,1.70333
3,44.5712,25.312,1.69919
3,44.6712,25.3831,1.69506
3,44.7712,25.454,1.69093
3,44.8712,25.5247,1.6868
3,44.9712,25.5952,1.68268
3,45.0712,25.6655,1.67857
3,45.1712,25.7356,1.67446
3,45.2712,25.8055,1.67036
3,45.3712,25.8752,1.66626
3,45.4712,25.9446,1.66217
3,45.5712,26.0139,1.65808
3,45.6712,26.0829,1.654
3,45.7712,26.1517,1.64993
3,45.8712,26.2203,1.64586
3,45.9712,26.2888,1.64179
3,46.0712,26.3569,1.63773
3,46.1712,26.4249,1.63368
3,46.2712,26.4927,1.62963
3,46.3712,26.5602,1.62558
3,46.4712,26.6276,1.62155
3,46.5712,26.6947,1.61751
3,46.6712,26.7616,1.61349
3,46.7712,26.8283,1.60946
3,46.8712,26.8947,1.60545
3,46.9712,26.961,1.60144
3,47.0712,27.027,1.59743
3,47.1712,27.0928,1.59343
3,47.2712,27.1584,1.58943
3,47.3712,27.2238,1.58544
3,47.4712,27.2889,1.58146
3,47.5712,27.3538,1.57748
3,47.6712,27.4185,1.57351
3,47.7712,27.483,1.56954
3,47.8712,27.5473,1.56557
3,47.9712,27.6113,1.56162
3,48.0712,27.6751,1.55766
3,48.1712,27.7387,1.55371
3,48.2712,27.802,1.54977
3,48.3712,27.8651,1.54583
3,48.4712,27.928,1.5419
3,48.5712,27.9906,1.53797
3,48.6712,28.0531,1.53405
3,48.7712,28.1153,1.53014
3,48.8712,28.1772,1.52623
3,48.9712,28.2389,1.52232
3,49.0712,28.3004,1.51842
3,49.1712,28.3617,1.51452
3,49.2712,28.4227,1.51063
3,49.3712,28.4835,1.50675
3,49.4712,28.544,1.50287
3,49.5712,28.6043,1.49899
3,49.6712,28.6644,1.49512
3,49.7712,28.7242,1.49126
3,49.8712,28.7838,1.4874
3,49.9712,28.8431,1.48354
3,50.0712,28.9022,1.47969
3,50.1712,28.961,1.47585
3,50.2712,29.0196,1.47201
3,50.3712,29.078,1.46818
3,50.4712,29.1361,1.46435
3,50.5712,29.1939,1.46053
3,50.6712,29.2515,1.45671
3,50.7712,29.3089,1.45289
3,50.8712,29.366,1.44909
3,50.9712,29.4228,1.44528
3,51.0712,29.4794,1.44148
3,51.1712,29.5357,1.43769
3,51.2712,29.5918,1.4339
3,51.3712,29.6476,1.43012
3,51.4712,29.7032,1.42634
3,51.5712,29.7584,1.42257
3,51.6712,29.8135,1.4188
3,51.7712,29.8682,1.41504
3,51.8712,29.9227,1.41128
3,51.9712,29.977,1.40753
3,52.0712,30.0309,1.40378
3,52.1712,30.0846,1.40004
3,52.2712,30.1381,1.39631
3,52.3712,30.1912,1.39257
3,52.4712,30.2441,1.38885
3,52.5712,30.2967,1.38512
3,52.6712,30.349,1.38141
3,52.7712,30.4011,1.3777
3,52.8712,30.4529,1.37399
3,52.9712,30.5044,1.37029
3,53.0712,30.5556,1.36659
3,53.1712,30.6065,1.3629
3,53.2712,30.6572,1.35921
3,53.3712,30.7075,1.35553
3,53.4712,30.7576,1.35185
3,53.5712,30.8074,1.34818
3,53.6712,30.8569,1.34451
3,53.7712,30.9061,1.34085
3,53.8712,30.955,1.3372
3,53.9712,31.0037,1.33354
3,54.0712,31.052,1.3299
3,54.1712,31.1,1.32626
3,54.2712,31.1478,1.32262
3,54.3712,31.1952,1.31899
3,54.4712,31.2423,1.31536
3,54.5712,31.2891,1.31174
3,54.6712,31.3356,1.30812
3,54.7712,31.3819,1.30451
3,54.8712,31.4278,1.3009
3,54.9712,31.4733,1.2973
3,55.0712,31.5186,1.2937
3,55.1712,31.5636,1.29011
3,55.2712,31.6082,1.28652
3,55.3712,31.6525,1.28294
3,55.4712,31.6966,1.27936
3,55.5712,31.7402,1.27579
3,55.6712,31.7836,1.27223
3,55.7712,31.8266,1.26866
3,55.8712,31.8693,1.26511
3,55.9712,31.9117,1.26155
3,56.0712,31.9538,1.25801
3,56.1712,31.9955,1.25446
3,56.2712,32.0369,1.25093
3,56.3712,32.0779,1.24739
3,56.4712,32.1186,1.24387
3,56.5712,32.159,1.24034
3,56.6712,32.199,1.23683
3,56.7712,32.2386,1.23331
3,56.8712,32.278,1.22981
3,56.9712,32.3169,1.2263
3,57.0712,32.3556,1.22281
3,57.1712,32.3938,1.21931
3,57.2712,32.4318,1.21582
3,57.3712,32.4693,1.21234
3,57.4712,32.5065,1.20886
3,57.5712,32.5433,1.20539
3,57.6712,32.5798,1.20192
3,57.7712,32.6159,1.19846
3,57.8712,32.6516,1.195
3,57.9712,32.687,1.19155
3,58.0712,32.722,1.1881
3,58.1712,32.7566,1.18466
3,58.2712,32.7908,1.18122
3,58.3712,32.8247,1.17778
3,58.4712,32.8581,1.17436
3,58.5712,32.8912,1.17093
3,58.6712,32.9239,1.16751
3,58.7712,32.9562,1.1641
3,58.8712,32.9881,1.16069
3,58.9712,33.0196,1.15729
3,59.0712,33.0507,1.15389
3,59.1712,33.0814,1.1505
3,59.2712,33.1117,1.14711
3,59.3712,33.1416,1.14372
3,59.4712,33.1711,1.14035
3,59.5712,33.2002,1.13697
3,59.6712,33.2288,1.1336
3,59.7712,33.2571,1.13024
3,59.8712,33.2849,1.12688
3,59.9712,33.3123,1.12353
3,60.0712,33.3392,1.12018
3,60.1712,33.3658,1.11684
3,60.2712,33.3919,1.1135
3,60.3712,33.4176,1.11016
3,60.4712,33.4428,1.10684
3,60.5712,33.4676,1.10351
3,60.6712,33.4919,1.10019
3,60.7712,33.5158,1.09688
3,60.8712,33.5393,1.09357
3,60.9712,33.5623,1.09027
3,61.0712,33.5848,1.08697
3,61.1712,33.6069,1.08368
3,61.2712,33.6286,1.08039
3,61.3712,33.6497,1.07711
3,61.4712,33.6704,1.07383
3,61.5712,33.6906,1.07055
3,61.6712,33.7103,1.06729
3,61.7712,33.7296,1.06402
3,61.8712,33.7484,1.06077
3,61.9712,33.7667,1.05751
3,62.0712,33.7845,1.05427
3,62.1712,33.8018,1.05102
3,62.2712,33.8186,1.04779
3,62.3712,33.8349,1.04456
3,62.4712,33.8507,1.04133
3,62.5712,33.866,1.03811
3,62.6712,33.8808,1.03489
3,62.7712,33.8951,1.03168
3,62.8712,33.9088,1.02847
3,62.9712,33.9221,1.02527
3,63.0712,33.9348,1.02208
3,63.1712,33.947,1.01889
3,63.2712,33.9586,1.0157
3,63.3712,33.9697,1.01252
3,63.4712,33.9803,1.00935
3,63.5712,33.9903,1.00618
3,63.6712,33.9998,1.00301
3,63.7712,34.0087,0.999854
3,63.8712,34.0171,0.996701
3,63.9712,34.0249,0.993552
3,64.0712,34.0322,0.990409
3,64.1712,34.0388,0.987272
3,64.2712,34.0449,0.984139
3,64.3712,34.0505,0.981012
3,64.4712,34.0554,0.977891
3,64.5712,34.0597,0.974774
3,64.6712,34.0635,0.971663
3,64.7712,34.0667,0.968558
3,64.8712,34.0692,0.965458
3,64.9712,34.0712,0.962363
3,65.0712,34.0725,0.959274
3,65.1712,34.0733,0.95619
3,65.2712,34.0734,0.953112
3,65.3712,34.0729,0.950039
3,65.4712,34.0718,0.946972
3,65.5712,34.07,0.94391
3,65.6712,34.0676,0.940854
3,65.7712,34.0646,0.937803
3,65.8712,34.0609,0.934758
3,65.9712,34.0566,0.931719
3,66.0712,34.0516,0.928685
3,66.1712,34.0459,0.925657
3,66.2712,34.0396,0.922634
3,66.3712,34.0326,0.919617
3,66.4712,34.0249,0.916606
3,66.5712,34.0166,0.9136
3,66.6712,34.0075,0.9106
3,66.7712,33.9978,0.907606
3,66.8712,33.9874,0.904618
3,66.9712,33.9763,0.901635
3,67.0712,33.9644,0.898658
3,67.1712,33.9519,0.895687
3,67.2712,33.9386,0.892722
3,67.3712,33.9246,0.889763
3,67.4712,33.9099,0.886809
3,67.5712,33.8944,0.883862
3,67.6712,33.8782,0.88092
3,67.7712,33.8612,0.877984
3,67.8712,33.8435,0.875054
3,67.9712,33.8251,0.872131
3,68.0712,33.8058,0.869213
3,68.1712,33.7858,0.866301
3,68.2712,33.7651,0.863396
3,68.3712,33.7435,0.860496
3,68.4712,33.7211,0.857603
3,68.5712,33.698,0.854716
3,68.6712,33.6741,0.851834
3,68.7712,33.6493,0.84896
3,68.8712,33.6237,0.846091
3,68.9712,33.5973,0.843229
3,69.0712,33.5701,0.840372
3,69.1712,33.5421,0.837523
3,69.2712,33.5132,0.834679
3,69.3712,33.4835,0.831842
3,69.4712,33.4529,0.829011
3,69.5712,33.4214,0.826187
3,69.6712,33.3891,0.823369
3,69.7712,33.3559,0.820558
3,69.8712,33.3219,0.817753
3,69.9712,33.2869,0.814955
3,70.0712,33.2511,0.812164
3,70.1712,33.2143,0.809379
3,70.2712,33.1767,0.8066
3,70.3712,33.1381,0.803829
3,70.4712,33.0986,0.801064
3,70.5712,33.0582,0.798306
3,70.6712,33.0169,0.795554
3,70.7712,32.9746,0.79281
3,70.8712,32.9314,0.790072
3,70.9712,32.8872,0.787341
3,71.0712,32.842,0.784618
3,71.1712,32.7959,0.781901
3,71.2712,32.7488,0.779191
3,71.3712,32.7007,0.776489
3,71.4712,32.6516,0.773793
3,71.5712,32.6015,0.771105
3,71.6712,32.5504,0.768424
3,71.7712,32.4982,0.76575
3,71.8712,32.4451,0.763083
3,71.9712,32.3909,0.760424
3,72.0712,32.3357,0.757772
3,72.1712,32.2794,0.755127
3,72.2712,32.2221,0.75249
3,72.3712,32.1637,0.74986
3,72.4712,32.1043,0.747238
3,72.5712,32.0437,0.744624
3,72.6712,31.9821,0.742017
3,72.7712,31.9194,0.739418
3,72.8712,31.8555,0.736826
3,72.9712,31.7906,0.734243
3,73.0712,31.7245,0.731667
3,73.1712,31.6573,0.729099
3,73.2712,31.589,0.726539
3,73.3712,31.5195,0.723987
3,73.4712,31.4489,0.721444
3,73.5712,31.3771,0.718908
3,73.6712,31.3041,0.71638
3,73.7712,31.23,0.713861
3,73.8712,31.1546,0.71135
3,73.9712,31.0781,0.708847
3,74.0712,31.0003,0.706353
3,74.1712,30.9214,0.703867
3,74.2712,30.8412,0.701389
3,74.3712,30.7598,0.698921
3,74.4712,30.6772,0.69646
3,74.5712,30.5933,0.694009
3,74.6712,30.5081,0.691566
3,74.7712,30.4217,0.689132
3,74.8712,30.334,0.686707
3,74.9712,30.245,0.684291
3,75.0712,30.1547,0.681884
3,75.1712,30.0632,0.679486
3,75.2712,29.9703,0.677097
3,75.3712,29.8761,0.674717
3,75.4712,29.7806,0.672346
3,75.5712,29.6837,0.669985
3,75.6712,29.5855,0.667634
3,75.7712,29.4859,0.665291
3,75.8712,29.385,0.662959
3,75.9712,29.2827,0.660636
3,76.0712,29.1791,0.658322
3,76.1712,29.074,0.656019
3,76.2712,28.9676,0.653725
3,76.3712,28.8597,0.651441
3,76.4712,28.7504,0.649167
3,76.5712,28.6398,0.646903
3,76.6712,28.5276,0.64465
3,76.7712,28.4141,0.642407
3,76.8712,28.2991,0.640174
3,76.9712,28.1826,0.637951
3,77.0712,28.0647,0.635739
3,77.1712,27.9453,0.633537
3,77.2712,27.8244,0.631346
3,77.3712,27.702,0.629166
3,77.4712,27.5782,0.626997
3,77.5712,27.4528,0.624838
3,77.6712,27.3259,0.622691
3,77.7712,27.1975,0.620554
3,77.8712,27.0676,0.618429
3,77.9712,26.9362,0.616315
3,78.0712,26.8032,0.614212
3,78.1712,26.6686,0.612121
3,78.2712,26.5325,0.610041
3,78.3712,26.3948,0.607973
3,78.4712,26.2556,0.605916
3,78.5712,26.1148,0.603872
3,78.6712,25.9724,0.601839
3,78.7712,25.8284,0.599818
3,78.8712,25.6828,0.59781
3,78.9712,25.5356,0.595813
3,79.0712,25.3868,0.593829
3,79.1712,25.2364,0.591857
3,79.2712,25.0843,0.589898
3,79.3712,24.9306,0.587951
3,79.4712,24.7753,0.586017
3,79.5712,24.6184,0.584096
3,79.6712,24.4598,0.582188
3,79.7712,24.2995,0.580292
3,79.8712,24.1376,0.57841
3,79.9712,23.9741,0.576541
3,80.0712,23.8089,0.574685
3,80.1712,23.642,0.572843
3,80.2712,23.4735,0.571014
3,80.3712,23.3032,0.569199
3,80.4712,23.1313,0.567398
3,80.5712,22.9577,0.56561
3,80.6712,22.7825,0.563836
3,80.7712,22.6055,0.562077
3,80.8712,22.4269,0.560331
3,80.9712,22.2466,0.5586
3,81.0712,22.0645,0.556884
3,81.1712,21.8808,0.555182
3,81.2712,21.6954,0.553494
3,81.3712,21.5083,0.551821
3,81.4712,21.3195,0.550163
3,81.5712,21.129,0.54852
3,81.6712,20.9369,0.546893
3,81.7712,20.743,0.54528
3,81.8712,20.5474,0.543683
3,81.9712,20.3502,0.542101
3,82.0712,20.1512,0.540534
3,82.1712,19.9506,0.538984
3,82.2712,19.7483,0.537449
3,82.3712,19.5443,0.53593
3,82.4712,19.3386,0.534427
3,82.5712,19.1312,0.53294
3,82.6712,18.9222,0.531469
3,82.7712,18.7115,0.530015
3,82.8712,18.4992,0.528577
3,82.9712,18.2852,0.527156
3,83.0712,18.0696,0.525752
3,83.1712,17.8523,0.524364
3,83.2712,17.6333,0.522993
3,83.3712,17.4128,0.52164
3,83.4712,17.1906,0.520303
3,83.5712,16.9668,0.518984
3,83.6712,16.7415,0.517682
3,83.7712,16.5145,0.516398
3,83.8712,16.2859,0.515132
3,83.9712,16.0558,0.513883
3,84.0712,15.8241,0.512652
3,84.1712,15.5909,0.511439
3,84.2712,15.3561,0.510245
3,84.3712,15.1198,0.509068
3,84.4712,14.882,0.50791
3,84.5712,14.6427,0.50677
3,84.6712,14.4019,0.505649
3,84.7712,14.1596,0.504546
3,84.8712,13.9159,0.503462
3,84.9712,13.6708,0.502397
3,85.0712,13.4242,0.501351
3,85.1712,13.1762,0.500325
3,85.2712,12.9268,0.499317
3,85.3712,12.6761,0.498329
3,85.4712,12.424,0.49736
3,85.5712,12.1706,0.49641
3,85.6712,11.9159,0.49548
3,85.7712,11.6599,0.49457
3,85.8712,11.4026,0.49368
3,85.9712,11.144,0.49281
3,86.0712,10.8842,0.491959
3,86.1712,10.6233,0.491129
3,86.2712,10.3611,0.490319
3,86.3712,10.0978,0.489529
3,86.4712,9.83334,0.488759
3,86.5712,9.56778,0.48801
3,86.6712,9.30113,0.487282
3,86.7712,9.03342,0.486574
3,86.8712,8.76468,0.485887
3,86.9712,8.49493,0.48522
3,87.0712,8.2242,0.484575
3,87.1712,7.95251,0.48395
3,87.2712,7.6799,0.483346
3,87.3712,7.4064,0.482764
3,87.4712,7.13202,0.482202
3,87.5712,6.85681,0.481662
3,87.6712,6.58079,0.481143
3,87.7712,6.30398,0.480645
3,87.8712,6.02643,0.480169
3,87.9712,5.74816,0.479714
3,88.0712,5.46921,0.479281
3,88.1712,5.1896,0.47887
3,88.2712,4.90936,0.478479
3,88.3712,4.62854,0.478111
3,88.4712,4.34715,0.477764
3,88.5712,4.06524,0.477439
3,88.6712,3.78284,0.477136
3,88.7712,3.49998,0.476855
3,88.8712,3.21669,0.476595
3,88.9712,2.93301,0.476358
3,89.0712,2.64898,0.476142
3,89.1712,2.36461,0.475949
3,89.2712,2.07996,0.475777
3,89.3712,1.79506,0.475627
3,89.4712,1.50993,0.475499
3,89.5712,1.22462,0.475394
3,89.6712,0.939162,0.47531
3,89.7712,0.653585,0.475249
3,89.8712,0.367929,0.475209
3,89.9712,0.0822266,0.475192
3.5,16.6015,5.80566e-15,3.5
3.5,16.7015,0.152618,3.49043
3.5,16.8015,0.304359,3.48094
3.5,16.9015,0.455237,3.47155
3.5,17.0015,0.605266,3.46223
3.5,17.1015,0.754459,3.453
3.5,17.2015,0.902829,3.44384
3.5,17.3015,1.05039,3.43476
3.5,17.4015,1.19715,3.42576
3.5,17.5015,1.34313,3.41682
3.5,17.6015,1.48833,3.40796
3.5,17.7015,1.63277,3.39916
3.5,17.8015,1.77647,3.39044
3.5,17.9015,1.91942,3.38177
3.5,18.0015,2.06164,3.37317
3.5,18.1015,2.20315,3.36462
3.5,18.2015,2.34395,3.35614
3.5,18.3015,2.48406,3.34772
3.5,18.4015,2.62348,3.33935
3.5,18.5015,2.76222,3.33103
3.5,18.6015,2.90029,3.32277
3.5,18.7015,3.03771,3.31456
3.5,18.8015,3.17448,3.3064
3.5,18.9015,3.31062,3.29829
3.5,19.0015,3.44612,3.29022
3.5,19.1015,3.581,3.28221
3.5,19.2015,3.71527,3.27424
3.5,19.3015,3.84893,3.26631
3.5,19.4015,3.982,3.25843
3.5,19.5015,4.11449,3.25059
3.5,19.6015,4.24639,3.24279
3.5,19.7015,4.37772,3.23503
3.5,19.8015,4.50848,3.22731
3.5,19.9015,4.63869,3.21963
3.5,20.0015,4.76835,3.21198
3.5,20.1015,4.89747,3.20438
3.5,20.2015,5.02605,3.19681
3.5,20.3015,5.1541,3.18927
3.5,20.4015,5.28164,3.18177
3.5,20.5015,5.40865,3.1743
3.5,20.6015,5.53516,3.16686
3.5,20.7015,5.66117,3.15946
3.5,20.8015,5.78668,3.15209
3.5,20.9015,5.9117,3.14475
3.5,21.0015,6.03624,3.13743
3.5,21.1015,6.1603,3.13015
3.5,21.2015,6.28388,3.1229
3.5,21.3015,6.40701,3.11568
3.5,21.4015,6.52967,3.10848
3.5,21.5015,6.65187,3.10131
3.5,21.6015,6.77363,3.09417
3.5,21.7015,6.89494,3.08705
3.5,21.8015,7.01582,3.07996
3.5,21.9015,7.13626,3.07289
3.5,22.0015,7.25627,3.06585
3.5,22.1015,7.37585,3.05883
3.5,22.2015,7.49502,3.05184
3.5,22.3015,7.61377,3.04487
3.5,22.4015,7.73212,3.03792
3.5,22.5015,7.85005,3.03099
3.5,22.6015,7.96759,3.02409
3.5,22.7015,8.08473,3.01721
3.5,22.8015,8.20148,3.01035
3.5,22.9015,8.31784,3.00351
3.5,23.0015,8.43382,2.99669
3.5,23.1015,8.54942,2.9899
3.5,23.2015,8.66464,2.98312
3.5,23.3015,8.77949,2.97636
3.5,23.4015,8.89398,2.96962
3.5,23.5015,9.0081,2.9629
3.5,23.6015,9.12186,2.9562
3.5,23.7015,9.23526,2.94952
3.5,23.8015,9.34832,2.94285
3.5,23.9015,9.46102,2.93621
3.5,24.0015,9.57338,2.92958
3.5,24.1015,9.68539,2.92297
3.5,24.2015,9.79707,2.91637
3.5,24.3015,9.90841,2.9098
3.5,24.4015,10.0194,2.90324
3.5,24.5015,10.1301,2.89669
3.5,24.6015,10.2405,2.89016
3.5,24.7015,10.3505,2.88365
3.5,24.8015,10.4602,2.87716
3.5,24.9015,10.5696,2.87068
3.5,25.0015,10.6787,2.86421
3.5,25.1015,10.7875,2.85776
3.5,25.2015,10.8959,2.85133
3.5,25.3015,11.0041,2.84491
3.5,25.4015,11.1119,2.8385
3.5,25.5015,11.2195,2.83211
3.5,25.6015,11.3268,2.82574
3.5,25.7015,11.4337,2.81938
3.5,25.8015,11.5404,2.81303
3.5,25.9015,11.6468,2.80669
3.5,26.0015,11.7529,2.80037
3.5,26.1015,11.8587,2.79407
3.5,26.2015,11.9643,2.78777
3.5,26.3015,12.0695,2.7815
3.5,26.4015,12.1745,2.77523
3.5,26.5015,12.2792,2.76898
3.5,26.6015,12.3836,2.76274
3.5,26.7015,12.4878,2.75651
3.5,26.8015,12.5917,2.75029
3.5,26.9015,12.6953,2.74409
3.5,27.0015,12.7987,2.7379
3.5,27.1015,12.9018,2.73173
3.5,27.2015,13.0046,2.72556
3.5,27.3015,13.1072,2.71941
3.5,27.4015,13.2095,2.71327
3.5,27.5015,13.3116,2.70714
3.5,27.6015,13.4134,2.70102
3.5,27.7015,13.515,2.69492
3.5,27.8015,13.6163,2.68883
3.5,27.9015,13.7174,2.68274
3.5,28.0015,13.8182,2.67667
3.5,28.1015,13.9188,2.67062
3.5,28.2015,14.0192,2.66457
3.5,28.3015,14.1193,2.65853
3.5,28.4015,14.2191,2.65251
3.5,28.5015,14.3188,2.6465
3.5,28.6015,14.4182,2.64049
3.5,28.7015,14.5173,2.6345
3.5,28.8015,14.6163,2.62852
3.5,28.9015,14.715,2.62255
3.5,29.0015,14.8135,2.61659
3.5,29.1015,14.9117,2.61065
3.5,29.2015,15.0097,2.60471
3.5,29.3015,15.1075,2.59878
3.5,29.4015,15.2051,2.59286
3.5,29.5015,15.3025,2.58696
3.5,29.6015,15.3996,2.58106
3.5,29.7015,15.4965,2.57518
3.5,29.8015,15.5932,2.5693
3.5,29.9015,15.6897,2.56344
3.5,30.0015,15.786,2.55759
3.5,30.1015,15.882,2.55174
3.5,30.2015,15.9779,2.54591
3.5,30.3015,16.0735,2.54008
3.5,30.4015,16.1689,2.53427
3.5,30.5015,16.2641,2.52847
3.5,30.6015,16.3591,2.52267
3.5,30.7015,16.4539,2.51689
3.5,30.8015,16.5485,2.51112
3.5,30.9015,16.6429,2.50535
3.5,31.0015,16.7371,2.4996
3.5,31.1015,16.8311,2.49385
3.5,31.2015,16.9248,2.48812
3.5,31.3015,17.0184,2.48239
3.5,31.4015,17.1118,2.47668
3.5,31.5015,17.205,2.47097
3.5,31.6015,17.298,2.46527
3.5,31.7015,17.3908,2.45959
3.5,31.8015,17.4833,2.45391
3.5,31.9015,17.5757,2.44824
3.5,32.0015,17.6679,2.44258
3.5,32.1015,17.7599,2.43693
3.5,32.2015,17.8518,2.43129
3.5,32.3015,17.9434,2.42566
3.5,32.4015,18.0348,2.42004
3.5,32.5015,18.1261,2.41443
3.5,32.6015,18.2171,2.40882
3.5,32.7015,18.308,2.40323
3.5,32.8015,18.3987,2.39764
3.5,32.9015,18.4891,2.39207
3.5,33.0015,18.5795,2.3865
3.5,33.1015,18.6696,2.38094
3.5,33.2015,18.7595,2.3754
3.5,33.3015,18.8492,2.36986
3.5,33.4015,18.9388,2.36433
3.5,33.5015,19.0282,2.3588
3.5,33.6015,19.1174,2.35329
3.5,33.7015,19.2064,2.34779
3.5,33.8015,19.2952,2.34229
3.5,33.9015,19.3839,2.33681
3.5,34.0015,19.4724,2.33133
3.5,34.1015,19.5607,2.32586
3.5,34.2015,19.6488,2.3204
3.5,34.3015,19.7367,2.31495
3.5,34.4015,19.8245,2.30951
3.5,34.5015,19.9121,2.30408
3.5,34.6015,19.9995,2.29865
3.5,34.7015,20.0867,2.29324
3.5,34.8015,20.1738,2.28783
3.5,34.9015,20.2606,2.28243
3.5,35.0015,20.3473,2.27704
3.5,35.1015,20.4339,2.27166
3.5,35.2015,20.5202,2.26629
3.5,35.3015,20.6064,2.26092
3.5,35.4015,20.6924,2.25557
3.5,35.5015,20.7782,2.25022
3.5,35.6015,20.8639,2.24488
3.5,35.7015,20.9494,2.23955
3.5,35.8015,21.0347,2.23423
3.5,35.9015,21.1198,2.22892
3.5,36.0015,21.2048,2.22362
3.5,36.1015,21.2896,2.21832
3.5,36.2015,21.3742,2.21303
3.5,36.3015,21.4587,2.20775
3.5,36.4015,21.543,2.20248
3.5,36.5015,21.6271,2.19722
3.5,36.6015,21.711,2.19197
3.5,36.7015,21.7948,2.18672
3.5,36.8015,21.8784,2.18148
3.5,36.9015,21.9618,2.17625
3.5,37.0015,22.0451,2.17103
3.5,37.1015,22.1282,2.16582
3.5,37.2015,22.2111,2.16062
3.5,37.3015,22.2939,2.15542
3.5,37.4015,22.3765,2.15023
3.5,37.5015,22.4589,2.14505
3.5,37.6015,22.5412,2.13988
3.5,37.7015,22.6233,2.13472
3.5,37.8015,22.7052,2.12956
3.5,37.9015,22.7869,2.12442
3.5,38.0015,22.8685,2.11928
3.5,38.1015,22.9499,2.11415
3.5,38.2015,23.0312,2.10902
3.5,38.3015,23.1123,2.10391
3.5,38.4015,23.1932,2.0988
3.5,38.5015,23.2739,2.0937
3.5,38.6015,23.3545,2.08861
3.5,38.7015,23.4349,2.08353
3.5,38.8015,23.5152,2.07846
3.5,38.9015,23.5953,2.07339
3.5,39.0015,23.6752,2.06833
3.5,39.1015,23.7549,2.06328
3.5,39.2015,23.8345,2.05824
3.5,39.3015,23.9139,2.05321
3.5,39.4015,23.9932,2.04818
3.5,39.5015,24.0722,2.04316
3.5,39.6015,24.1511,2.03815
3.5,39.7015,24.2299,2.03315
3.5,39.8015,24.3085,2.02815
3.5,39.9015,24.3869,2.02316
3.5,40.0015,24.4651,2.01818
3.5,40.1015,24.5432,2.01321
3.5,40.2015,24.6211,2.00825
3.5,40.3015,24.6988,2.00329
3.5,40.4015,24.7764,1.99835
3.5,40.5015,24.8538,1.9934
3.5,40.6015,24.931,1.98847
3.5,40.7015,25.0081,1.98355
3.5,40.8015,25.085,1.97863
3.5,40.9015,25.1617,1.97372
3.5,41.0015,25.2383,1.96882
3.5,41.1015,25.3147,1.96392
3.5,41.2015,25.3909,1.95904
3.5,41.3015,25.4669,1.95416
3.5,41.4015,25.5428,1.94929
3.5,41.5015,25.6185,1.94442
3.5,41.6015,25.694,1.93957
3.5,41.7015,25.7694,1.93472
3.5,41.8015,25.8446,1.92988
3.5,41.9015,25.9196,1.92505
3.5,42.0015,25.9945,1.92022
3.5,42.1015,26.0692,1.9154
3.5,42.2015,26.1437,1.91059
3.5,42.3015,26.218,1.90579
3.5,42.4015,26.2922,1.90099
3.5,42.5015,26.3662,1.89621
3.5,42.6015,26.44,1.89143
3.5,42.7015,26.5137,1.88665
3.5,42.8015,26.5871,1.88189
3.5,42.9015,26.6605,1.87713
3.5,43.0015,26.7336,1.87238
3.5,43.1015,26.8065,1.86763
3.5,43.2015,26.8793,1.8629
3.5,43.3015,26.9519,1.85817
3.5,43.4015,27.0243,1.85345
3.5,43.5015,27.0966,1.84874
3.5,43.6015,27.1687,1.84403
3.5,43.7015,27.2406,1.83933
3.5,43.8015,27.3123,1.83464
3.5,43.9015,27.3838,1.82995
3.5,44.0015,27.4552,1.82528
3.5,44.1015,27.5264,1.82061
3.5,44.2015,27.5974,1.81594
3.5,44.3015,27.6682,1.81129
3.5,44.4015,27.7388,1.80664
3.5,44.5015,27.8093,1.802
3.5,44.6015,27.8796,1.79737
3.5,44.7015,27.9497,1.79274
3.5,44.8015,28.0196,1.78812
3.5,44.9015,28.0894,1.78351
3.5,45.0015,28.1589,1.7789
3.5,45.1015,28.2283,1.77431
3.5,45.2015,28.2975,1.76971
3.5,45.3015,28.3665,1.76513
3.5,45.4015,28.4353,1.76055
3.5,45.5015,28.5039,1.75599
3.5,45.6015,28.5724,1.75142
3.5,45.7015,28.6406,1.74687
3.5,45.8015,28.7087,1.74232
3.5,45.9015,28.7766,1.73778
3.5,46.0015,28.8442,1.73324
3.5,46.1015,28.9117,1.72872
3.5,46.2015,28.9791,1.7242
3.5,46.3015,29.0462,1.71968
3.5,46.4015,29.1131,1.71518
3.5,46.5015,29.1798,1.71068
3.5,46.6015,29.2464,1.70619
3.5,46.7015,29.3127,1.7017
3.5,46.8015,29.3789,1.69722
3.5,46.9015,29.4448,1.69275
3.5,47.0015,29.5106,1.68829
3.5,47.1015,29.5762,1.68383
3.5,47.2015,29.6415,1.67938
3.5,47.3015,29.7067,1.67494
3.5,47.4015,29.7717,1.6705
3.5,47.5015,29.8365,1.66607
3.5,47.6015,29.901,1.66165
3.5,47.7015,29.9654,1.65723
3.5,47.8015,30.0296,1.65282
3.5,47.9015,30.0935,1.64842
3.5,48.0015,30.1573,1.64402
3.5,48.1015,30.2209,1.63963
3.5,48.2015,30.2842,1.63525
3.5,48.3015,30.3474,1.63088
3.5,48.4015,30.4103,1.62651
3.5,48.5015,30.473,1.62214
3.5,48.6015,30.5356,1.61779
3.5,48.7015,30.5979,1.61344
3.5,48.8015,30.66,1.6091
3.5,48.9015,30.7219,1.60476
3.5,49.0015,30.7836,1.60043
3.5,49.1015,30.845,1.59611
3.5,49.2015,30.9063,1.5918
3.5,49.3015,30.9673,1.58749
3.5,49.4015,31.0281,1.58318
3.5,49.5015,31.0888,1.57889
3.5,49.6015,31.1491,1.5746
3.5,49.7015,31.2093,1.57032
3.5,49.8015,31.2693,1.56604
3.5,49.9015,31.329,1.56177
3.5,50.0015,31.3885,1.55751
3.5,50.1015,31.4478,1.55325
3.5,50.2015,31.5068,1.549
3.5,50.3015,31.5656,1.54476
3.5,50.4015,31.6243,1.54052
3.5,50.5015,31.6826,1.53629
3.5,50.6015,31.7408,1.53207
3.5,50.7015,31.7987,1.52785
3.5,50.8015,31.8564,1.52364
3.5,50.9015,31.9138,1.51944
3.5,51.0015,31.9711,1.51524
3.5,51.1015,32.028,1.51105
3.5,51.2015,32.0848,1.50686
3.5,51.3015,32.1413,1.50268
3.5,51.4015,32.1976,1.49851
3.5,51.5015,32.2536,1.49435
3.5,51.6015,32.3094,1.49019
3.5,51.7015,32.365,1.48603
3.5,51.8015,32.4203,1.48189
3.5,51.9015,32.4753,1.47775
3.5,52.0015,32.5301,1.47361
3.5,52.1015,32.5847,1.46948
3.5,52.2015,32.639,1.46536
3.5,52.3015,32.6931,1.46125
3.5,52.4015,32.7469,1.45714
3.5,52.5015,32.8005,1.45304
3.5,52.6015,32.8538,1.44894
3.5,52.7015,32.9069,1.44485
3.5,52.8015,32.9597,1.44077
3.5,52.9015,33.0122,1.43669
3.5,53.0015,33.0645,1.43262
3.5,53.1015,33.1165,1.42855
3.5,53.2015,33.1683,1.42449
3.5,53.3015,33.2198,1.42044
3.5,53.4015,33.271,1.41639
3.5,53.5015,33.322,1.41235
3.5,53.6015,33.3727,1.40832
3.5,53.7015,33.4231,1.40429
3.5,53.8015,33.4733,1.40027
3.5,53.9015,33.5232,1.39625
3.5,54.0015,33.5728,1.39224
3.5,54.1015,33.6221,1.38824
3.5,54.2015,33.6711,1.38424
3.5,54.3015,33.7199,1.38025
3.5,54.4015,33.7684,1.37626
3.5,54.5015,33.8166,1.37228
3.5,54.6015,33.8645,1.36831
3.5,54.7015,33.9122,1.36434
3.5,54.8015,33.9595,1.36038
3.5,54.9015,34.0066,1.35643
3.5,55.0015,34.0533,1.35248
3.5,55.1015,34.0998,1.34854
3.5,55.2015,34.146,1.3446
3.5,55.3015,34.1919,1.34067
3.5,55.4015,34.2374,1.33674
3.5,55.5015,34.2827,1.33283
3.5,55.6015,34.3277,1.32891
3.5,55.7015,34.3724,1.32501
3.5,55.8015,34.4167,1.32111
3.5,55.9015,34.4608,1.31721
3.5,56.0015,34.5045,1.31332
3.5,56.1015,34.548,1.30944
3.5,56.2015,34.5911,1.30556
3.5,56.3015,34.6339,1.30169
3.5,56.4015,34.6763,1.29783
3.5,56.5015,34.7185,1.29397
3.5,56.6015,34.7603,1.29011
3.5,56.7015,34.8019,1.28627
3.5,56.8015,34.843,1.28242
3.5,56.9015,34.8839,1.27859
3.5,57.0015,34.9244,1.27476
3.5,57.1015,34.9646,1.27094
3.5,57.2015,35.0045,1.26712
3.5,57.3015,35.044,1.26331
3.5,57.4015,35.0832,1.2595
3.5,57.5015,35.122,1.2557
3.5,57.6015,35.1605,1.25191
3.5,57.7015,35.1986,1.24812
3.5,57.8015,35.2364,1.24434
3.5,57.9015,35.2738,1.24056
3.5,58.0015,35.3109,1.23679
3.5,58.1015,35.3476,1.23302
3.5,58.2015,35.384,1.22926
3.5,58.3015,35.42,1.22551
3.5,58.4015,35.4557,1.22176
3.5,58.5015,35.4909,1.21802
3.5,58.6015,35.5258,1.21429
3.5,58.7015,35.5604,1.21056
3.5,58.8015,35.5945,1.20683
3.5,58.9015,35.6283,1.20311
3.5,59.0015,35.6617,1.1994
3.5,59.1015,35.6947,1.19569
3.5,59.2015,35.7274,1.19199
3.5,59.3015,35.7596,1.1883
3.5,59.4015,35.7915,1.18461
3.5,59.5015,35.8229,1.18092
3.5,59.6015,35.854,1.17725
3.5,59.7015,35.8847,1.17357
3.5,59.8015,35.9149,1.16991
3.5,59.9015,35.9448,1.16625
3.5,60.0015,35.9742,1.16259
3.5,60.1015,36.0033,1.15894
3.5,60.2015,36.0319,1.1553
3.5,60.3015,36.0601,1.15166
3.5,60.4015,36.0879,1.14803
3.5,60.5015,36.1153,1.14441
3.5,60.6015,36.1422,1.14079
3.5,60.7015,36.1687,1.13717
3.5,60.8015,36.1948,1.13356
3.5,60.9015,36.2204,1.12996
3.5,61.0015,36.2456,1.12636
3.5,61.1015,36.2704,1.12277
3.5,61.2015,36.2947,1.11919
3.5,61.3015,36.3186,1.11561
3.5,61.4015,36.342,1.11203
3.5,61.5015,36.3649,1.10846
3.5,61.6015,36.3874,1.1049
3.5,61.7015,36.4095,1.10135
3.5,61.8015,36.431,1.0978
3.5,61.9015,36.4521,1.09425
3.5,62.0015,36.4728,1.09071
3.5,62.1015,36.4929,1.08718
3.5,62.2015,36.5126,1.08365
3.5,62.3015,36.5318,1.08013
3.5,62.4015,36.5505,1.07661
3.5,62.5015,36.5687,1.0731
3.5,62.6015,36.5864,1.0696
3.5,62.7015,36.6036,1.0661
3.5,62.8015,36.6203,1.0626
3.5,62.9015,36.6365,1.05912
3.5,63.0015,36.6522,1.05564
3.5,63.1015,36.6674,1.05216
3.5,63.2015,36.682,1.04869
3.5,63.3015,36.6962,1.04523
3.5,63.4015,36.7098,1.04177
3.5,63.5015,36.7229,1.03832
3.5,63.6015,36.7354,1.03487
3.5,63.7015,36.7474,1.03143
3.5,63.8015,36.7588,1.02799
3.5,63.9015,36.7697,1.02457
3.5,64.0015,36.7801,1.02114
3.5,64.1015,36.7899,1.01773
3.5,64.2015,36.7991,1.01431
3.5,64.3015,36.8078,1.01091
3.5,64.4015,36.8159,1.00751
3.5,64.5015,36.8234,1.00412
3.5,64.6015,36.8303,1.00073
3.5,64.7015,36.8367,0.997346
3.5,64.8015,36.8425,0.99397
3.5,64.9015,36.8476,0.9906
3.5,65.0015,36.8522,0.987236
3.5,65.1015,36.8562,0.983878
3.5,65.2015,36.8595,0.980526
3.5,65.3015,36.8623,0.97718
3.5,65.4015,36.8644,0.97384
3.5,65.5015,36.8659,0.970506
3.5,65.6015,36.8668,0.967177
3.5,65.7015,36.867,0.963855
3.5,65.8015,36.8666,0.960539
3.5,65.9015,36.8656,0.957229
3.5,66.0015,36.8639,0.953925
3.5,66.1015,36.8615,0.950627
3.5,66.2015,36.8585,0.947335
3.5,66.3015,36.8548,0.944049
3.5,66.4015,36.8504,0.940769
3.5,66.5015,36.8454,0.937495
3.5,66.6015,36.8397,0.934228
3.5,66.7015,36.8333,0.930966
3.5,66.8015,36.8262,0.927711
3.5,66.9015,36.8184,0.924462
3.5,67.0015,36.8099,0.921219
3.5,67.1015,36.8007,0.917982
3.5,67.2015,36.7907,0.914752
3.5,67.3015,36.78,0.911528
3.5,67.4015,36.7687,0.90831
3.5,67.5015,36.7565,0.905098
3.5,67.6015,36.7436,0.901892
3.5,67.7015,36.73,0.898693
3.5,67.8015,36.7156,0.895501
3.5,67.9015,36.7005,0.892314
3.5,68.0015,36.6846,0.889134
3.5,68.1015,36.6679,0.88596
3.5,68.2015,36.6504,0.882793
3.5,68.3015,36.6321,0.879632
3.5,68.4015,36.6131,0.876478
3.5,68.5015,36.5932,0.87333
3.5,68.6015,36.5726,0.870189
3.5,68.7015,36.5511,0.867054
3.5,68.8015,36.5288,0.863925
3.5,68.9015,36.5056,0.860804
3.5,69.0015,36.4816,0.857689
3.5,69.1015,36.4568,0.85458
3.5,69.2015,36.4311,0.851478
3.5,69.3015,36.4046,0.848383
3.5,69.4015,36.3772,0.845294
3.5,69.5015,36.3489,0.842213
3.5,69.6015,36.3198,0.839137
3.5,69.7015,36.2897,0.836069
3.5,69.8015,36.2588,0.833008
3.5,69.9015,36.2269,0.829953
3.5,70.0015,36.1942,0.826905
3.5,70.1015,36.1605,0.823864
3.5,70.2015,36.1259,0.820831
3.5,70.3015,36.0903,0.817804
3.5,70.4015,36.0538,0.814784
3.5,70.5015,36.0164,0.811771
3.5,70.6015,35.978,0.808765
3.5,70.7015,35.9386,0.805766
3.5,70.8015,35.8983,0.802774
3.5,70.9015,35.8569,0.79979
3.5,71.0015,35.8146,0.796812
3.5,71.1015,35.7712,0.793842
3.5,71.2015,35.7269,0.79088
3.5,71.3015,35.6815,0.787924
3.5,71.4015,35.6351,0.784976
3.5,71.5015,35.5877,0.782035
3.5,71.6015,35.5392,0.779102
3.5,71.7015,35.4896,0.776176
3.5,71.8015,35.439,0.773257
3.5,71.9015,35.3873,0.770347
3.5,72.0015,35.3346,0.767443
3.5,72.1015,35.2807,0.764548
3.5,72.2015,35.2257,0.76166
3.5,72.3015,35.1696,0.75878
3.5,72.4015,35.1124,0.755907
3.5,72.5015,35.0541,0.753043
3.5,72.6015,34.9946,0.750186
3.5,72.7015,34.934,0.747337
3.5,72.8015,34.8722,0.744496
3.5,72.9015,34.8092,0.741663
3.5,73.0015,34.7451,0.738838
3.5,73.1015,34.6798,0.736022
3.5,73.2015,34.6132,0.733213
3.5,73.3015,34.5455,0.730413
3.5,73.4015,34.4765,0.72762
3.5,73.5015,34.4063,0.724837
3.5,73.6015,34.3348,0.722061
3.5,73.7015,34.2621,0.719294
3.5,73.8015,34.1882,0.716536
3.5,73.9015,34.1129,0.713786
3.5,74.0015,34.0364,0.711044
3.5,74.1015,33.9586,0.708312
3.5,74.2015,33.8795,0.705588
3.5,74.3015,33.799,0.702872
3.5,74.4015,33.7173,0.700166
3.5,74.5015,33.6342,0.697468
3.5,74.6015,33.5497,0.69478
3.5,74.7015,33.4639,0.6921
3.5,74.8015,33.3767,0.68943
3.5,74.9015,33.2881,0.686769
3.5,75.0015,33.1981,0.684117
3.5,75.1015,33.1068,0.681474
3.5,75.2015,33.014,0.678841
3.5,75.3015,32.9198,0.676217
3.5,75.4015,32.8241,0.673602
3.5,75.5015,32.727,0.670997
3.5,75.6015,32.6284,0.668402
3.5,75.7015,32.5283,0.665817
3.5,75.8015,32.4268,0.663241
3.5,75.9015,32.3238,0.660675
3.5,76.0015,32.2192,0.65812
3.5,76.1015,32.1132,0.655574
3.5,76.2015,32.0056,0.653038
3.5,76.3015,31.8964,0.650513
3.5,76.4015,31.7857,0.647998
3.5,76.5015,31.6735,0.645493
3.5,76.6015,31.5596,0.642998
3.5,76.7015,31.4442,0.640515
3.5,76.8015,31.3272,0.638041
3.5,76.9015,31.2085,0.635579
3.5,77.0015,31.0882,0.633127
3.5,77.1015,30.9663,0.630686
3.5,77.2015,30.8428,0.628257
3.5,77.3015,30.7176,0.625838
3.5,77.4015,30.5907,0.62343
3.5,77.5015,30.4621,0.621034
3.5,77.6015,30.3318,0.618649
3.5,77.7015,30.1998,0.616275
3.5,77.8015,30.0662,0.613913
3.5,77.9015,29.9307,0.611563
3.5,78.0015,29.7936,0.609224
3.5,78.1015,29.6547,0.606898
3.5,78.2015,29.514,0.604583
3.5,78.3015,29.3715,0.60228
3.5,78.4015,29.2273,0.599989
3.5,78.5015,29.0813,0.597711
3.5,78.6015,28.9335,0.595445
3.5,78.7015,28.7838,0.593192
3.5,78.8015,28.6323,0.590951
3.5,78.9015,28.479,0.588722
3.5,79.0015,28.3239,0.586507
3.5,79.1015,28.1668,0.584305
3.5,79.2015,28.008,0.582115
3.5,79.3015,27.8472,0.579939
3.5,79.4015,27.6846,0.577776
3.5,79.5015,27.52,0.575626
3.5,79.6015,27.3536,0.57349
3.5,79.7015,27.1852,0.571368
3.5,79.8015,27.0149,0.569259
3.5,79.9015,26.8427,0.567164
3.5,80.0015,26.6685,0.565083
3.5,80.1015,26.4924,0.563017
3.5,80.2015,26.3143,0.560964
3.5,80.3015,26.1343,0.558926
3.5,80.4015,25.9523,0.556902
3.5,80.5015,25.7683,0.554893
3.5,80.6015,25.5823,0.552899
3.5,80.7015,25.3944,0.55092
3.5,80.8015,25.2044,0.548956
3.5,80.9015,25.0124,0.547006
3.5,81.0015,24.8184,0.545073
3.5,81.1015,24.6224,0.543154
3.5,81.2015,24.4244,0.541251
3.5,81.3015,24.2244,0.539364
3.5,81.4015,24.0223,0.537493
3.5,81.5015,23.8182,0.535638
3.5,81.6015,23.612,0.533798
3.5,81.7015,23.4038,0.531975
3.5,81.8015,23.1936,0.530169
3.5,81.9015,22.9813,0.528379
3.5,82.0015,22.767,0.526606
3.5,82.1015,22.5506,0.524849
3.5,82.2015,22.3322,0.523109
3.5,82.3015,22.1117,0.521387
3.5,82.4015,21.8892,0.519682
3.5,82.5015,21.6646,0.517994
3.5,82.6015,21.438,0.516324
3.5,82.7015,21.2093,0.514671
3.5,82.8015,20.9786,0.513037
3.5,82.9015,20.7458,0.51142
3.5,83.0015,20.511,0.509822
3.5,83.1015,20.2742,0.508241
3.5,83.2015,20.0354,0.50668
3.5,83.3015,19.7945,0.505136
3.5,83.4015,19.5516,0.503612
3.5,83.5015,19.3067,0.502106
3.5,83.6015,19.0598,0.50062
3.5,83.7015,18.8109,0.499152
3.5,83.8015,18.56,0.497704
3.5,83.9015,18.3071,0.496276
3.5,84.0015,18.0523,0.494867
3.5,84.1015,17.7955,0.493477
3.5,84.2015,17.5368,0.492108
3.5,84.3015,17.2761,0.490759
3.5,84.4015,17.0135,0.48943
3.5,84.5015,16.7491,0.488121
3.5,84.6015,16.4827,0.486833
3.5,84.7015,16.2144,0.485566
3.5,84.8015,15.9443,0.484319
3.5,84.9015,15.6723,0.483093
3.5,85.0015,15.3986,0.481888
3.5,85.1015,15.123,0.480705
3.5,85.2015,14.8456,0.479543
3.5,85.3015,14.5664,0.478402
3.5,85.4015,14.2855,0.477283
3.5,85.5015,14.0029,0.476186
3.5,85.6015,13.7186,0.475111
3.5,85.7015,13.4325,0.474057
3.5,85.8015,13.1449,0.473026
3.5,85.9015,12.8556,0.472017
3.5,86.0015,12.5647,0.471031
3.5,86.1015,12.2722,0.470067
3.5,86.2015,11.9781,0.469126
3.5,86.3015,11.6826,0.468208
3.5,86.4015,11.3855,0.467312
3.5,86.5015,11.0869,0.46644
3.5,86.6015,10.787,0.465591
3.5,86.7015,10.4856,0.464765
3.5,86.8015,10.1828,0.463962
3.5,86.9015,9.87875,0.463183
3.5,87.0015,9.57335,0.462428
3.5,87.1015,9.26668,0.461696
3.5,87.2015,8.95876,0.460988
3.5,87.3015,8.64964,0.460304
3.5,87.4015,8.33936,0.459644
3.5,87.5015,8.02794,0.459008
3.5,87.6015,7.71544,0.458396
3.5,87.7015,7.40187,0.457809
3.5,87.8015,7.0873,0.457246
3.5,87.9015,6.77174,0.456707
3.5,88.0015,6.45525,0.456193
3.5,88.1015,6.13787,0.455704
3.5,88.2015,5.81963,0.455239
3.5,88.3015,5.50058,0.454799
3.5,88.4015,5.18076,0.454384
3.5,88.5015,4.86021,0.453993
3.5,88.6015,4.53897,0.453628
3.5,88.7015,4.2171,0.453287
3.5,88.8015,3.89463,0.452972
3.5,88.9015,3.57161,0.452682
3.5,89.0015,3.24808,0.452417
3.5,89.1015,2.92409,0.452177
3.5,89.2015,2.59968,0.451962
3.5,89.3015,2.2749,0.451772
3.5,89.4015,1.9498,0.451608
3.5,89.5015,1.62442,0.451469
3.5,89.6015,1.2988,0.451355
3.5,89.7015,0.973001,0.451267
3.5,89.8015,0.64706,0.451204
3.5,89.9015,0.321026,0.451166
4,14.4775,0,4
4,14.5775,0.15573,3.98824
4,14.6775,0.310432,3.9766
4,14.7775,0.464125,3.96508
4,14.8775,0.616829,3.95368
4,14.9775,0.768561,3.94239
4,15.0775,0.91934,3.93121
4,15.1775,1.06918,3.92014
4,15.2775,1.21811,3.90917
4,15.3775,1.36613,3.8983
4,15.4775,1.51326,3.88753
4,15.5775,1.65953,3.87685
4,15.6775,1.80493,3.86626
4,15.7775,1.9495,3.85575
4,15.8775,2.09324,3.84533
4,15.9775,2.23617,3.835
4,16.0775,2.37831,3.82474
4,16.1775,2.51965,3.81456
4,16.2775,2.66023,3.80445
4,16.3775,2.80005,3.79442
4,16.4775,2.93913,3.78446
4,16.5775,3.07747,3.77456
4,16.6775,3.21509,3.76473
4,16.7775,3.352,3.75497
4,16.8775,3.48822,3.74527
4,16.9775,3.62374,3.73563
4,17.0775,3.7586,3.72604
4,17.1775,3.89279,3.71652
4,17.2775,4.02632,3.70705
4,17.3775,4.15922,3.69764
4,17.4775,4.29147,3.68828
4,17.5775,4.42311,3.67897
4,17.6775,4.55413,3.66971
4,17.7775,4.68455,3.6605
4,17.8775,4.81437,3.65134
4,17.9775,4.9436,3.64223
4,18.0775,5.07226,3.63316
4,18.1775,5.20035,3.62413
4,18.2775,5.32788,3.61515
4,18.3775,5.45486,3.60621
4,18.4775,5.58129,3.59732
4,18.5775,5.70718,3.58846
4,18.6775,5.83255,3.57964
4,18.7775,5.9574,3.57086
4,18.8775,6.08173,3.56212
4,18.9775,6.20556,3.55341
4,19.0775,6.32889,3.54474
4,19.1775,6.45172,3.53611
4,19.2775,6.57407,3.52751
4,19.3775,6.69595,3.51894
4,19.4775,6.81735,3.51041
4,19.5775,6.93828,3.50191
4,19.6775,7.05876,3.49344
4,19.7775,7.17878,3.485
4,19.8775,7.29836,3.4766
4,19.9775,7.41749,3.46822
4,20.0775,7.53619,3.45987
4,20.1775,7.65446,3.45155
4,20.2775,7.7723,3.44326
4,20.3775,7.88973,3.435
4,20.4775,8.00674,3.42676
4,20.5775,8.12335,3.41855
4,20.6775,8.23955,3.41036
4,20.7775,8.35535,3.40221
4,20.8775,8.47077,3.39407
4,20.9775,8.58579,3.38597
4,21.0775,8.70043,3.37788
4,21.1775,8.81469,3.36982
4,21.2775,8.92858,3.36179
4,21.3775,9.0421,3.35378
4,21.4775,9.15525,3.34579
4,21.5775,9.26804,3.33782
4,21.6775,9.38048,3.32988
4,21.7775,9.49256,3.32196
4,21.8775,9.60429,3.31406
4,21.9775,9.71568,3.30618
4,22.0775,9.82673,3.29832
4,22.1775,9.93745,3.29048
4,22.2775,10.0478,3.28267
4,22.3775,10.1579,3.27487
4,22.4775,10.2676,3.2671
4,22.5775,10.377,3.25934
4,22.6775,10.4861,3.2516
4,22.7775,10.5949,3.24389
4,22.8775,10.7033,3.23619
4,22.9775,10.8115,3.22851
4,23.0775,10.9193,3.22085
4,23.1775,11.0269,3.21321
4,23.2775,11.1341,3.20558
4,23.3775,11.2411,3.19798
4,23.4775,11.3477,3.19039
4,23.5775,11.4541,3.18282
4,23.6775,11.5602,3.17527
4,23.7775,11.666,3.16773
4,23.8775,11.7715,3.16022
4,23.9775,11.8767,3.15271
4,24.0775,11.9817,3.14523
4,24.1775,12.0864,3.13776
4,24.2775,12.1908,3.13031
4,24.3775,12.295,3.12288
4,24.4775,12.3989,3.11546
4,24.5775,12.5025,3.10806
4,24.6775,12.6058,3.10068
4,24.7775,12.709,3.09331
4,24.8775,12.8118,3.08595
4,24.9775,12.9144,3.07862
4,25.0775,13.0168,3.07129
4,25.1775,13.1189,3.06399
4,25.2775,13.2207,3.0567
4,25.3775,13.3223,3.04942
4,25.4775,13.4237,3.04216
4,25.5775,13.5248,3.03491
4,25.6775,13.6257,3.02768
4,25.7775,13.7264,3.02047
4,25.8775,13.8268,3.01327
4,25.9775,13.927,3.00608
4,26.0775,14.0269,2.99891
4,26.1775,14.1267,2.99175
4,26.2775,14.2262,2.98461
4,26.3775,14.3255,2.97748
4,26.4775,14.4245,2.97037
4,26.5775,14.5234,2.96327
4,26.6775,14.622,2.95618
4,26.7775,14.7204,2.94911
4,26.8775,14.8186,2.94205
4,26.9775,14.9165,2.93501
4,27.0775,15.0143,2.92798
4,27.1775,15.1118,2.92096
4,27.2775,15.2092,2.91396
4,27.3775,15.3063,2.90697
4,27.4775,15.4032,2.9
4,27.5775,15.4999,2.89304
4,27.6775,15.5965,2.88609
4,27.7775,15.6928,2.87916
4,27.8775,15.7889,2.87224
4,27.9775,15.8848,2.86533
4,28.0775,15.9805,2.85844
4,28.1775,16.076,2.85156
4,28.2775,16.1713,2.84469
4,28.3775,16.2665,2.83784
4,28.4775,16.3614,2.831
4,28.5775,16.4561,2.82417
4,28.6775,16.5507,2.81736
4,28.7775,16.645,2.81056
4,28.8775,16.7392,2.80377
4,28.9775,16.8332,2.79699
4,29.0775,16.927,2.79023
4,29.1775,17.0206,2.78348
4,29.2775,17.114,2.77674
4,29.3775,17.2073,2.77002
4,29.4775,17.3003,2.76331
4,29.5775,17.3932,2.75661
4,29.6775,17.4859,2.74993
4,29.7775,17.5784,2.74325
4,29.8775,17.6708,2.73659
4,29.9775,17.7629,2.72994
4,30.0775,17.8549,2.72331
4,30.1775,17.9468,2.71669
4,30.2775,18.0384,2.71008
4,30.3775,18.1299,2.70348
4,30.4775,18.2212,2.69689
4,30.5775,18.3123,2.69032
4,30.6775,18.4032,2.68376
4,30.7775,18.494,2.67721
4,30.8775,18.5846,2.67068
4,30.9775,18.6751,2.66415
4,31.0775,18.7654,2.65764
4,31.1775,18.8555,2.65114
4,31.2775,18.9454,2.64466
4,31.3775,19.0352,2.63818
4,31.4775,19.1248,2.63172
4,31.5775,19.2142,2.62527
4,31.6775,19.3035,2.61883
4,31.7775,19.3926,2.6124
4,31.8775,19.4816,2.60599
4,31.9775,19.5704,2.59959
4,32.0775,19.659,2.5932
4,32.1775,19.7475,2.58682
4,32.2775,19.8358,2.58045
4,32.3775,19.924,2.5741
4,32.4775,20.012,2.56775
4,32.5775,20.0998,2.56142
4,32.6775,20.1875,2.5551
4,32.7775,20.275,2.5488
4,32.8775,20.3624,2.5425
4,32.9775,20.4496,2.53622
4,33.0775,20.5366,2.52995
4,33.1775,20.6235,2.52369
4,33.2775,20.7103,2.51744
4,33.3775,20.7969,2.5112
4,33.4775,20.8833,2.50498
4,33.5775,20.9696,2.49876
4,33.6775,21.0557,2.49256
4,33.7775,21.1417,2.48637
4,33.8775,21.2275,2.48019
4,33.9775,21.3132,2.47402
4,34.0775,21.3987,2.46787
4,34.1775,21.484,2.46172
4,34.2775,21.5693,2.45559
4,34.3775,21.6543,2.44947
4,34.4775,21.7392,2.44336
4,34.5775,21.824,2.43726
4,34.6775,21.9086,2.43117
4,34.7775,21.9931,2.4251
4,34.8775,22.0774,2.41903
4,34.9775,22.1616,2.41298
4,35.0775,22.2456,2.40694
4,35.1775,22.3294,2.40091
4,35.2775,22.4132,2.39489
4,35.3775,22.4967,2.38888
4,35.4775,22.5801,2.38288
4,35.5775,22.6634,2.3769
4,35.6775,22.7466,2.37092
4,35.7775,22.8295,2.36496
4,35.8775,22.9124,2.35901
4,35.9775,22.9951,2.35306
4,36.0775,23.0776,2.34713
4,36.1775,23.16,2.34122
4,36.2775,23.2422,2.33531
4,36.3775,23.3243,2.32941
4,36.4775,23.4063,2.32352
4,36.5775,23.4881,2.31765
4,36.6775,23.5697,2.31178
4,36.7775,23.6513,2.30593
4,36.8775,23.7326,2.30009
4,36.9775,23.8139,2.29425
4,37.0775,23.8949,2.28843
4,37.1775,23.9759,2.28262
4,37.2775,24.0567,2.27682
4,37.3775,24.1373,2.27104
4,37.4775,24.2178,2.26526
4,37.5775,24.2981,2.25949
4,37.6775,24.3783,2.25373
4,37.7775,24.4584,2.24799
4,37.8775,24.5383,2.24225
4,37.9775,24.6181,2.23653
4,38.0775,24.6977,2.23081
4,38.1775,24.7772,2.22511
4,38.2775,24.8565,2.21942
4,38.3775,24.9357,2.21374
4,38.4775,25.0147,2.20806
4,38.5775,25.0936,2.2024
4,38.6775,25.1724,2.19675
4,38.7775,25.251,2.19111
4,38.8775,25.3294,2.18548
4,38.9775,25.4077,2.17986
4,39.0775,25.4859,2.17425
4,39.1775,25.5639,2.16866
4,39.2775,25.6418,2.16307
4,39.3775,25.7195,2.15749
4,39.4775,25.7971,2.15192
4,39.5775,25.8745,2.14636
4,39.6775,25.9518,2.14082
4,39.7775,26.0289,2.13528
4,39.8775,26.1059,2.12975
4,39.9775,26.1827,2.12424
4,40.0775,26.2594,2.11873
4,40.1775,26.336,2.11323
4,40.2775,26.4124,2.10775
4,40.3775,26.4886,2.10227
4,40.4775,26.5647,2.09681
4,40.5775,26.6407,2.09135
4,40.6775,26.7165,2.0859
4,40.7775,26.7921,2.08047
4,40.8775,26.8676,2.07504
4,40.9775,26.943,2.06963
4,41.0775,27.0182,2.06422
4,41.1775,27.0932,2.05882
4,41.2775,27.1681,2.05344
4,41.3775,27.2429,2.04806
4,41.4775,27.3175,2.0427
4,41.5775,27.3919,2.03734
4,41.6775,27.4662,2.03199
4,41.7775,27.5404,2.02666
4,41.8775,27.6144,2.02133
4,41.9775,27.6882,2.01601
4,42.0775,27.7619,2.0107
4,42.1775,27.8354,2.0054
4,42.2775,27.9088,2.00012
4,42.3775,27.982,1.99484
4,42.4775,28.0551,1.98957
4,42.5775,28.128,1.98431
4,42.6775,28.2008,1.97906
4,42.7775,28.2734,1.97382
4,42.8775,28.3458,1.96859
4,42.9775,28.4181,1.96337
4,43.0775,28.4903,1.95815
4,43.1775,28.5622,1.95295
4,43.2775,28.6341,1.94776
4,43.3775,28.7057,1.94258
4,43.4775,28.7772,1.9374
4,43.5775,28.8486,1.93224
4,43.6775,28.9198,1.92708
4,43.7775,28.9908,1.92193
4,43.8775,29.0616,1.9168
4,43.9775,29.1324,1.91167
4,44.0775,29.2029,1.90655
4,44.1775,29.2733,1.90144
4,44.2775,29.3435,1.89634
4,44.3775,29.4135,1.89125
4,44.4775,29.4834,1.88617
4,44.5775,29.5532,1.8811
4,44.6775,29.6227,1.87604
4,44.7775,29.6921,1.87098
4,44.8775,29.7614,1.86594
4,44.9775,29.8304,1.8609
4,45.0775,29.8993,1.85587
4,45.1775,29.9681,1.85086
4,45.2775,30.0366,1.84585
4,45.3775,30.105,1.84085
4,45.4775,30.1732,1.83586
4,45.5775,30.2413,1.83087
4,45.6775,30.3092,1.8259
4,45.7775,30.3769,1.82094
4,45.8775,30.4444,1.81598
4,45.9775,30.5118,1.81103
4,46.0775,30.579,1.8061
4,46.1775,30.646,1.80117
4,46.2775,30.7129,1.79625
4,46.3775,30.7795,1.79134
4,46.4775,30.846,1.78643
4,46.5775,30.9124,1.78154
4,46.6775,30.9785,1.77665
4,46.7775,31.0445,1.77178
4,46.8775,31.1102,1.76691
4,46.9775,31.1758,1.76205
4,47.0775,31.2413,1.7572
4,47.1775,31.3065,1.75236
4,47.2775,31.3716,1.74752
4,47.3775,31.4365,1.7427
4,47.4775,31.5012,1.73788
4,47.5775,31.5657,1.73307
4,47.6775,31.63,1.72827
4,47.7775,31.6941,1.72348
4,47.8775,31.7581,1.7187
4,47.9775,31.8219,1.71393
4,48.0775,31.8854,1.70916
4,48.1775,31.9488,1.7044
4,48.2775,32.012,1.69965
4,48.3775,32.075,1.69491
4,48.4775,32.1378,1.69018
4,48.5775,32.2005,1.68545
4,48.6775,32.2629,1.68074
4,48.7775,32.3251,1.67603
4,48.8775,32.3872,1.67133
4,48.9775,32.449,1.66664
4,49.0775,32.5106,1.66196
4,49.1775,32.5721,1.65728
4,49.2775,32.6333,1.65261
4,49.3775,32.6944,1.64796
4,49.4775,32.7552,1.6433
4,49.5775,32.8159,1.63866
4,49.6775,32.8763,1.63403
4,49.7775,32.9365,1.6294
4,49.8775,32.9965,1.62478
4,49.9775,33.0564,1.62017
4,50.0775,33.116,1.61557
4,50.1775,33.1754,1.61097
4,50.2775,33.2346,1.60639
4,50.3775,33.2936,1.60181
4,50.4775,33.3523,1.59724
4,50.5775,33.4109,1.59267
4,50.6775,33.4692,1.58812
4,50.7775,33.5274,1.58357
4,50.8775,33.5853,1.57903
4,50.9775,33.643,1.5745
4,51.0775,33.7004,1.56998
4,51.1775,33.7577,1.56546
4,51.2775,33.8147,1.56095
4,51.3775,33.8715,1.55645
4,51.4775,33.9281,1.55196
4,51.5775,33.9844,1.54747
4,51.6775,34.0406,1.543
4,51.7775,34.0965,1.53853
4,51.8775,34.1522,1.53406
4,51.9775,34.2076,1.52961
4,52.0775,34.2628,1.52516
4,52.1775,34.3178,1.52072
4,52.2775,34.3725,1.51629
4,52.3775,34.427,1.51187
4,52.4775,34.4813,1.50745
4,52.5775,34.5353,1.50304
4,52.6775,34.5891,1.49864
4,52.7775,34.6427,1.49424
4,52.8775,34.696,1.48986
4,52.9775,34.7491,1.48548
4,53.0775,34.8019,1.48111
4,53.1775,34.8544,1.47674
4,53.2775,34.9068,1.47238
4,53.3775,34.9588,1.46803
4,53.4775,35.0106,1.46369
4,53.5775,35.0622,1.45936
4,53.6775,35.1135,1.45503
4,53.7775,35.1646,1.45071
4,53.8775,35.2154,1.44639
4,53.9775,35.2659,1.44209
4,54.0775,35.3162,1.43779
4,54.1775,35.3662,1.4335
4,54.2775,35.4159,1.42921
4,54.3775,35.4654,1.42494
4,54.4775,35.5146,1.42067
4,54.5775,35.5636,1.4164
4,54.6775,35.6122,1.41215
4,54.7775,35.6606,1.4079
4,54.8775,35.7088,1.40366
4,54.9775,35.7566,1.39942
4,55.0775,35.8042,1.3952
4,55.1775,35.8515,1.39098
4,55.2775,35.8985,1.38676
4,55.3775,35.9452,1.38256
4,55.4775,35.9916,1.37836
4,55.5775,36.0378,1.37417
4,55.6775,36.0836,1.36998
4,55.7775,36.1292,1.36581
4,55.8775,36.1744,1.36163
4,55.9775,36.2194,1.35747
4,56.0775,36.2641,1.35331
4,56.1775,36.3085,1.34916
4,56.2775,36.3525,1.34502
4,56.3775,36.3963,1.34088
4,56.4775,36.4398,1.33675
4,56.5775,36.4829,1.33263
4,56.6775,36.5258,1.32852
4,56.7775,36.5683,1.32441
4,56.8775,36.6105,1.32031
4,56.9775,36.6525,1.31621
4,57.0775,36.694,1.31212
4,57.1775,36.7353,1.30804
4,57.2775,36.7762,1.30397
4,57.3775,36.8169,1.2999
4,57.4775,36.8571,1.29584
4,57.5775,36.8971,1.29178
4,57.6775,36.9367,1.28774
4,57.7775,36.976,1.2837
4,57.8775,37.015,1.27966
4,57.9775,37.0536,1.27564
4,58.0775,37.0919,1.27161
4,58.1775,37.1298,1.2676
4,58.2775,37.1674,1.26359
4,58.3775,37.2046,1.25959
4,58.4775,37.2415,1.2556
4,58.5775,37.278,1.25161
4,58.6775,37.3142,1.24763
4,58.7775,37.35,1.24366
4,58.8775,37.3854,1.23969
4,58.9775,37.4205,1.23573
4,59.0775,37.4552,1.23178
4,59.1775,37.4896,1.22783
4,59.2775,37.5235,1.22389
4,59.3775,37.5571,1.21995
4,59.4775,37.5903,1.21603
4,59.5775,37.6232,1.2121
4,59.6775,37.6556,1.20819
4,59.7775,37.6877,1.20428
4,59.8775,37.7193,1.20038
4,59.9775,37.7506,1.19648
4,60.0775,37.7815,1.1926
4,60.1775,37.812,1.18871
4,60.2775,37.842,1.18484
4,60.3775,37.8717,1.18097
4,60.4775,37.901,1.17711
4,60.5775,37.9298,1.17325
4,60.6775,37.9582,1.1694
4,60.7775,37.9863,1.16556
4,60.8775,38.0138,1.16172
4,60.9775,38.041,1.15789
4,61.0775,38.0678,1.15407
4,61.1775,38.0941,1.15025
4,61.2775,38.1199,1.14644
4,61.3775,38.1454,1.14264
4,61.4775,38.1704,1.13884
4,61.5775,38.1949,1.13505
4,61.6775,38.219,1.13126
4,61.7775,38.2427,1.12748
4,61.8775,38.2658,1.12371
4,61.9775,38.2886,1.11994
4,62.0775,38.3108,1.11618
4,62.1775,38.3326,1.11243
4,62.2775,38.354,1.10868
4,62.3775,38.3748,1.10494
4,62.4775,38.3952,1.10121
4,62.5775,38.4151,1.09748
4,62.6775,38.4345,1.09376
4,62.7775,38.4534,1.09005
4,62.8775,38.4718,1.08634
4,62.9775,38.4897,1.08264
4,63.0775,38.5072,1.07894
4,63.1775,38.5241,1.07525
4,63.2775,38.5405,1.07157
4,63.3775,38.5564,1.06789
4,63.4775,38.5717,1.06422
4,63.5775,38.5866,1.06056
4,63.6775,38.6009,1.0569
4,63.7775,38.6147,1.05325
4,63.8775,38.6279,1.04961
4,63.9775,38.6406,1.04597
4,64.0775,38.6528,1.04234
4,64.1775,38.6644,1.03871
4,64.2775,38.6755,1.03509
4,64.3775,38.6859,1.03148
4,64.4775,38.6959,1.02787
4,64.5775,38.7052,1.02427
4,64.6775,38.714,1.02068
4,64.7775,38.7222,1.01709
4,64.8775,38.7298,1.01351
4,64.9775,38.7369,1.00994
4,65.0775,38.7433,1.00637
4,65.1775,38.7491,1.00281
4,65.2775,38.7544,0.999257
4,65.3775,38.759,0.995708
4,65.4775,38.763,0.992166
4,65.5775,38.7664,0.988631
4,65.6775,38.7692,0.985102
4,65.7775,38.7713,0.981579
4,65.8775,38.7728,0.978063
4,65.9775,38.7736,0.974554
4,66.0775,38.7738,0.971051
4,66.1775,38.7734,0.967554
4,66.2775,38.7723,0.964064
4,66.3775,38.7705,0.96058
4,66.4775,38.7681,0.957103
4,66.5775,38.765,0.953633
4,66.6775,38.7612,0.950169
4,66.7775,38.7567,0.946711
4,66.8775,38.7515,0.94326
4,66.9775,38.7456,0.939816
4,67.0775,38.739,0.936378
4,67.1775,38.7317,0.932947
4,67.2775,38.7236,0.929523
4,67.3775,38.7149,0.926105
4,67.4775,38.7054,0.922694
4,67.5775,38.6952,0.919289
4,67.6775,38.6842,0.915891
4,67.7775,38.6725,0.9125
4,67.8775,38.66,0.909116
4,67.9775,38.6467,0.905738
4,68.0775,38.6327,0.902367
4,68.1775,38.6179,0.899002
4,68.2775,38.6023,0.895645
4,68.3775,38.5859,0.892294
4,68.4775,38.5687,0.88895
4,68.5775,38.5507,0.885613
4,68.6775,38.5319,0.882283
4,68.7775,38.5122,0.878959
4,68.8775,38.4917,0.875642
4,68.9775,38.4704,0.872333
4,69.0775,38.4483,0.86903
4,69.1775,38.4252,0.865734
4,69.2775,38.4014,0.862445
4,69.3775,38.3766,0.859163
4,69.4775,38.351,0.855889
4,69.5775,38.3244,0.852621
4,69.6775,38.297,0.84936
4,69.7775,38.2687,0.846106
4,69.8775,38.2395,0.84286
4,69.9775,38.2093,0.83962
4,70.0775,38.1783,0.836388
4,70.1775,38.1462,0.833163
4,70.2775,38.1133,0.829945
4,70.3775,38.0794,0.826734
4,70.4775,38.0445,0.823531
4,70.5775,38.0086,0.820335
4,70.6775,37.9718,0.817146
4,70.7775,37.934,0.813965
4,70.8775,37.8952,0.810791
4,70.9775,37.8553,0.807624
4,71.0775,37.8145,0.804465
4,71.1775,37.7726,0.801314
4,71.2775,37.7297,0.79817
4,71.3775,37.6857,0.795033
4,71.4775,37.6407,0.791904
4,71.5775,37.5946,0.788783
4,71.6775,37.5474,0.78567
4,71.7775,37.4992,0.782564
4,71.8775,37.4498,0.779466
4,71.9775,37.3994,0.776376
4,72.0775,37.3478,0.773293
4,72.1775,37.2951,0.770219
4,72.2775,37.2413,0.767152
4,72.3775,37.1863,0.764093
4,72.4775,37.1301,0.761043
4,72.5775,37.0728,0.758
4,72.6775,37.0143,0.754966
4,72.7775,36.9546,0.751939
4,72.8775,36.8937,0.748921
4,72.9775,36.8316,0.745911
4,73.0775,36.7682,0.74291
4,73.1775,36.7036,0.739916
4,73.2775,36.6378,0.736932
4,73.3775,36.5707,0.733955
4,73.4775,36.5023,0.730987
4,73.5775,36.4327,0.728028
4,73.6775,36.3618,0.725077
4,73.7775,36.2895,0.722135
4,73.8775,36.2159,0.719201
4,73.9775,36.141,0.716277
4,74.0775,36.0648,0.713361
4,74.1775,35.9872,0.710454
4,74.2775,35.9082,0.707556
4,74.3775,35.8278,0.704667
4,74.4775,35.7461,0.701787
4,74.5775,35.6629,0.698916
4,74.6775,35.5783,0.696055
4,74.7775,35.4923,0.693203
4,74.8775,35.4049,0.69036
4,74.9775,35.3159,0.687526
4,75.0775,35.2255,0.684702
4,75.1775,35.1337,0.681887
4,75.2775,35.0403,0.679083
4,75.3775,34.9454,0.676287
4,75.4775,34.849,0.673502
4,75.5775,34.751,0.670726
4,75.6775,34.6515,0.66796
4,75.7775,34.5505,0.665205
4,75.8775,34.4478,0.662459
4,75.9775,34.3436,0.659723
4,76.0775,34.2377,0.656998
4,76.1775,34.1303,0.654283
4,76.2775,34.0212,0.651578
4,76.3775,33.9104,0.648884
4,76.4775,33.798,0.646201
4,76.5775,33.6839,0.643528
4,76.6775,33.5681,0.640866
4,76.7775,33.4506,0.638214
4,76.8775,33.3314,0.635574
4,76.9775,33.2105,0.632944
4,77.0775,33.0878,0.630326
4,77.1775,32.9633,0.627719
4,77.2775,32.8371,0.625123
4,77.3775,32.709,0.622539
4,77.4775,32.5792,0.619966
4,77.5775,32.4476,0.617404
4,77.6775,32.3141,0.614855
4,77.7775,32.1788,0.612317
4,77.8775,32.0416,0.609791
4,77.9775,31.9025,0.607277
4,78.0775,31.7615,0.604775
4,78.1775,31.6187,0.602285
4,78.2775,31.4739,0.599808
4,78.3775,31.3272,0.597343
4,78.4775,31.1785,0.594891
4,78.5775,31.0279,0.592452
4,78.6775,30.8753,0.590025
4,78.7775,30.7207,0.587611
4,78.8775,30.5641,0.58521
4,78.9775,30.4055,0.582823
4,79.0775,30.2448,0.580448
4,79.1775,30.0821,0.578087
4,79.2775,29.9174,0.57574
4,79.3775,29.7506,0.573406
4,79.4775,29.5817,0.571086
4,79.5775,29.4107,0.56878
4,79.6775,29.2376,0.566488
4,79.7775,29.0623,0.564211
4,79.8775,28.885,0.561947
4,79.9775,28.7055,0.559698
4,80.0775,28.5238,0.557464
4,80.1775,28.34,0.555244
4,80.2775,28.154,0.553039
4,80.3775,27.9658,0.550849
4,80.4775,27.7753,0.548675
4,80.5775,27.5827,0.546515
4,80.6775,27.3879,0.544371
4,80.7775,27.1908,0.542243
4,80.8775,26.9915,0.540131
4,80.9775,26.7899,0.538034
4,81.0775,26.586,0.535953
4,81.1775,26.3799,0.533889
4,81.2775,26.1715,0.531841
4,81.3775,25.9608,0.52981
4,81.4775,25.7479,0.527795
4,81.5775,25.5326,0.525797
4,81.6775,25.315,0.523816
4,81.7775,25.0951,0.521852
4,81.8775,24.8729,0.519905
4,81.9775,24.6483,0.517976
4,82.0775,24.4214,0.516065
4,82.1775,24.1922,0.514171
4,82.2775,23.9607,0.512296
4,82.3775,23.7268,0.510438
4,82.4775,23.4905,0.508599
4,82.5775,23.2519,0.506778
4,82.6775,23.011,0.504976
4,82.7775,22.7677,0.503193
4,82.8775,22.5221,0.501429
4,82.9775,22.2741,0.499684
4,83.0775,22.0238,0.497958
4,83.1775,21.7711,0.496252
4,83.2775,21.5161,0.494565
4,83.3775,21.2587,0.492899
4,83.4775,20.999,0.491252
4,83.5775,20.737,0.489626
4,83.6775,20.4727,0.48802
4,83.7775,20.206,0.486434
4,83.8775,19.9371,0.48487
4,83.9775,19.6658,0.483326
4,84.0775,19.3923,0.481803
4,84.1775,19.1164,0.480302
4,84.2775,18.8383,0.478822
4,84.3775,18.558,0.477363
4,84.4775,18.2754,0.475927
4,84.5775,17.9905,0.474512
4,84.6775,17.7035,0.47312
4,84.7775,17.4142,0.471749
4,84.8775,17.1228,0.470402
4,84.9775,16.8292,0.469077
4,85.0775,16.5335,0.467775
4,85.1775,16.2356,0.466495
4,85.2775,15.9356,0.465239
4,85.3775,15.6336,0.464007
4,85.4775,15.3295,0.462798
4,85.5775,15.0233,0.461612
4,85.6775,14.7151,0.46045
4,85.7775,14.405,0.459313
4,85.8775,14.0929,0.458199
4,85.9775,13.7788,0.45711
4,86.0775,13.4629,0.456045
4,86.1775,13.1451,0.455005
4,86.2775,12.8254,0.45399
4,86.3775,12.504,0.452999
4,86.4775,12.1807,0.452034
4,86.5775,11.8558,0.451094
4,86.6775,11.5291,0.450179
4,86.7775,11.2007,0.44929
4,86.8775,10.8708,0.448426
4,86.9775,10.5392,0.447588
4,87.0775,10.2061,0.446776
4,87.1775,9.87144,0.44599
4,87.2775,9.53534,0.445231
4,87.3775,9.19782,0.444497
4,87.4775,8.85891,0.44379
4,87.5775,8.51867,0.44311
4,87.6775,8.17713,0.442456
4,87.7775,7.83434,0.441828
4,87.8775,7.49036,0.441228
4,87.9775,7.14522,0.440655
4,88.0775,6.79898,0.440108
4,88.1775,6.45169,0.439589
4,88.2775,6.10339,0.439097
4,88.3775,5.75414,0.438632
4,88.4775,5.40398,0.438195
4,88.5775,5.05298,0.437785
4,88.6775,4.70119,0.437403
4,88.7775,4.34865,0.437048
4,88.8775,3.99542,0.436721
4,88.9775,3.64155,0.436421
4,89.0775,3.28711,0.436149
4,89.1775,2.93215,0.435906
4,89.2775,2.57671,0.435689
4,89.3775,2.22087,0.435501
4,89.4775,1.86466,0.435341
4,89.5775,1.50816,0.435209
4,89.6775,1.15142,0.435104
4,89.7775,0.794494,0.435028
4,89.8775,0.437439,0.43498
4,89.9775,0.0803135,0.43496
4.5,12.8396,0,4.5
4.5,12.9396,0.157839,4.48577
4.5,13.0396,0.314502,4.4717
4.5,13.1396,0.470013,4.45781
4.5,13.2396,0.624397,4.44407
4.5,13.3396,0.777679,4.43049
4.5,13.4396,0.92988,4.41705
4.5,13.5396,1.08102,4.40376
4.5,13.6396,1.23113,4.39061
4.5,13.7396,1.38023,4.37758
4.5,13.8396,1.52833,4.36469
4.5,13.9396,1.67545,4.35191
4.5,14.0396,1.82163,4.33926
4.5,14.1396,1.96686,4.32672
4.5,14.2396,2.11118,4.31428
4.5,14.3396,2.25461,4.30196
4.5,14.4396,2.39715,4.28974
4.5,14.5396,2.53882,4.27762
4.5,14.6396,2.67965,4.26559
4.5,14.7396,2.81965,4.25366
4.5,14.8396,2.95884,4.24182
4.5,14.9396,3.09722,4.23006
4.5,15.0396,3.23482,4.21839
4.5,15.1396,3.37164,4.20681
4.5,15.2396,3.50771,4.1953
4.5,15.3396,3.64304,4.18386
4.5,15.4396,3.77764,4.17251
4.5,15.5396,3.91152,4.16122
4.5,15.6396,4.0447,4.15001
4.5,15.7396,4.17719,4.13886
4.5,15.8396,4.309,4.12778
4.5,15.9396,4.44014,4.11676
4.5,16.0396,4.57063,4.10581
4.5,16.1396,4.70047,4.09491
4.5,16.2396,4.82968,4.08408
4.5,16.3396,4.95827,4.0733
4.5,16.4396,5.08625,4.06258
4.5,16.5396,5.21362,4.05192
4.5,16.6396,5.34041,4.0413
4.5,16.7396,5.46661,4.03074
4.5,16.8396,5.59224,4.02023
4.5,16.9396,5.71731,4.00977
4.5,17.0396,5.84182,3.99936
4.5,17.1396,5.96579,3.98899
4.5,17.2396,6.08923,3.97867
4.5,17.3396,6.21214,3.9684
4.5,17.4396,6.33452,3.95816
4.5,17.5396,6.4564,3.94797
4.5,17.6396,6.57777,3.93783
4.5,17.7396,6.69865,3.92772
4.5,17.8396,6.81904,3.91765
4.5,17.9396,6.93895,3.90763
4.5,18.0396,7.05839,3.89764
4.5,18.1396,7.17736,3.88768
4.5,18.2396,7.29588,3.87777
4.5,18.3396,7.41394,3.86789
4.5,18.4396,7.53155,3.85805
4.5,18.5396,7.64873,3.84824
4.5,18.6396,7.76547,3.83846
4.5,18.7396,7.88178,3.82872
4.5,18.8396,7.99768,3.81901
4.5,18.9396,8.11316,3.80934
4.5,19.0396,8.22823,3.79969
4.5,19.1396,8.3429,3.79008
4.5,19.2396,8.45718,3.78049
4.5,19.3396,8.57106,3.77094
4.5,19.4396,8.68455,3.76142
4.5,19.5396,8.79766,3.75192
4.5,19.6396,8.9104,3.74246
4.5,19.7396,9.02277,3.73302
4.5,19.8396,9.13477,3.72361
4.5,19.9396,9.2464,3.71423
4.5,20.0396,9.35768,3.70488
4.5,20.1396,9.46861,3.69555
4.5,20.2396,9.5792,3.68625
4.5,20.3396,9.68943,3.67697
4.5,20.4396,9.79933,3.66773
4.5,20.5396,9.9089,3.6585
4.5,20.6396,10.0181,3.6493
4.5,20.7396,10.127,3.64013
4.5,20.8396,10.2356,3.63098
4.5,20.9396,10.3439,3.62186
4.5,21.0396,10.4519,3.61276
4.5,21.1396,10.5595,3.60368
4.5,21.2396,10.6668,3.59463
4.5,21.3396,10.7739,3.5856
4.5,21.4396,10.8806,3.57659
4.5,21.5396,10.987,3.56761
4.5,21.6396,11.0932,3.55864
4.5,21.7396,11.199,3.5497
4.5,21.8396,11.3046,3.54079
4.5,21.9396,11.4099,3.53189
4.5,22.0396,11.5149,3.52302
4.5,22.1396,11.6196,3.51417
4.5,22.2396,11.7241,3.50534
4.5,22.3396,11.8283,3.49653
4.5,22.4396,11.9322,3.48774
4.5,22.5396,12.0359,3.47898
4.5,22.6396,12.1393,3.47023
4.5,22.7396,12.2424,3.46151
4.5,22.8396,12.3453,3.4528
4.5,22.9396,12.4479,3.44412
4.5,23.0396,12.5503,3.43546
4.5,23.1396,12.6524,3.42681
4.5,23.2396,12.7543,3.41819
4.5,23.3396,12.8559,3.40959
4.5,23.4396,12.9573,3.401
4.5,23.5396,13.0585,3.39244
4.5,23.6396,13.1594,3.3839
4.5,23.7396,13.2601,3.37537
4.5,23.8396,13.3605,3.36687
4.5,23.9396,13.4608,3.35838
4.5,24.0396,13.5608,3.34991
4.5,24.1396,13.6605,3.34147
4.5,24.2396,13.7601,3.33304
4.5,24.3396,13.8594,3.32463
4.5,24.4396,13.9585,3.31624
4.5,24.5396,14.0574,3.30786
4.5,24.6396,14.1561,3.29951
4.5,24.7396,14.2546,3.29118
4.5,24.8396,14.3528,3.28286
4.5,24.9396,14.4509,3.27456
4.5,25.0396,14.5487,3.26628
4.5,25.1396,14.6463,3.25802
4.5,25.2396,14.7437,3.24978
4.5,25.3396,14.841,3.24155
4.5,25.4396,14.938,3.23335
4.5,25.5396,15.0348,3.22516
4.5,25.6396,15.1314,3.21699
4.5,25.7396,15.2279,3.20883
4.5,25.8396,15.3241,3.2007
4.5,25.9396,15.4202,3.19258
4.5,26.0396,15.516,3.18448
4.5,26.1396,15.6117,3.1764
4.5,26.2396,15.7071,3.16834
4.5,26.3396,15.8024,3.16029
4.5,26.4396,15.8975,3.15226
4.5,26.5396,15.9925,3.14425
4.5,26.6396,16.0872,3.13625
4.5,26.7396,16.1817,3.12828
4.5,26.8396,16.2761,3.12032
4.5,26.9396,16.3703,3.11238
4.5,27.0396,16.4643,3.10445
4.5,27.1396,16.5582,3.09654
4.5,27.2396,16.6518,3.08865
4.5,27.3396,16.7453,3.08078
4.5,27.4396,16.8386,3.07292
4.5,27.5396,16.9318,3.06509
4.5,27.6396,17.0248,3.05726
4.5,27.7396,17.1176,3.04946
4.5,27.8396,17.2102,3.04167
4.5,27.9396,17.3027,3.0339
4.5,28.0396,17.395,3.02614
4.5,28.1396,17.4871,3.01841
4.5,28.2396,17.5791,3.01068
4.5,28.3396,17.6709,3.00298
4.5,28.4396,17.7626,2.99529
4.5,28.5396,17.854,2.98762
4.5,28.6396,17.9454,2.97997
4.5,28.7396,18.0365,2.97233
4.5,28.8396,18.1275,2.96471
4.5,28.9396,18.2184,2.9571
4.5,29.0396,18.3091,2.94951
4.5,29.1396,18.3996,2.94194
4.5,29.2396,18.49,2.93439
4.5,29.3396,18.5802,2.92685
4.5,29.4396,18.6703,2.91932
4.5,29.5396,18.7602,2.91182
4.5,29.6396,18.85,2.90433
4.5,29.7396,18.9396,2.89685
4.5,29.8396,19.0291,2.88939
4.5,29.9396,19.1184,2.88195
4.5,30.0396,19.2075,2.87453
4.5,30.1396,19.2966,2.86712
4.5,30.2396,19.3854,2.85972
4.5,30.3396,19.4741,2.85234
4.5,30.4396,19.5627,2.84498
4.5,30.5396,19.6511,2.83764
4.5,30.6396,19.7394,2.83031
4.5,30.7396,19.8276,2.82299
4.5,30.8396,19.9155,2.81569
4.5,30.9396,20.0034,2.80841
4.5,31.0396,20.0911,2.80115
4.5,31.1396,20.1787,2.79389
4.5,31.2396,20.2661,2.78666
4.5,31.3396,20.3534,2.77944
4.5,31.4396,20.4405,2.77224
4.5,31.5396,20.5275,2.76505
4.5,31.6396,20.6143,2.75788
4.5,31.7396,20.7011,2.75072
4.5,31.8396,20.7876,2.74358
4.5,31.9396,20.8741,2.73645
4.5,32.0396,20.9604,2.72934
4.5,32.1396,21.0465,2.72224
4.5,32.2396,21.1325,2.71517
4.5,32.3396,21.2184,2.7081
4.5,32.4396,21.3042,2.70105
4.5,32.5396,21.3898,2.69402
4.5,32.6396,21.4753,2.687
4.5,32.7396,21.5606,2.68
4.5,32.8396,21.6458,2.67301
4.5,32.9396,21.7309,2.66603
4.5,33.0396,21.8158,2.65908
4.5,33.1396,21.9006,2.65213
4.5,33.2396,21.9853,2.6452
4.5,33.3396,22.0698,2.63829
4.5,33.4396,22.1542,2.63139
4.5,33.5396,22.2385,2.62451
4.5,33.6396,22.3226,2.61764
4.5,33.7396,22.4066,2.61079
4.5,33.8396,22.4905,2.60395
4.5,33.9396,22.5742,2.59713
4.5,34.0396,22.6578,2.59032
4.5,34.1396,22.7413,2.58353
4.5,34.2396,22.8246,2.57675
4.5,34.3396,22.9078,2.56998
4.5,34.4396,22.9909,2.56323
4.5,34.5396,23.0738,2.5565
4.5,34.6396,23.1566,2.54978
4.5,34.7396,23.2393,2.54307
4.5,34.8396,23.3219,2.53638
4.5,34.9396,23.4043,2.5297
4.5,35.0396,23.4866,2.52304
4.5,35.1396,23.5688,2.51639
4.5,35.2396,23.6508,2.50976
4.5,35.3396,23.7327,2.50314
4.5,35.4396,23.8145,2.49653
4.5,35.5396,23.8961,2.48994
4.5,35.6396,23.9776,2.48336
4.5,35.7396,24.059,2.4768
4.5,35.8396,24.1402,2.47025
4.5,35.9396,24.2214,2.46372
4.5,36.0396,24.3024,2.4572
4.5,36.1396,24.3832,2.45069
4.5,36.2396,24.464,2.4442
4.5,36.3396,24.5446,2.43772
4.5,36.4396,24.625,2.43125
4.5,36.5396,24.7054,2.4248
4.5,36.6396,24.7856,2.41837
4.5,36.7396,24.8657,2.41195
4.5,36.8396,24.9456,2.40554
4.5,36.9396,25.0255,2.39914
4.5,37.0396,25.1052,2.39276
4.5,37.1396,25.1847,2.38639
4.5,37.2396,25.2642,2.38004
4.5,37.3396,25.3435,2.3737
4.5,37.4396,25.4227,2.36737
4.5,37.5396,25.5017,2.36106
4.5,37.6396,25.5806,2.35476
4.5,37.7396,25.6594,2.34847
4.5,37.8396,25.7381,2.3422
4.5,37.9396,25.8166,2.33594
4.5,38.0396,25.895,2.32969
4.5,38.1396,25.9733,2.32346
4.5,38.2396,26.0515,2.31724
4.5,38.3396,26.1295,2.31104
4.5,38.4396,26.2073,2.30484
4.5,38.5396,26.2851,2.29866
4.5,38.6396,26.3627,2.2925
4.5,38.7396,26.4402,2.28634
4.5,38.8396,26.5176,2.2802
4.5,38.9396,26.5948,2.27408
4.5,39.0396,26.6719,2.26796
4.5,39.1396,26.7488,2.26186
4.5,39.2396,26.8257,2.25577
4.5,39.3396,26.9024,2.2497
4.5,39.4396,26.9789,2.24364
4.5,39.5396,27.0554,2.23759
4.5,39.6396,27.1317,2.23155
4.5,39.7396,27.2079,2.22553
4.5,39.8396,27.2839,2.21951
4.5,39.9396,27.3598,2.21352
4.5,40.0396,27.4356,2.20753
4.5,40.1396,27.5112,2.20156
4.5,40.2396,27.5867,2.1956
4.5,40.3396,27.6621,2.18965
4.5,40.4396,27.7373,2.18371
4.5,40.5396,27.8124,2.17779
4.5,40.6396,27.8874,2.17188
4.5,40.7396,27.9622,2.16598
4.5,40.8396,28.0369,2.16009
4.5,40.9396,28.1114,2.15422
4.5,41.0396,28.1859,2.14836
4.5,41.1396,28.2601,2.14251
4.5,41.2396,28.3343,2.13667
4.5,41.3396,28.4083,2.13085
4.5,41.4396,28.4822,2.12504
4.5,41.5396,28.5559,2.11924
4.5,41.6396,28.6295,2.11345
4.5,41.7396,28.703,2.10767
4.5,41.8396,28.7763,2.10191
4.5,41.9396,28.8495,2.09616
4.5,42.0396,28.9225,2.09042
4.5,42.1396,28.9954,2.08469
4.5,42.2396,29.0681,2.07897
4.5,42.3396,29.1408,2.07327
4.5,42.4396,29.2132,2.06758
4.5,42.5396,29.2856,2.0619
4.5,42.6396,29.3578,2.05623
4.5,42.7396,29.4298,2.05057
4.5,42.8396,29.5017,2.04492
4.5,42.9396,29.5735,2.03929
4.5,43.0396,29.6451,2.03367
4.5,43.1396,29.7166,2.02806
4.5,43.2396,29.7879,2.02246
4.5,43.3396,29.8591,2.01687
4.5,43.4396,29.9301,2.01129
4.5,43.5396,30.001,2.00573
4.5,43.6396,30.0717,2.00017
4.5,43.7396,30.1423,1.99463
4.5,43.8396,30.2128,1.9891
4.5,43.9396,30.2831,1.98358
4.5,44.0396,30.3532,1.97807
4.5,44.1396,30.4232,1.97258
4.5,44.2396,30.4931,1.96709
4.5,44.3396,30.5628,1.96162
4.5,44.4396,30.6323,1.95615
4.5,44.5396,30.7017,1.9507
4.5,44.6396,30.771,1.94526
4.5,44.7396,30.8401,1.93983
4.5,44.8396,30.909,1.93441
4.5,44.9396,30.9778,1.929
4.5,45.0396,31.0464,1.9236
4.5,45.1396,31.1149,1.91822
4.5,45.2396,31.1832,1.91284
4.5,45.3396,31.2513,1.90747
4.5,45.4396,31.3194,1.90212
4.5,45.5396,31.3872,1.89678
4.5,45.6396,31.4549,1.89144
4.5,45.7396,31.5224,1.88612
4.5,45.8396,31.5898,1.88081
4.5,45.9396,31.657,1.87551
4.5,46.0396,31.724,1.87022
4.5,46.1396,31.7909,1.86494
4.5,46.2396,31.8576,1.85967
4.5,46.3396,31.9242,1.85441
4.5,46.4396,31.9906,1.84916
4.5,46.5396,32.0568,1.84393
4.5,46.6396,32.1229,1.8387
4.5,46.7396,32.1888,1.83348
4.5,46.8396,32.2545,1.82828
4.5,46.9396,32.3201,1.82308
4.5,47.0396,32.3855,1.81789
4.5,47.1396,32.4507,1.81272
4.5,47.2396,32.5157,1.80755
4.5,47.3396,32.5806,1.8024
4.5,47.4396,32.6453,1.79725
4.5,47.5396,32.7099,1.79211
4.5,47.6396,32.7742,1.78699
4.5,47.7396,32.8384,1.78187
4.5,47.8396,32.9024,1.77677
4.5,47.9396,32.9663,1.77167
4.5,48.0396,33.03,1.76659
4.5,48.1396,33.0934,1.76151
4.5,48.2396,33.1567,1.75645
4.5,48.3396,33.2199,1.75139
4.5,48.4396,33.2828,1.74635
4.5,48.5396,33.3456,1.74131
4.5,48.6396,33.4082,1.73628
4.5,48.7396,33.4706,1.73127
4.5,48.8396,33.5328,1.72626
4.5,48.9396,33.5948,1.72126
4.5,49.0396,33.6567,1.71628
4.5,49.1396,33.7183,1.7113
4.5,49.2396,33.7798,1.70633
4.5,49.3396,33.8411,1.70137
4.5,49.4396,33.9022,1.69642
4.5,49.5396,33.9631,1.69148
4.5,49.6396,34.0238,1.68655
4.5,49.7396,34.0843,1.68163
4.5,49.8396,34.1446,1.67672
4.5,49.9396,34.2047,1.67182
4.5,50.0396,34.2646,1.66693
4.5,50.1396,34.3244,1.66204
4.5,50.2396,34.3839,1.65717
4.5,50.3396,34.4432,1.6523
4.5,50.4396,34.5024,1.64745
4.5,50.5396,34.5613,1.6426
4.5,50.6396,34.62,1.63776
4.5,50.7396,34.6786,1.63294
4.5,50.8396,34.7369,1.62812
4.5,50.9396,34.795,1.62331
4.5,51.0396,34.8529,1.61851
4.5,51.1396,34.9106,1.61372
4.5,51.2396,34.9681,1.60893
4.5,51.3396,35.0253,1.60416
4.5,51.4396,35.0824,1.59939
4.5,51.5396,35.1392,1.59464
4.5,51.6396,35.1959,1.58989
4.5,51.7396,35.2523,1.58515
4.5,51.8396,35.3085,1.58042
4.5,51.9396,35.3645,1.5757
4.5,52.0396,35.4202,1.57099
4.5,52.1396,35.4757,1.56629
4.5,52.2396,35.5311,1.5616
4.5,52.3396,35.5862,1.55691
4.5,52.4396,35.641,1.55223
4.5,52.5396,35.6956,1.54757
4.5,52.6396,35.7501,1.54291
4.5,52.7396,35.8042,1.53826
4.5,52.8396,35.8582,1.53362
4.5,52.9396,35.9119,1.52898
4.5,53.0396,35.9654,1.52436
4.5,53.1396,36.0186,1.51974
4.5,53.2396,36.0716,1.51513
4.5,53.3396,36.1244,1.51053
4.5,53.4396,36.1769,1.50594
4.5,53.5396,36.2292,1.50136
4.5,53.6396,36.2812,1.49679
4.5,53.7396,36.333,1.49222
4.5,53.8396,36.3846,1.48766
4.5,53.9396,36.4359,1.48311
4.5,54.0396,36.4869,1.47857
4.5,54.1396,36.5377,1.47404
4.5,54.2396,36.5883,1.46952
4.5,54.3396,36.6386,1.465
4.5,54.4396,36.6886,1.46049
4.5,54.5396,36.7384,1.45599
4.5,54.6396,36.7879,1.4515
4.5,54.7396,36.8371,1.44702
4.5,54.8396,36.8861,1.44254
4.5,54.9396,36.9349,1.43808
4.5,55.0396,36.9833,1.43362
4.5,55.1396,37.0315,1.42917
4.5,55.2396,37.0794,1.42472
4.5,55.3396,37.1271,1.42029
4.5,55.4396,37.1744,1.41586
4.5,55.5396,37.2215,1.41144
4.5,55.6396,37.2684,1.40703
4.5,55.7396,37.3149,1.40263
4.5,55.8396,37.3612,1.39823
4.5,55.9396,37.4071,1.39385
4.5,56.0396,37.4528,1.38947
4.5,56.1396,37.4982,1.3851
4.5,56.2396,37.5433,1.38073
4.5,56.3396,37.5881,1.37638
4.5,56.4396,37.6327,1.37203
4.5,56.5396,37.6769,1.36769
4.5,56.6396,37.7208,1.36336
4.5,56.7396,37.7645,1.35903
4.5,56.8396,37.8078,1.35471
4.5,56.9396,37.8508,1.3504
4.5,57.0396,37.8935,1.3461
4.5,57.1396,37.9359,1.34181
4.5,57.2396,37.978,1.33752
4.5,57.3396,38.0198,1.33324
4.5,57.4396,38.0613,1.32897
4.5,57.5396,38.1024,1.32471
4.5,57.6396,38.1432,1.32045
4.5,57.7396,38.1837,1.3162
4.5,57.8396,38.2239,1.31196
4.5,57.9396,38.2638,1.30773
4.5,58.0396,38.3033,1.3035
4.5,58.1396,38.3425,1.29928
4.5,58.2396,38.3813,1.29507
4.5,58.3396,38.4198,1.29087
4.5,58.4396,38.458,1.28667
4.5,58.5396,38.4958,1.28248
4.5,58.6396,38.5333,1.2783
4.5,58.7396,38.5705,1.27413
4.5,58.8396,38.6072,1.26996
4.5,58.9396,38.6437,1.2658
4.5,59.0396,38.6798,1.26165
4.5,59.1396,38.7155,1.2575
4.5,59.2396,38.7508,1.25337
4.5,59.3396,38.7858,1.24924
4.5,59.4396,38.8205,1.24511
4.5,59.5396,38.8547,1.241
4.5,59.6396,38.8886,1.23689
4.5,59.7396,38.9221,1.23279
4.5,59.8396,38.9552,1.22869
4.5,59.9396,38.988,1.22461
4.5,60.0396,39.0203,1.22053
4.5,60.1396,39.0523,1.21646
4.5,60.2396,39.0839,1.21239
4.5,60.3396,39.1151,1.20833
4.5,60.4396,39.1459,1.20428
4.5,60.5396,39.1763,1.20024
4.5,60.6396,39.2063,1.1962
4.5,60.7396,39.2359,1.19217
4.5,60.8396,39.265,1.18815
4.5,60.9396,39.2938,1.18413
4.5,61.0396,39.3222,1.18013
4.5,61.1396,39.3501,1.17612
4.5,61.2396,39.3776,1.17213
4.5,61.3396,39.4047,1.16814
4.5,61.4396,39.4313,1.16416
4.5,61.5396,39.4575,1.16019
4.5,61.6396,39.4833,1.15622
4.5,61.7396,39.5086,1.15226
4.5,61.8396,39.5335,1.14831
4.5,61.9396,39.558,1.14437
4.5,62.0396,39.582,1.14043
4.5,62.1396,39.6055,1.1365
4.5,62.2396,39.6286,1.13257
4.5,62.3396,39.6512,1.12866
4.5,62.4396,39.6733,1.12475
4.5,62.5396,39.695,1.12084
4.5,62.6396,39.7162,1.11695
4.5,62.7396,39.7369,1.11306
4.5,62.8396,39.7572,1.10917
4.5,62.9396,39.7769,1.1053
4.5,63.0396,39.7962,1.10143
4.5,63.1396,39.8149,1.09757
4.5,63.2396,39.8332,1.09371
4.5,63.3396,39.851,1.08986
4.5,63.4396,39.8682,1.08602
4.5,63.5396,39.885,1.08219
4.5,63.6396,39.9012,1.07836
4.5,63.7396,39.9169,1.07454
4.5,63.8396,39.9321,1.07073
4.5,63.9396,39.9467,1.06692
4.5,64.0396,39.9609,1.06312
4.5,64.1396,39.9744,1.05933
4.5,64.2396,39.9875,1.05554
4.5,64.3396,39.9999,1.05176
4.5,64.4396,40.0119,1.04799
4.5,64.5396,40.0232,1.04422
4.5,64.6396,40.034,1.04046
4.5,64.7396,40.0443,1.03671
4.5,64.8396,40.0539,1.03297
4.5,64.9396,40.063,1.02923
4.5,65.0396,40.0715,1.0255
4.5,65.1396,40.0794,1.02177
4.5,65.2396,40.0868,1.01805
4.5,65.3396,40.0935,1.01434
4.5,65.4396,40.0996,1.01064
4.5,65.5396,40.1051,1.00694
4.5,65.6396,40.11,1.00325
4.5,65.7396,40.1142,0.999568
4.5,65.8396,40.1179,0.995891
4.5,65.9396,40.1209,0.992221
4.5,66.0396,40.1232,0.988558
4.5,66.1396,40.125,0.984902
4.5,66.2396,40.126,0.981253
4.5,66.3396,40.1265,0.977611
4.5,66.4396,40.1262,0.973975
4.5,66.5396,40.1253,0.970347
4.5,66.6396,40.1237,0.966725
4.5,66.7396,40.1215,0.96311
4.5,66.8396,40.1185,0.959503
4.5,66.9396,40.1149,0.955902
4.5,67.0396,40.1105,0.952308
4.5,67.1396,40.1055,0.948721
4.5,67.2396,40.0997,0.945141
4.5,67.3396,40.0932,0.941568
4.5,67.4396,40.086,0.938001
4.5,67.5396,40.0781,0.934442
4.5,67.6396,40.0694,0.93089
4.5,67.7396,40.06,0.927345
4.5,67.8396,40.0498,0.923807
4.5,67.9396,40.0388,0.920276
4.5,68.0396,40.0271,0.916752
4.5,68.1396,40.0146,0.913234
4.5,68.2396,40.0014,0.909724
4.5,68.3396,39.9873,0.906222
4.5,68.4396,39.9725,0.902726
4.5,68.5396,39.9568,0.899237
4.5,68.6396,39.9404,0.895755
4.5,68.7396,39.9231,0.892281
4.5,68.8396,39.905,0.888813
4.5,68.9396,39.886,0.885353
4.5,69.0396,39.8662,0.8819
4.5,69.1396,39.8456,0.878455
4.5,69.2396,39.8241,0.875016
4.5,69.3396,39.8017,0.871585
4.5,69.4396,39.7785,0.868161
4.5,69.5396,39.7543,0.864744
4.5,69.6396,39.7293,0.861334
4.5,69.7396,39.7034,0.857932
4.5,69.8396,39.6765,0.854537
4.5,69.9396,39.6488,0.85115
4.5,70.0396,39.6201,0.84777
4.5,70.1396,39.5905,0.844397
4.5,70.2396,39.5599,0.841032
4.5,70.3396,39.5284,0.837675
4.5,70.4396,39.4959,0.834324
4.5,70.5396,39.4624,0.830982
4.5,70.6396,39.428,0.827646
4.5,70.7396,39.3926,0.824319
4.5,70.8396,39.3561,0.820999
4.5,70.9396,39.3187,0.817687
4.5,71.0396,39.2802,0.814382
4.5,71.1396,39.2407,0.811085
4.5,71.2396,39.2001,0.807796
4.5,71.3396,39.1585,0.804514
4.5,71.4396,39.1159,0.801241
4.5,71.5396,39.0721,0.797975
4.5,71.6396,39.0273,0.794717
4.5,71.7396,38.9814,0.791467
4.5,71.8396,38.9344,0.788224
4.5,71.9396,38.8862,0.78499
4.5,72.0396,38.8369,0.781764
4.5,72.1396,38.7865,0.778546
4.5,72.2396,38.735,0.775336
4.5,72.3396,38.6823,0.772134
4.5,72.4396,38.6284,0.76894
4.5,72.5396,38.5733,0.765755
4.5,72.6396,38.517,0.762577
4.5,72.7396,38.4595,0.759408
4.5,72.8396,38.4008,0.756248
4.5,72.9396,38.3409,0.753095
4.5,73.0396,38.2797,0.749951
4.5,73.1396,38.2173,0.746816
4.5,73.2396,38.1536,0.743689
4.5,73.3396,38.0886,0.740571
4.5,73.4396,38.0224,0.737461
4.5,73.5396,37.9548,0.73436
4.5,73.6396,37.8859,0.731268
4.5,73.7396,37.8157,0.728185
4.5,73.8396,37.7441,0.72511
4.5,73.9396,37.6712,0.722045
4.5,74.0396,37.5969,0.718988
4.5,74.1396,37.5212,0.71594
4.5,74.2396,37.4441,0.712902
4.5,74.3396,37.3656,0.709872
4.5,74.4396,37.2857,0.706852
4.5,74.5396,37.2043,0.703841
4.5,74.6396,37.1215,0.700839
4.5,74.7396,37.0373,0.697847
4.5,74.8396,36.9515,0.694864
4.5,74.9396,36.8642,0.691891
4.5,75.0396,36.7755,0.688927
4.5,75.1396,36.6852,0.685973
4.5,75.2396,36.5933,0.683028
4.5,75.3396,36.5,0.680094
4.5,75.4396,36.405,0.677169
4.5,75.5396,36.3085,0.674254
4.5,75.6396,36.2103,0.671349
4.5,75.7396,36.1106,0.668455
4.5,75.8396,36.0092,0.66557
4.5,75.9396,35.9062,0.662696
4.5,76.0396,35.8015,0.659832
4.5,76.1396,35.6951,0.656979
4.5,76.2396,35.587,0.654136
4.5,76.3396,35.4773,0.651304
4.5,76.4396,35.3658,0.648482
4.5,76.5396,35.2526,0.645671
4.5,76.6396,35.1376,0.642871
4.5,76.7396,35.0208,0.640082
4.5,76.8396,34.9023,0.637304
4.5,76.9396,34.7819,0.634537
4.5,77.0396,34.6598,0.631781
4.5,77.1396,34.5358,0.629037
4.5,77.2396,34.4099,0.626304
4.5,77.3396,34.2822,0.623583
4.5,77.4396,34.1526,0.620873
4.5,77.5396,34.0211,0.618175
4.5,77.6396,33.8876,0.615489
4.5,77.7396,33.7523,0.612814
4.5,77.8396,33.615,0.610152
4.5,77.9396,33.4757,0.607502
4.5,78.0396,33.3344,0.604864
4.5,78.1396,33.1911,0.602239
4.5,78.2396,33.0459,0.599626
4.5,78.3396,32.8985,0.597026
4.5,78.4396,32.7491,0.594438
4.5,78.5396,32.5977,0.591864
4.5,78.6396,32.4442,0.589302
4.5,78.7396,32.2885,0.586754
4.5,78.8396,32.1308,0.584218
4.5,78.9396,31.9709,0.581696
4.5,79.0396,31.8089,0.579188
4.5,79.1396,31.6447,0.576693
4.5,79.2396,31.4783,0.574212
4.5,79.3396,31.3097,0.571745
4.5,79.4396,31.1389,0.569292
4.5,79.5396,30.9659,0.566853
4.5,79.6396,30.7906,0.564428
4.5,79.7396,30.6131,0.562018
4.5,79.8396,30.4333,0.559622
4.5,79.9396,30.2512,0.557241
4.5,80.0396,30.0667,0.554875
4.5,80.1396,29.88,0.552524
4.5,80.2396,29.6909,0.550188
4.5,80.3396,29.4995,0.547867
4.5,80.4396,29.3057,0.545562
4.5,80.5396,29.1095,0.543273
4.5,80.6396,28.911,0.540999
4.5,80.7396,28.71,0.538741
4.5,80.8396,28.5066,0.5365
4.5,80.9396,28.3008,0.534274
4.5,81.0396,28.0925,0.532065
4.5,81.1396,27.8817,0.529873
4.5,81.2396,27.6685,0.527698
4.5,81.3396,27.4529,0.525539
4.5,81.4396,27.2347,0.523398
4.5,81.5396,27.014,0.521273
4.5,81.6396,26.7908,0.519167
4.5,81.7396,26.5651,0.517078
4.5,81.8396,26.3369,0.515006
4.5,81.9396,26.1061,0.512953
4.5,82.0396,25.8728,0.510918
4.5,82.1396,25.6369,0.508901
4.5,82.2396,25.3984,0.506903
4.5,82.3396,25.1574,0.504924
4.5,82.4396,24.9138,0.502963
4.5,82.5396,24.6677,0.501022
4.5,82.6396,24.4189,0.4991
4.5,82.7396,24.1676,0.497197
4.5,82.8396,23.9136,0.495314
4.5,82.9396,23.6571,0.493451
4.5,83.0396,23.398,0.491608
4.5,83.1396,23.1363,0.489785
4.5,83.2396,22.872,0.487982
4.5,83.3396,22.6051,0.486201
4.5,83.4396,22.3356,0.48444
4.5,83.5396,22.0635,0.4827
4.5,83.6396,21.7889,0.480981
4.5,83.7396,21.5116,0.479284
4.5,83.8396,21.2318,0.477608
4.5,83.9396,20.9494,0.475954
4.5,84.0396,20.6645,0.474322
4.5,84.1396,20.377,0.472713
4.5,84.2396,20.0869,0.471125
4.5,84.3396,19.7943,0.469561
4.5,84.4396,19.4992,0.468019
4.5,84.5396,19.2016,0.4665
4.5,84.6396,18.9015,0.465005
4.5,84.7396,18.5989,0.463533
4.5,84.8396,18.2938,0.462084
4.5,84.9396,17.9863,0.460659
4.5,85.0396,17.6764,0.459259
4.5,85.1396,17.364,0.457882
4.5,85.2396,17.0493,0.45653
4.5,85.3396,16.7322,0.455202
4.5,85.4396,16.4127,0.4539
4.5,85.5396,16.0909,0.452622
4.5,85.6396,15.7669,0.451369
4.5,85.7396,15.4405,0.450142
4.5,85.8396,15.112,0.44894
4.5,85.9396,14.7812,0.447764
4.5,86.0396,14.4482,0.446614
4.5,86.1396,14.1131,0.44549
4.5,86.2396,13.7759,0.444392
4.5,86.3396,13.4366,0.443321
4.5,86.4396,13.0952,0.442276
4.5,86.5396,12.7519,0.441258
4.5,86.6396,12.4066,0.440267
4.5,86.7396,12.0593,0.439303
4.5,86.8396,11.7102,0.438366
4.5,86.9396,11.3593,0.437457
4.5,87.0396,11.0065,0.436575
4.5,87.1396,10.652,0.435721
4.5,87.2396,10.2958,0.434895
4.5,87.3396,9.93787,0.434097
4.5,87.4396,9.57837,0.433327
4.5,87.5396,9.21732,0.432586
4.5,87.6396,8.85475,0.431873
4.5,87.7396,8.49073,0.431188
4.5,87.8396,8.1253,0.430532
4.5,87.9396,7.75851,0.429905
4.5,88.0396,7.39044,0.429307
4.5,88.1396,7.02112,0.428738
4.5,88.2396,6.65062,0.428198
4.5,88.3396,6.27899,0.427688
4.5,88.4396,5.9063,0.427206
4.5,88.5396,5.5326,0.426755
4.5,88.6396,5.15796,0.426332
4.5,88.7396,4.78243,0.42594
4.5,88.8396,4.40608,0.425576
4.5,88.9396,4.02897,0.425243
4.5,89.0396,3.65117,0.42494
4.5,89.1396,3.27273,0.424666
4.5,89.2396,2.89372,0.424422
4.5,89.3396,2.51421,0.424209
4.5,89.4396,2.13427,0.424025
4.5,89.5396,1.75395,0.423871
4.5,89.6396,1.37333,0.423747
4.5,89.7396,0.992462,0.423654
4.5,89.8396,0.611424,0.423591
4.5,89.9396,0.230279,0.423557
5,11.537,0,5
5,11.637,0.159327,4.98302
5,11.737,0.317331,4.96626
5,11.837,0.474042,4.94973
5,11.937,0.629493,4.93341
5,12.037,0.783713,4.91729
5,12.137,0.936731,4.90136
5,12.237,1.08857,4.88562
5,12.337,1.23927,4.87005
5,12.437,1.38885,4.85466
5,12.537,1.53733,4.83943
5,12.637,1.68474,4.82436
5,12.737,1.83111,4.80944
5,12.837,1.97645,4.79466
5,12.937,2.12079,4.78003
5,13.037,2.26415,4.76553
5,13.137,2.40656,4.75116
5,13.237,2.54803,4.73691
5,13.337,2.68858,4.72279
5,13.437,2.82824,4.70878
5,13.537,2.96701,4.69489
5,13.637,3.10493,4.6811
5,13.737,3.242,4.66742
5,13.837,3.37825,4.65384
5,13.937,3.5137,4.64035
5,14.037,3.64835,4.62696
5,14.137,3.78222,4.61367
5,14.237,3.91533,4.60046
5,14.337,4.0477,4.58733
5,14.437,4.17934,4.57429
5,14.537,4.31026,4.56133
5,14.637,4.44048,4.54845
5,14.737,4.57001,4.53565
5,14.837,4.69886,4.52291
5,14.937,4.82705,4.51025
5,15.037,4.95459,4.49766
5,15.137,5.08149,4.48514
5,15.237,5.20777,4.47268
5,15.337,5.33343,4.46028
5,15.437,5.45848,4.44795
5,15.537,5.58294,4.43568
5,15.637,5.70682,4.42347
5,15.737,5.83013,4.41131
5,15.837,5.95287,4.39921
5,15.937,6.07506,4.38716
5,16.037,6.19671,4.37517
5,16.137,6.31783,4.36323
5,16.237,6.43842,4.35134
5,16.337,6.5585,4.33951
5,16.437,6.67807,4.32771
5,16.537,6.79714,4.31597
5,16.637,6.91572,4.30428
5,16.737,7.03382,4.29262
5,16.837,7.15145,4.28102
5,16.937,7.26861,4.26946
5,17.037,7.38531,4.25794
5,17.137,7.50157,4.24646
5,17.237,7.61737,4.23502
5,17.337,7.73275,4.22363
5,17.437,7.84769,4.21227
5,17.537,7.9622,4.20096
5,17.637,8.07631,4.18968
5,17.737,8.19,4.17844
5,17.837,8.30328,4.16724
5,17.937,8.41617,4.15607
5,18.037,8.52867,4.14494
5,18.137,8.64078,4.13385
5,18.237,8.75251,4.12279
5,18.337,8.86387,4.11177
5,18.437,8.97485,4.10078
5,18.537,9.08548,4.08982
5,18.637,9.19574,4.0789
5,18.737,9.30565,4.06801
5,18.837,9.41521,4.05715
5,18.937,9.52443,4.04632
5,19.037,9.63331,4.03553
5,19.137,9.74185,4.02477
5,19.237,9.85007,4.01403
5,19.337,9.95795,4.00333
5,19.437,10.0655,3.99266
5,19.537,10.1728,3.98202
5,19.637,10.2797,3.97141
5,19.737,10.3863,3.96083
5,19.837,10.4927,3.95027
5,19.937,10.5987,3.93975
5,20.037,10.7044,3.92925
5,20.137,10.8099,3.91879
5,20.237,10.915,3.90835
5,20.337,11.0199,3.89794
5,20.437,11.1245,3.88756
5,20.537,11.2288,3.8772
5,20.637,11.3328,3.86687
5,20.737,11.4366,3.85657
5,20.837,11.54,3.8463
5,20.937,11.6433,3.83605
5,21.037,11.7462,3.82583
5,21.137,11.8489,3.81563
5,21.237,11.9514,3.80546
5,21.337,12.0536,3.79532
5,21.437,12.1555,3.78521
5,21.537,12.2572,3.77512
5,21.637,12.3587,3.76505
5,21.737,12.4599,3.75501
5,21.837,12.5609,3.745
5,21.937,12.6616,3.73501
5,22.037,12.7621,3.72505
5,22.137,12.8624,3.71511
5,22.237,12.9624,3.7052
5,22.337,13.0623,3.69531
5,22.437,13.1619,3.68544
5,22.537,13.2612,3.67561
5,22.637,13.3604,3.66579
5,22.737,13.4593,3.656
5,22.837,13.5581,3.64624
5,22.937,13.6566,3.63649
5,23.037,13.7549,3.62678
5,23.137,13.853,3.61708
5,23.237,13.9509,3.60742
5,23.337,14.0486,3.59777
5,23.437,14.146,3.58815
5,23.537,14.2433,3.57855
5,23.637,14.3404,3.56898
5,23.737,14.4373,3.55943
5,23.837,14.534,3.5499
5,23.937,14.6305,3.5404
5,24.037,14.7268,3.53092
5,24.137,14.8229,3.52146
5,24.237,14.9188,3.51203
5,24.337,15.0146,3.50262
5,24.437,15.1102,3.49323
5,24.537,15.2055,3.48387
5,24.637,15.3007,3.47452
5,24.737,15.3957,3.46521
5,24.837,15.4906,3.45591
5,24.937,15.5852,3.44664
5,25.037,15.6797,3.43739
5,25.137,15.774,3.42816
5,25.237,15.8682,3.41896
5,25.337,15.9622,3.40978
5,25.437,16.056,3.40062
5,25.537,16.1496,3.39148
5,25.637,16.2431,3.38237
5,25.737,16.3364,3.37327
5,25.837,16.4295,3.36421
5,25.937,16.5225,3.35516
5,26.037,16.6153,3.34613
5,26.137,16.7079,3.33713
5,26.237,16.8004,3.32815
5,26.337,16.8927,3.31919
5,26.437,16.9849,3.31026
5,26.537,17.0769,3.30134
5,26.637,17.1688,3.29245
5,26.737,17.2605,3.28358
5,26.837,17.352,3.27473
5,26.937,17.4434,3.2659
5,27.037,17.5347,3.2571
5,27.137,17.6258,3.24831
5,27.237,17.7167,3.23955
5,27.337,17.8075,3.23081
5,27.437,17.8982,3.22209
5,27.537,17.9887,3.2134
5,27.637,18.079,3.20472
5,27.737,18.1692,3.19607
5,27.837,18.2593,3.18743
5,27.937,18.3492,3.17882
5,28.037,18.439,3.17023
5,28.137,18.5286,3.16166
5,28.237,18.6181,3.15312
5,28.337,18.7075,3.14459
5,28.437,18.7967,3.13608
5,28.537,18.8858,3.1276
5,28.637,18.9747,3.11914
5,28.737,19.0635,3.11069
5,28.837,19.1522,3.10227
5,28.937,19.2407,3.09387
5,29.037,19.3291,3.08549
5,29.137,19.4174,3.07713
5,29.237,19.5055,3.06879
5,29.337,19.5935,3.06047
5,29.437,19.6813,3.05218
5,29.537,19.7691,3.0439
5,29.637,19.8567,3.03564
5,29.737,19.9441,3.02741
5,29.837,20.0315,3.01919
5,29.937,20.1187,3.011
5,30.037,20.2057,3.00282
5,30.137,20.2927,2.99467
5,30.237,20.3795,2.98653
5,30.337,20.4662,2.97842
5,30.437,20.5527,2.97033
5,30.537,20.6392,2.96225
5,30.637,20.7255,2.9542
5,30.737,20.8116,2.94617
5,30.837,20.8977,2.93815
5,30.937,20.9836,2.93016
5,31.037,21.0694,2.92218
5,31.137,21.1551,2.91423
5,31.237,21.2407,2.9063
5,31.337,21.3261,2.89838
5,31.437,21.4114,2.89049
5,31.537,21.4966,2.88261
5,31.637,21.5816,2.87475
5,31.737,21.6666,2.86692
5,31.837,21.7514,2.8591
5,31.937,21.8361,2.8513
5,32.037,21.9206,2.84352
5,32.137,22.0051,2.83577
5,32.237,22.0894,2.82803
5,32.337,22.1736,2.8203
5,32.437,22.2577,2.8126
5,32.537,22.3416,2.80492
5,32.637,22.4255,2.79726
5,32.737,22.5092,2.78961
5,32.837,22.5928,2.78199
5,32.937,22.6763,2.77438
5,33.037,22.7597,2.76679
5,33.137,22.8429,2.75922
5,33.237,22.926,2.75167
5,33.337,23.009,2.74414
5,33.437,23.0919,2.73663
5,33.537,23.1747,2.72913
5,33.637,23.2574,2.72166
5,33.737,23.3399,2.7142
5,33.837,23.4223,2.70676
5,33.937,23.5046,2.69934
5,34.037,23.5868,2.69194
5,34.137,23.6689,2.68455
5,34.237,23.7508,2.67719
5,34.337,23.8326,2.66984
5,34.437,23.9143,2.66251
5,34.537,23.9959,2.6552
5,34.637,24.0774,2.6479
5,34.737,24.1588,2.64063
5,34.837,24.24,2.63337
5,34.937,24.3212,2.62613
5,35.037,24.4022,2.61891
5,35.137,24.4831,2.6117
5,35.237,24.5638,2.60452
5,35.337,24.6445,2.59735
5,35.437,24.725,2.5902
5,35.537,24.8055,2.58306
5,35.637,24.8858,2.57594
5,35.737,24.966,2.56884
5,35.837,25.046,2.56176
5,35.937,25.126,2.5547
5,36.037,25.2059,2.54765
5,36.137,25.2856,2.54062
5,36.237,25.3652,2.53361
5,36.337,25.4447,2.52661
5,36.437,25.5241,2.51963
5,36.537,25.6033,2.51267
5,36.637,25.6825,2.50572
5,36.737,25.7615,2.49879
5,36.837,25.8404,2.49188
5,36.937,25.9192,2.48499
5,37.037,25.9979,2.47811
5,37.137,26.0764,2.47125
5,37.237,26.1548,2.4644
5,37.337,26.2332,2.45757
5,37.437,26.3114,2.45076
5,37.537,26.3895,2.44397
5,37.637,26.4674,2.43719
5,37.737,26.5453,2.43043
5,37.837,26.623,2.42368
5,37.937,26.7006,2.41695
5,38.037,26.7781,2.41023
5,38.137,26.8555,2.40354
5,38.237,26.9327,2.39685
5,38.337,27.0099,2.39019
5,38.437,27.0869,2.38354
5,38.537,27.1638,2.3769
5,38.637,27.2406,2.37029
5,38.737,27.3172,2.36368
5,38.837,27.3938,2.3571
5,38.937,27.4702,2.35053
5,39.037,27.5465,2.34397
5,39.137,27.6226,2.33743
5,39.237,27.6987,2.33091
5,39.337,27.7746,2.3244
5,39.437,27.8504,2.31791
5,39.537,27.9261,2.31143
5,39.637,28.0017,2.30497
5,39.737,28.0771,2.29852
5,39.837,28.1525,2.29209
5,39.937,28.2277,2.28567
5,40.037,28.3027,2.27927
5,40.137,28.3777,2.27288
5,40.237,28.4525,2.26651
5,40.337,28.5272,2.26015
5,40.437,28.6018,2.25381
5,40.537,28.6763,2.24748
5,40.637,28.7506,2.24117
5,40.737,28.8248,2.23487
5,40.837,28.8989,2.22859
5,40.937,28.9728,2.22232
5,41.037,29.0467,2.21607
5,41.137,29.1204,2.20983
5,41.237,29.1939,2.20361
5,41.337,29.2674,2.1974
5,41.437,29.3407,2.1912
5,41.537,29.4139,2.18502
5,41.637,29.4869,2.17885
5,41.737,29.5599,2.1727
5,41.837,29.6327,2.16656
5,41.937,29.7054,2.16044
5,42.037,29.7779,2.15433
5,42.137,29.8503,2.14823
5,42.237,29.9226,2.14215
5,42.337,29.9947,2.13608
5,42.437,30.0668,2.13003
5,42.537,30.1386,2.12399
5,42.637,30.2104,2.11796
5,42.737,30.282,2.11195
5,42.837,30.3535,2.10595
5,42.937,30.4248,2.09997
5,43.037,30.4961,2.09399
5,43.137,30.5671,2.08804
5,43.237,30.6381,2.08209
5,43.337,30.7089,2.07616
5,43.437,30.7796,2.07024
5,43.537,30.8501,2.06434
5,43.637,30.9205,2.05845
5,43.737,30.9907,2.05257
5,43.837,31.0609,2.04671
5,43.937,31.1308,2.04086
5,44.037,31.2007,2.03502
5,44.137,31.2704,2.02919
5,44.237,31.3399,2.02338
5,44.337,31.4094,2.01758
5,44.437,31.4786,2.01179
5,44.537,31.5478,2.00602
5,44.637,31.6167,2.00026
5,44.737,31.6856,1.99451
5,44.837,31.7543,1.98878
5,44.937,31.8228,1.98306
5,45.037,31.8912,1.97735
5,45.137,31.9595,1.97165
5,45.237,32.0276,1.96597
5,45.337,32.0956,1.9603
5,45.437,32.1634,1.95464
5,45.537,32.2311,1.94899
5,45.637,32.2986,1.94336
5,45.737,32.366,1.93773
5,45.837,32.4332,1.93212
5,45.937,32.5002,1.92653
5,46.037,32.5671,1.92094
5,46.137,32.6339,1.91537
5,46.237,32.7005,1.90981
5,46.337,32.767,1.90426
5,46.437,32.8332,1.89872
5,46.537,32.8994,1.8932
5,46.637,32.9654,1.88769
5,46.737,33.0312,1.88219
5,46.837,33.0968,1.8767
5,46.937,33.1624,1.87122
5,47.037,33.2277,1.86576
5,47.137,33.2929,1.8603
5,47.237,33.3579,1.85486
5,47.337,33.4228,1.84943
5,47.437,33.4875,1.84401
5,47.537,33.552,1.83861
5,47.637,33.6164,1.83321
5,47.737,33.6806,1.82783
5,47.837,33.7446,1.82245
5,47.937,33.8085,1.81709
5,48.037,33.8722,1.81174
5,48.137,33.9357,1.80641
5,48.237,33.999,1.80108
5,48.337,34.0622,1.79576
5,48.437,34.1252,1.79046
5,48.537,34.1881,1.78516
5,48.637,34.2508,1.77988
5,48.737,34.3132,1.77461
5,48.837,34.3756,1.76935
5,48.937,34.4377,1.7641
5,49.037,34.4997,1.75886
5,49.137,34.5614,1.75364
5,49.237,34.6231,1.74842
5,49.337,34.6845,1.74322
5,49.437,34.7457,1.73802
5,49.537,34.8068,1.73284
5,49.637,34.8677,1.72767
5,49.737,34.9283,1.7225
5,49.837,34.9888,1.71735
5,49.937,35.0492,1.71221
5,50.037,35.1093,1.70708
5,50.137,35.1692,1.70196
5,50.237,35.229,1.69685
5,50.337,35.2885,1.69175
5,50.437,35.3479,1.68666
5,50.537,35.4071,1.68159
5,50.637,35.4661,1.67652
5,50.737,35.5248,1.67146
5,50.837,35.5834,1.66641
5,50.937,35.6418,1.66138
5,51.037,35.7,1.65635
5,51.137,35.758,1.65133
5,51.237,35.8158,1.64633
5,51.337,35.8733,1.64133
5,51.437,35.9307,1.63635
5,51.537,35.9879,1.63137
5,51.637,36.0449,1.6264
5,51.737,36.1016,1.62145
5,51.837,36.1582,1.6165
5,51.937,36.2145,1.61157
5,52.037,36.2706,1.60664
5,52.137,36.3265,1.60172
5,52.237,36.3822,1.59682
5,52.337,36.4377,1.59192
5,52.437,36.493,1.58703
5,52.537,36.548,1.58216
5,52.637,36.6028,1.57729
5,52.737,36.6574,1.57243
5,52.837,36.7118,1.56758
5,52.937,36.7659,1.56274
5,53.037,36.8199,1.55791
5,53.137,36.8736,1.55309
5,53.237,36.927,1.54828
5,53.337,36.9803,1.54348
5,53.437,37.0333,1.53869
5,53.537,37.0861,1.53391
5,53.637,37.1386,1.52914
5,53.737,37.1909,1.52437
5,53.837,37.243,1.51962
5,53.937,37.2948,1.51487
5,54.037,37.3464,1.51014
5,54.137,37.3977,1.50541
5,54.237,37.4488,1.5007
5,54.337,37.4996,1.49599
5,54.437,37.5502,1.49129
5,54.537,37.6006,1.4866
5,54.637,37.6507,1.48192
5,54.737,37.7005,1.47725
5,54.837,37.7501,1.47258
5,54.937,37.7995,1.46793
5,55.037,37.8485,1.46328
5,55.137,37.8973,1.45865
5,55.237,37.9459,1.45402
5,55.337,37.9942,1.4494
5,55.437,38.0422,1.44479
5,55.537,38.09,1.44019
5,55.637,38.1374,1.4356
5,55.737,38.1847,1.43102
5,55.837,38.2316,1.42644
5,55.937,38.2783,1.42188
5,56.037,38.3246,1.41732
5,56.137,38.3708,1.41277
5,56.237,38.4166,1.40823
5,56.337,38.4621,1.4037
5,56.437,38.5074,1.39918
5,56.537,38.5523,1.39467
5,56.637,38.597,1.39016
5,56.737,38.6414,1.38566
5,56.837,38.6855,1.38117
5,56.937,38.7293,1.37669
5,57.037,38.7728,1.37222
5,57.137,38.816,1.36776
5,57.237,38.8589,1.3633
5,57.337,38.9015,1.35886
5,57.437,38.9438,1.35442
5,57.537,38.9857,1.34999
5,57.637,39.0274,1.34557
5,57.737,39.0687,1.34115
5,57.837,39.1098,1.33675
5,57.937,39.1505,1.33235
5,58.037,39.1909,1.32796
5,58.137,39.2309,1.32358
5,58.237,39.2707,1.31921
5,58.337,39.3101,1.31484
5,58.437,39.3491,1.31049
5,58.537,39.3879,1.30614
5,58.637,39.4263,1.3018
5,58.737,39.4644,1.29747
5,58.837,39.5021,1.29314
5,58.937,39.5395,1.28883
5,59.037,39.5765,1.28452
5,59.137,39.6132,1.28022
5,59.237,39.6495,1.27592
5,59.337,39.6855,1.27164
5,59.437,39.7211,1.26736
5,59.537,39.7564,1.26309
5,59.637,39.7912,1.25883
5,59.737,39.8258,1.25458
5,59.837,39.8599,1.25033
5,59.937,39.8937,1.2461
5,60.037,39.9271,1.24187
5,60.137,39.9601,1.23764
5,60.237,39.9928,1.23343
5,60.337,40.025,1.22922
5,60.437,40.0569,1.22502
5,60.537,40.0884,1.22083
5,60.637,40.1195,1.21665
5,60.737,40.1501,1.21247
5,60.837,40.1804,1.20831
5,60.937,40.2103,1.20415
5,61.037,40.2398,1.19999
5,61.137,40.2688,1.19585
5,61.237,40.2975,1.19171
5,61.337,40.3257,1.18758
5,61.437,40.3535,1.18346
5,61.537,40.3809,1.17934
5,61.637,40.4079,1.17523
5,61.737,40.4344,1.17113
5,61.837,40.4605,1.16704
5,61.937,40.4861,1.16295
5,62.037,40.5113,1.15888
5,62.137,40.5361,1.15481
5,62.237,40.5604,1.15074
5,62.337,40.5842,1.14669
5,62.437,40.6076,1.14264
5,62.537,40.6306,1.1386
5,62.637,40.653,1.13457
5,62.737,40.675,1.13054
5,62.837,40.6965,1.12652
5,62.937,40.7176,1.12251
5,63.037,40.7381,1.11851
5,63.137,40.7582,1.11451
5,63.237,40.7778,1.11052
5,63.337,40.7969,1.10654
5,63.437,40.8155,1.10257
5,63.537,40.8335,1.0986
5,63.637,40.8511,1.09464
5,63.737,40.8682,1.09069
5,63.837,40.8847,1.08674
5,63.937,40.9007,1.0828
5,64.037,40.9162,1.07887
5,64.137,40.9312,1.07495
5,64.237,40.9456,1.07103
5,64.337,40.9595,1.06712
5,64.437,40.9728,1.06322
5,64.537,40.9856,1.05933
5,64.637,40.9978,1.05544
5,64.737,41.0095,1.05156
5,64.837,41.0206,1.04769
5,64.937,41.0311,1.04382
5,65.037,41.0411,1.03996
5,65.137,41.0505,1.03611
5,65.237,41.0593,1.03227
5,65.337,41.0675,1.02843
5,65.437,41.0751,1.0246
5,65.537,41.0821,1.02078
5,65.637,41.0884,1.01697
5,65.737,41.0942,1.01316
5,65.837,41.0994,1.00936
5,65.937,41.1039,1.00556
5,66.037,41.1078,1.00178
5,66.137,41.111,0.997999
5,66.237,41.1137,0.994228
5,66.337,41.1156,0.990463
5,66.437,41.1169,0.986706
5,66.537,41.1176,0.982956
5,66.637,41.1176,0.979213
5,66.737,41.1169,0.975477
5,66.837,41.1155,0.971749
5,66.937,41.1134,0.968027
5,67.037,41.1107,0.964313
5,67.137,41.1072,0.960607
5,67.237,41.1031,0.956907
5,67.337,41.0982,0.953215
5,67.437,41.0926,0.94953
5,67.537,41.0863,0.945852
5,67.637,41.0792,0.942181
5,67.737,41.0714,0.938518
5,67.837,41.0629,0.934862
5,67.937,41.0536,0.931214
5,68.037,41.0435,0.927572
5,68.137,41.0327,0.923938
5,68.237,41.0211,0.920311
5,68.337,41.0087,0.916692
5,68.437,40.9955,0.91308
5,68.537,40.9815,0.909475
5,68.637,40.9667,0.905878
5,68.737,40.9511,0.902288
5,68.837,40.9347,0.898705
5,68.937,40.9174,0.89513
5,69.037,40.8993,0.891563
5,69.137,40.8804,0.888002
5,69.237,40.8605,0.884449
5,69.337,40.8399,0.880904
5,69.437,40.8183,0.877366
5,69.537,40.7959,0.873836
5,69.637,40.7725,0.870313
5,69.737,40.7483,0.866798
5,69.837,40.7232,0.86329
5,69.937,40.6971,0.85979
5,70.037,40.6701,0.856297
5,70.137,40.6422,0.852812
5,70.237,40.6134,0.849335
5,70.337,40.5835,0.845865
5,70.437,40.5527,0.842403
5,70.537,40.521,0.838949
5,70.637,40.4882,0.835502
5,70.737,40.4545,0.832064
5,70.837,40.4197,0.828633
5,70.937,40.384,0.82521
5,71.037,40.3472,0.821794
5,71.137,40.3094,0.818387
5,71.237,40.2705,0.814987
5,71.337,40.2306,0.811596
5,71.437,40.1896,0.808212
5,71.537,40.1475,0.804837
5,71.637,40.1043,0.801469
5,71.737,40.0601,0.798109
5,71.837,40.0147,0.794758
5,71.937,39.9682,0.791415
5,72.037,39.9206,0.78808
5,72.137,39.8718,0.784753
5,72.237,39.8219,0.781434
5,72.337,39.7708,0.778123
5,72.437,39.7185,0.774821
5,72.537,39.665,0.771528
5,72.637,39.6103,0.768242
5,72.737,39.5544,0.764965
5,72.837,39.4973,0.761697
5,72.937,39.4389,0.758437
5,73.037,39.3793,0.755186
5,73.137,39.3184,0.751943
5,73.237,39.2562,0.748709
5,73.337,39.1927,0.745483
5,73.437,39.1279,0.742267
5,73.537,39.0618,0.739059
5,73.637,38.9944,0.73586
5,73.737,38.9256,0.73267
5,73.837,38.8555,0.729489
5,73.937,38.7839,0.726317
5,74.037,38.711,0.723154
5,74.137,38.6367,0.72
5,74.237,38.5609,0.716856
5,74.337,38.4838,0.71372
5,74.437,38.4051,0.710594
5,74.537,38.3251,0.707478
5,74.637,38.2435,0.70437
5,74.737,38.1604,0.701273
5,74.837,38.0759,0.698184
5,74.937,37.9898,0.695106
5,75.037,37.9022,0.692037
5,75.137,37.813,0.688978
5,75.237,37.7222,0.685929
5,75.337,37.6299,0.682889
5,75.437,37.536,0.67986
5,75.537,37.4404,0.67684
5,75.637,37.3432,0.673831
5,75.737,37.2444,0.670832
5,75.837,37.1439,0.667844
5,75.937,37.0417,0.664865
5,76.037,36.9378,0.661897
5,76.137,36.8322,0.65894
5,76.237,36.7248,0.655993
5,76.337,36.6157,0.653057
5,76.437,36.5049,0.650132
5,76.537,36.3922,0.647217
5,76.637,36.2778,0.644314
5,76.737,36.1615,0.641422
5,76.837,36.0434,0.63854
5,76.937,35.9234,0.635671
5,77.037,35.8016,0.632812
5,77.137,35.6779,0.629965
5,77.237,35.5522,0.627129
5,77.337,35.4247,0.624305
5,77.437,35.2951,0.621493
5,77.537,35.1637,0.618693
5,77.637,35.0302,0.615904
5,77.737,34.8948,0.613128
5,77.837,34.7573,0.610364
5,77.937,34.6178,0.607612
5,78.037,34.4762,0.604872
5,78.137,34.3325,0.602145
5,78.237,34.1868,0.599431
5,78.337,34.039,0.59673
5,78.437,33.889,0.594041
5,78.537,33.7368,0.591365
5,78.637,33.5825,0.588703
5,78.737,33.4261,0.586054
5,78.837,33.2674,0.583418
5,78.937,33.1065,0.580795
5,79.037,32.9433,0.578187
5,79.137,32.7779,0.575592
5,79.237,32.6102,0.573011
5,79.337,32.4402,0.570444
5,79.437,32.2679,0.567892
5,79.537,32.0933,0.565353
5,79.637,31.9163,0.56283
5,79.737,31.7369,0.56032
5,79.837,31.5552,0.557826
5,79.937,31.371,0.555347
5,80.037,31.1844,0.552882
5,80.137,30.9954,0.550433
5,80.237,30.8039,0.548
5,80.337,30.61,0.545582
5,80.437,30.4135,0.54318
5,80.537,30.2146,0.540793
5,80.637,30.0131,0.538423
5,80.737,29.8091,0.536069
5,80.837,29.6025,0.533731
5,80.937,29.3934,0.53141
5,81.037,29.1816,0.529106
5,81.137,28.9673,0.526818
5,81.237,28.7503,0.524548
5,81.337,28.5308,0.522295
5,81.437,28.3085,0.520059
5,81.537,28.0837,0.517841
5,81.637,27.8561,0.515641
5,81.737,27.6259,0.513459
5,81.837,27.3929,0.511295
5,81.937,27.1573,0.50915
5,82.037,26.9189,0.507023
5,82.137,26.6778,0.504915
5,82.237,26.434,0.502826
5,82.337,26.1875,0.500756
5,82.437,25.9381,0.498706
5,82.537,25.6861,0.496675
5,82.637,25.4312,0.494664
5,82.737,25.1736,0.492673
5,82.837,24.9132,0.490702
5,82.937,24.65,0.488751
5,83.037,24.384,0.486821
5,83.137,24.1152,0.484912
5,83.237,23.8437,0.483024
5,83.337,23.5693,0.481158
5,83.437,23.2921,0.479312
5,83.537,23.0122,0.477489
5,83.637,22.7294,0.475687
5,83.737,22.4439,0.473907
5,83.837,22.1556,0.47215
5,83.937,21.8644,0.470415
5,84.037,21.5706,0.468703
5,84.137,21.2739,0.467014
5,84.237,20.9745,0.465348
5,84.337,20.6723,0.463706
5,84.437,20.3673,0.462087
5,84.537,20.0597,0.460492
5,84.637,19.7493,0.458921
5,84.737,19.4362,0.457375
5,84.837,19.1204,0.455852
5,84.937,18.802,0.454355
5,85.037,18.4809,0.452883
5,85.137,18.1571,0.451435
5,85.237,17.8307,0.450014
5,85.337,17.5018,0.448617
5,85.437,17.1702,0.447247
5,85.537,16.8362,0.445902
5,85.637,16.4996,0.444584
5,85.737,16.1605,0.443292
5,85.837,15.8189,0.442027
5,85.937,15.4749,0.440789
5,86.037,15.1285,0.439577
5,86.137,14.7798,0.438393
5,86.237,14.4287,0.437237
5,86.337,14.0753,0.436108
5,86.437,13.7197,0.435007
5,86.537,13.3618,0.433933
5,86.637,13.0018,0.432889
5,86.737,12.6396,0.431872
5,86.837,12.2754,0.430884
5,86.937,11.9091,0.429925
5,87.037,11.5408,0.428995
5,87.137,11.1706,0.428094
5,87.237,10.7985,0.427222
5,87.337,10.4245,0.42638
5,87.437,10.0487,0.425567
5,87.537,9.67123,0.424784
5,87.637,9.29205,0.424031
5,87.737,8.91124,0.423308
5,87.837,8.52887,0.422615
5,87.937,8.14499,0.421953
5,88.037,7.75967,0.421321
5,88.137,7.37297,0.42072
5,88.237,6.98494,0.420149
5,88.337,6.59566,0.419609
5,88.437,6.20518,0.4191
5,88.537,5.81358,0.418622
5,88.637,5.42093,0.418175
5,88.737,5.02728,0.41776
5,88.837,4.63271,0.417376
5,88.937,4.2373,0.417023
5,89.037,3.8411,0.416701
5,89.137,3.44419,0.416412
5,89.237,3.04665,0.416153
5,89.337,2.64855,0.415927
5,89.437,2.24995,0.415732
5,89.537,1.85093,0.415569
5,89.637,1.45157,0.415437
5,89.737,1.05194,0.415338
5,89.837,0.65211,0.41527
5,89.937,0.252161,0.415234
5.5,10.4757,0,5.5
5.5,10.5757,0.160409,5.47999
5.5,10.6757,0.319349,5.46027
5.5,10.7757,0.47686,5.44085
5.5,10.8757,0.632978,5.42169
5.5,10.9757,0.787741,5.40279
5.5,11.0757,0.941185,5.38414
5.5,11.1757,1.09334,5.36572
5.5,11.2757,1.24425,5.34753
5.5,11.3757,1.39393,5.32955
5.5,11.4757,1.54242,5.31178
5.5,11.5757,1.68975,5.29421
5.5,11.6757,1.83595,5.27683
5.5,11.7757,1.98105,5.25963
5.5,11.8757,2.12506,5.2426
5.5,11.9757,2.26803,5.22574
5.5,12.0757,2.40996,5.20903
5.5,12.1757,2.5509,5.19249
5.5,12.2757,2.69085,5.17609
5.5,12.3757,2.82985,5.15983
5.5,12.4757,2.96792,5.14371
5.5,12.5757,3.10507,5.12772
5.5,12.6757,3.24133,5.11186
5.5,12.7757,3.37671,5.09612
5.5,12.8757,3.51125,5.0805
5.5,12.9757,3.64495,5.06499
5.5,13.0757,3.77783,5.04959
5.5,13.1757,3.90992,5.0343
5.5,13.2757,4.04122,5.01911
5.5,13.3757,4.17177,5.00402
5.5,13.4757,4.30156,4.98902
5.5,13.5757,4.43062,4.97412
5.5,13.6757,4.55897,4.95931
5.5,13.7757,4.68661,4.94459
5.5,13.8757,4.81357,4.92995
5.5,13.9757,4.93985,4.91539
5.5,14.0757,5.06547,4.90091
5.5,14.1757,5.19045,4.88651
5.5,14.2757,5.31479,4.87219
5.5,14.3757,5.43851,4.85794
5.5,14.4757,5.56162,4.84376
5.5,14.5757,5.68413,4.82964
5.5,14.6757,5.80606,4.8156
5.5,14.7757,5.92742,4.80162
5.5,14.8757,6.04821,4.78771
5.5,14.9757,6.16844,4.77386
5.5,15.0757,6.28814,4.76007
5.5,15.1757,6.4073,4.74634
5.5,15.2757,6.52594,4.73267
5.5,15.3757,6.64407,4.71906
5.5,15.4757,6.76169,4.7055
5.5,15.5757,6.87882,4.69199
5.5,15.6757,6.99546,4.67855
5.5,15.7757,7.11163,4.66515
5.5,15.8757,7.22732,4.6518
5.5,15.9757,7.34256,4.63851
5.5,16.0757,7.45734,4.62526
5.5,16.1757,7.57168,4.61207
5.5,16.2757,7.68558,4.59892
5.5,16.3757,7.79905,4.58582
5.5,16.4757,7.9121,4.57277
5.5,16.5757,8.02473,4.55976
5.5,16.6757,8.13695,4.54679
5.5,16.7757,8.24877,4.53388
5.5,16.8757,8.36019,4.521
5.5,16.9757,8.47123,4.50817
5.5,17.0757,8.58188,4.49538
5.5,17.1757,8.69216,4.48263
5.5,17.2757,8.80206,4.46992
5.5,17.3757,8.9116,4.45726
5.5,17.4757,9.02078,4.44463
5.5,17.5757,9.12961,4.43205
5.5,17.6757,9.23809,4.4195
5.5,17.7757,9.34622,4.40699
5.5,17.8757,9.45402,4.39452
5.5,17.9757,9.56148,4.38209
5.5,18.0757,9.66862,4.3697
5.5,18.1757,9.77543,4.35735
5.5,18.2757,9.88192,4.34503
5.5,18.3757,9.9881,4.33275
5.5,18.4757,10.094,4.3205
5.5,18.5757,10.1995,4.30829
5.5,18.6757,10.3048,4.29612
5.5,18.7757,10.4098,4.28398
5.5,18.8757,10.5144,4.27188
5.5,18.9757,10.6188,4.25982
5.5,19.0757,10.7229,4.24779
5.5,19.1757,10.8268,4.23579
5.5,19.2757,10.9303,4.22383
5.5,19.3757,11.0336,4.2119
5.5,19.4757,11.1366,4.2
5.5,19.5757,11.2393,4.18814
5.5,19.6757,11.3418,4.17631
5.5,19.7757,11.444,4.16452
5.5,19.8757,11.546,4.15276
5.5,19.9757,11.6477,4.14103
5.5,20.0757,11.7491,4.12934
5.5,20.1757,11.8504,4.11767
5.5,20.2757,11.9513,4.10604
5.5,20.3757,12.0521,4.09445
5.5,20.4757,12.1526,4.08288
5.5,20.5757,12.2528,4.07135
5.5,20.6757,12.3528,4.05985
5.5,20.7757,12.4526,4.04838
5.5,20.8757,12.5522,4.03694
5.5,20.9757,12.6516,4.02554
5.5,21.0757,12.7507,4.01416
5.5,21.1757,12.8496,4.00282
5.5,21.2757,12.9483,3.99151
5.5,21.3757,13.0468,3.98023
5.5,21.4757,13.145,3.96898
5.5,21.5757,13.2431,3.95776
5.5,21.6757,13.341,3.94657
5.5,21.7757,13.4386,3.93541
5.5,21.8757,13.5361,3.92429
5.5,21.9757,13.6333,3.91319
5.5,22.0757,13.7304,3.90212
5.5,22.1757,13.8272,3.89109
5.5,22.2757,13.9239,3.88008
5.5,22.3757,14.0203,3.86911
5.5,22.4757,14.1166,3.85816
5.5,22.5757,14.2127,3.84725
5.5,22.6757,14.3086,3.83637
5.5,22.7757,14.4043,3.82551
5.5,22.8757,14.4999,3.81469
5.5,22.9757,14.5952,3.80389
5.5,23.0757,14.6904,3.79312
5.5,23.1757,14.7854,3.78239
5.5,23.2757,14.8803,3.77168
5.5,23.3757,14.9749,3.761
5.5,23.4757,15.0694,3.75036
5.5,23.5757,15.1637,3.73974
5.5,23.6757,15.2579,3.72915
5.5,23.7757,15.3518,3.71859
5.5,23.8757,15.4456,3.70806
5.5,23.9757,15.5393,3.69756
5.5,24.0757,15.6328,3.68708
5.5,24.1757,15.7261,3.67664
5.5,24.2757,15.8192,3.66622
5.5,24.3757,15.9122,3.65584
5.5,24.4757,16.0051,3.64548
5.5,24.5757,16.0978,3.63515
5.5,24.6757,16.1903,3.62485
5.5,24.7757,16.2827,3.61458
5.5,24.8757,16.3749,3.60433
5.5,24.9757,16.467,3.59412
5.5,25.0757,16.5589,3.58393
5.5,25.1757,16.6507,3.57377
5.5,25.2757,16.7423,3.56364
5.5,25.3757,16.8338,3.55354
5.5,25.4757,16.9251,3.54346
5.5,25.5757,17.0163,3.53342
5.5,25.6757,17.1073,3.5234
5.5,25.7757,17.1982,3.5134
5.5,25.8757,17.289,3.50344
5.5,25.9757,17.3796,3.49351
5.5,26.0757,17.4701,3.4836
5.5,26.1757,17.5604,3.47372
5.5,26.2757,17.6506,3.46386
5.5,26.3757,17.7407,3.45404
5.5,26.4757,17.8306,3.44424
5.5,26.5757,17.9204,3.43447
5.5,26.6757,18.01,3.42473
5.5,26.7757,18.0995,3.41501
5.5,26.8757,18.1889,3.40532
5.5,26.9757,18.2782,3.39566
5.5,27.0757,18.3673,3.38602
5.5,27.1757,18.4563,3.37641
5.5,27.2757,18.5452,3.36683
5.5,27.3757,18.6339,3.35728
5.5,27.4757,18.7225,3.34775
5.5,27.5757,18.811,3.33825
5.5,27.6757,18.8993,3.32877
5.5,27.7757,18.9875,3.31932
5.5,27.8757,19.0756,3.3099
5.5,27.9757,19.1636,3.3005
5.5,28.0757,19.2515,3.29113
5.5,28.1757,19.3392,3.28179
5.5,28.2757,19.4268,3.27247
5.5,28.3757,19.5143,3.26318
5.5,28.4757,19.6016,3.25392
5.5,28.5757,19.6888,3.24468
5.5,28.6757,19.776,3.23546
5.5,28.7757,19.8629,3.22628
5.5,28.8757,19.9498,3.21712
5.5,28.9757,20.0366,3.20798
5.5,29.0757,20.1232,3.19887
5.5,29.1757,20.2097,3.18978
5.5,29.2757,20.2961,3.18072
5.5,29.3757,20.3824,3.17169
5.5,29.4757,20.4685,3.16268
5.5,29.5757,20.5546,3.1537
5.5,29.6757,20.6405,3.14474
5.5,29.7757,20.7263,3.1358
5.5,29.8757,20.812,3.1269
5.5,29.9757,20.8976,3.11801
5.5,30.0757,20.9831,3.10915
5.5,30.1757,21.0684,3.10032
5.5,30.2757,21.1536,3.09151
5.5,30.3757,21.2388,3.08272
5.5,30.4757,21.3238,3.07396
5.5,30.5757,21.4087,3.06523
5.5,30.6757,21.4935,3.05652
5.5,30.7757,21.5781,3.04783
5.5,30.8757,21.6627,3.03917
5.5,30.9757,21.7471,3.03053
5.5,31.0757,21.8315,3.02191
5.5,31.1757,21.9157,3.01332
5.5,31.2757,21.9998,3.00476
5.5,31.3757,22.0838,2.99621
5.5,31.4757,22.1677,2.9877
5.5,31.5757,22.2515,2.9792
5.5,31.6757,22.3352,2.97073
5.5,31.7757,22.4187,2.96228
5.5,31.8757,22.5022,2.95386
5.5,31.9757,22.5855,2.94546
5.5,32.0757,22.6688,2.93708
5.5,32.1757,22.7519,2.92872
5.5,32.2757,22.8349,2.92039
5.5,32.3757,22.9178,2.91208
5.5,32.4757,23.0006,2.9038
5.5,32.5757,23.0833,2.89554
5.5,32.6757,23.1659,2.8873
5.5,32.7757,23.2484,2.87908
5.5,32.8757,23.3307,2.87089
5.5,32.9757,23.413,2.86272
5.5,33.0757,23.4952,2.85457
5.5,33.1757,23.5772,2.84644
5.5,33.2757,23.6591,2.83834
5.5,33.3757,23.741,2.83026
5.5,33.4757,23.8227,2.8222
5.5,33.5757,23.9043,2.81416
5.5,33.6757,23.9858,2.80615
5.5,33.7757,24.0672,2.79816
5.5,33.8757,24.1485,2.79019
5.5,33.9757,24.2297,2.78224
5.5,34.0757,24.3108,2.77431
5.5,34.1757,24.3918,2.76641
5.5,34.2757,24.4726,2.75852
5.5,34.3757,24.5534,2.75066
5.5,34.4757,24.6341,2.74282
5.5,34.5757,24.7146,2.735
5.5,34.6757,24.7951,2.7272
5.5,34.7757,24.8754,2.71943
5.5,34.8757,24.9556,2.71167
5.5,34.9757,25.0357,2.70394
5.5,35.0757,25.1158,2.69623
5.5,35.1757,25.1957,2.68853
5.5,35.2757,25.2755,2.68086
5.5,35.3757,25.3552,2.67321
5.5,35.4757,25.4348,2.66558
5.5,35.5757,25.5142,2.65798
5.5,35.6757,25.5936,2.65039
5.5,35.7757,25.6729,2.64282
5.5,35.8757,25.752,2.63527
5.5,35.9757,25.8311,2.62775
5.5,36.0757,25.91,2.62024
5.5,36.1757,25.9889,2.61275
5.5,36.2757,26.0676,2.60529
5.5,36.3757,26.1462,2.59784
5.5,36.4757,26.2247,2.59042
5.5,36.5757,26.3032,2.58301
5.5,36.6757,26.3815,2.57562
5.5,36.7757,26.4597,2.56826
5.5,36.8757,26.5377,2.56091
5.5,36.9757,26.6157,2.55359
5.5,37.0757,26.6936,2.54628
5.5,37.1757,26.7713,2.53899
5.5,37.2757,26.849,2.53172
5.5,37.3757,26.9265,2.52447
5.5,37.4757,27.004,2.51724
5.5,37.5757,27.0813,2.51003
5.5,37.6757,27.1585,2.50284
5.5,37.7757,27.2356,2.49567
5.5,37.8757,27.3126,2.48851
5.5,37.9757,27.3895,2.48138
5.5,38.0757,27.4663,2.47426
5.5,38.1757,27.5429,2.46717
5.5,38.2757,27.6195,2.46009
5.5,38.3757,27.6959,2.45303
5.5,38.4757,27.7723,2.44599
5.5,38.5757,27.8485,2.43896
5.5,38.6757,27.9246,2.43196
5.5,38.7757,28.0006,2.42497
5.5,38.8757,28.0765,2.41801
5.5,38.9757,28.1522,2.41106
5.5,39.0757,28.2279,2.40412
5.5,39.1757,28.3034,2.39721
5.5,39.2757,28.3789,2.39032
5.5,39.3757,28.4542,2.38344
5.5,39.4757,28.5294,2.37658
5.5,39.5757,28.6045,2.36974
5.5,39.6757,28.6795,2.36291
5.5,39.7757,28.7543,2.3561
5.5,39.8757,28.8291,2.34932
5.5,39.9757,28.9037,2.34254
5.5,40.0757,28.9782,2.33579
5.5,40.1757,29.0526,2.32905
5.5,40.2757,29.1269,2.32233
5.5,40.3757,29.2011,2.31563
5.5,40.4757,29.2751,2.30895
5.5,40.5757,29.3491,2.30228
5.5,40.6757,29.4229,2.29563
5.5,40.7757,29.4966,2.28899
5.5,40.8757,29.5702,2.28237
5.5,40.9757,29.6436,2.27577
5.5,41.0757,29.717,2.26919
5.5,41.1757,29.7902,2.26262
5.5,41.2757,29.8633,2.25607
5.5,41.3757,29.9363,2.24954
5.5,41.4757,30.0091,2.24302
5.5,41.5757,30.0819,2.23652
5.5,41.6757,30.1545,2.23003
5.5,41.7757,30.227,2.22357
5.5,41.8757,30.2994,2.21711
5.5,41.9757,30.3716,2.21068
5.5,42.0757,30.4438,2.20426
5.5,42.1757,30.5158,2.19785
5.5,42.2757,30.5876,2.19146
5.5,42.3757,30.6594,2.18509
5.5,42.4757,30.731,2.17874
5.5,42.5757,30.8025,2.1724
5.5,42.6757,30.8739,2.16607
5.5,42.7757,30.9452,2.15976
5.5,42.8757,31.0163,2.15347
5.5,42.9757,31.0873,2.14719
5.5,43.0757,31.1582,2.14093
5.5,43.1757,31.2289,2.13468
5.5,43.2757,31.2995,2.12845
5.5,43.3757,31.37,2.12223
5.5,43.4757,31.4404,2.11603
5.5,43.5757,31.5106,2.10984
5.5,43.6757,31.5807,2.10367
5.5,43.7757,31.6506,2.09751
5.5,43.8757,31.7205,2.09137
5.5,43.9757,31.7902,2.08525
5.5,44.0757,31.8597,2.07913
5.5,44.1757,31.9291,2.07304
5.5,44.2757,31.9984,2.06695
5.5,44.3757,32.0676,2.06089
5.5,44.4757,32.1366,2.05483
5.5,44.5757,32.2055,2.0488
5.5,44.6757,32.2743,2.04277
5.5,44.7757,32.3429,2.03676
5.5,44.8757,32.4113,2.03077
5.5,44.9757,32.4797,2.02479
5.5,45.0757,32.5479,2.01882
5.5,45.1757,32.6159,2.01287
5.5,45.2757,32.6838,2.00693
5.5,45.3757,32.7516,2.001
5.5,45.4757,32.8192,1.99509
5.5,45.5757,32.8867,1.9892
5.5,45.6757,32.9541,1.98332
5.5,45.7757,33.0212,1.97745
5.5,45.8757,33.0883,1.97159
5.5,45.9757,33.1552,1.96575
5.5,46.0757,33.222,1.95992
5.5,46.1757,33.2886,1.95411
5.5,46.2757,33.355,1.94831
5.5,46.3757,33.4214,1.94252
5.5,46.4757,33.4875,1.93675
5.5,46.5757,33.5535,1.93099
5.5,46.6757,33.6194,1.92525
5.5,46.7757,33.6851,1.91951
5.5,46.8757,33.7507,1.91379
5.5,46.9757,33.8161,1.90809
5.5,47.0757,33.8814,1.90239
5.5,47.1757,33.9465,1.89671
5.5,47.2757,34.0114,1.89105
5.5,47.3757,34.0762,1.88539
5.5,47.4757,34.1408,1.87975
5.5,47.5757,34.2053,1.87412
5.5,47.6757,34.2696,1.86851
5.5,47.7757,34.3338,1.8629
5.5,47.8757,34.3977,1.85731
5.5,47.9757,34.4616,1.85174
5.5,48.0757,34.5252,1.84617
5.5,48.1757,34.5887,1.84062
5.5,48.2757,34.6521,1.83508
5.5,48.3757,34.7153,1.82955
5.5,48.4757,34.7783,1.82404
5.5,48.5757,34.8411,1.81853
5.5,48.6757,34.9038,1.81304
5.5,48.7757,34.9663,1.80757
5.5,48.8757,35.0286,1.8021
5.5,48.9757,35.0908,1.79665
5.5,49.0757,35.1528,1.79121
5.5,49.1757,35.2146,1.78578
5.5,49.2757,35.2763,1.78036
5.5,49.3757,35.3377,1.77496
5.5,49.4757,35.399,1.76956
5.5,49.5757,35.4601,1.76418
5.5,49.6757,35.5211,1.75881
5.5,49.7757,35.5818,1.75345
5.5,49.8757,35.6424,1.74811
5.5,49.9757,35.7028,1.74277
5.5,50.0757,35.763,1.73745
5.5,50.1757,35.8231,1.73214
5.5,50.2757,35.8829,1.72684
5.5,50.3757,35.9426,1.72155
5.5,50.4757,36.0021,1.71628
5.5,50.5757,36.0613,1.71101
5.5,50.6757,36.1204,1.70576
5.5,50.7757,36.1794,1.70052
5.5,50.8757,36.2381,1.69529
5.5,50.9757,36.2966,1.69007
5.5,51.0757,36.3549,1.68486
5.5,51.1757,36.4131,1.67966
5.5,51.2757,36.471,1.67448
5.5,51.3757,36.5288,1.6693
5.5,51.4757,36.5863,1.66414
5.5,51.5757,36.6437,1.65898
5.5,51.6757,36.7008,1.65384
5.5,51.7757,36.7577,1.64871
5.5,51.8757,36.8145,1.64359
5.5,51.9757,36.871,1.63848
5.5,52.0757,36.9273,1.63338
5.5,52.1757,36.9835,1.6283
5.5,52.2757,37.0394,1.62322
5.5,52.3757,37.0951,1.61815
5.5,52.4757,37.1506,1.6131
5.5,52.5757,37.2058,1.60805
5.5,52.6757,37.2609,1.60302
5.5,52.7757,37.3157,1.598
5.5,52.8757,37.3704,1.59298
5.5,52.9757,37.4248,1.58798
5.5,53.0757,37.479,1.58299
5.5,53.1757,37.5329,1.578
5.5,53.2757,37.5867,1.57303
5.5,53.3757,37.6402,1.56807
5.5,53.4757,37.6935,1.56312
5.5,53.5757,37.7465,1.55818
5.5,53.6757,37.7994,1.55325
5.5,53.7757,37.852,1.54833
5.5,53.8757,37.9043,1.54342
5.5,53.9757,37.9565,1.53851
5.5,54.0757,38.0084,1.53362
5.5,54.1757,38.06,1.52874
5.5,54.2757,38.1115,1.52387
5.5,54.3757,38.1626,1.51901
5.5,54.4757,38.2136,1.51416
5.5,54.5757,38.2643,1.50932
5.5,54.6757,38.3147,1.50449
5.5,54.7757,38.3649,1.49967
5.5,54.8757,38.4149,1.49486
5.5,54.9757,38.4646,1.49005
5.5,55.0757,38.514,1.48526
5.5,55.1757,38.5632,1.48048
5.5,55.2757,38.6122,1.47571
5.5,55.3757,38.6609,1.47094
5.5,55.4757,38.7093,1.46619
5.5,55.5757,38.7574,1.46144
5.5,55.6757,38.8053,1.45671
5.5,55.7757,38.853,1.45198
5.5,55.8757,38.9003,1.44727
5.5,55.9757,38.9474,1.44256
5.5,56.0757,38.9942,1.43786
5.5,56.1757,39.0408,1.43317
5.5,56.2757,39.087,1.4285
5.5,56.3757,39.133,1.42383
5.5,56.4757,39.1787,1.41917
5.5,56.5757,39.2242,1.41451
5.5,56.6757,39.2693,1.40987
5.5,56.7757,39.3142,1.40524
5.5,56.8757,39.3587,1.40062
5.5,56.9757,39.403,1.396
5.5,57.0757,39.447,1.39139
5.5,57.1757,39.4907,1.3868
5.5,57.2757,39.5341,1.38221
5.5,57.3757,39.5772,1.37763
5.5,57.4757,39.62,1.37306
5.5,57.5757,39.6625,1.3685
5.5,57.6757,39.7047,1.36395
5.5,57.7757,39.7465,1.35941
5.5,57.8757,39.7881,1.35487
5.5,57.9757,39.8293,1.35035
5.5,58.0757,39.8703,1.34583
5.5,58.1757,39.9109,1.34132
5.5,58.2757,39.9512,1.33682
5.5,58.3757,39.9912,1.33233
5.5,58.4757,40.0308,1.32785
5.5,58.5757,40.0701,1.32337
5.5,58.6757,40.1091,1.31891
5.5,58.7757,40.1478,1.31445
5.5,58.8757,40.1861,1.31
5.5,58.9757,40.2241,1.30557
5.5,59.0757,40.2617,1.30113
5.5,59.1757,40.299,1.29671
5.5,59.2757,40.3359,1.2923
5.5,59.3757,40.3725,1.28789
5.5,59.4757,40.4088,1.2835
5.5,59.5757,40.4446,1.27911
5.5,59.6757,40.4802,1.27473
5.5,59.7757,40.5153,1.27035
5.5,59.8757,40.5501,1.26599
5.5,59.9757,40.5846,1.26164
5.5,60.0757,40.6186,1.25729
5.5,60.1757,40.6523,1.25295
5.5,60.2757,40.6856,1.24862
5.5,60.3757,40.7186,1.2443
5.5,60.4757,40.7511,1.23998
5.5,60.5757,40.7833,1.23568
5.5,60.6757,40.8151,1.23138
5.5,60.7757,40.8465,1.22709
5.5,60.8757,40.8774,1.22281
5.5,60.9757,40.908,1.21853
5.5,61.0757,40.9382,1.21427
5.5,61.1757,40.968,1.21001
5.5,61.2757,40.9974,1.20576
5.5,61.3757,41.0263,1.20152
5.5,61.4757,41.0549,1.19728
5.5,61.5757,41.083,1.19306
5.5,61.6757,41.1107,1.18884
5.5,61.7757,41.138,1.18463
5.5,61.8757,41.1648,1.18043
5.5,61.9757,41.1912,1.17623
5.5,62.0757,41.2172,1.17205
5.5,62.1757,41.2427,1.16787
5.5,62.2757,41.2678,1.1637
5.5,62.3757,41.2924,1.15954
5.5,62.4757,41.3166,1.15538
5.5,62.5757,41.3403,1.15124
5.5,62.6757,41.3636,1.1471
5.5,62.7757,41.3864,1.14297
5.5,62.8757,41.4087,1.13884
5.5,62.9757,41.4306,1.13473
5.5,63.0757,41.452,1.13062
5.5,63.1757,41.4729,1.12652
5.5,63.2757,41.4933,1.12242
5.5,63.3757,41.5132,1.11834
5.5,63.4757,41.5326,1.11426
5.5,63.5757,41.5515,1.11019
5.5,63.6757,41.57,1.10613
5.5,63.7757,41.5879,1.10208
5.5,63.8757,41.6053,1.09803
5.5,63.9757,41.6222,1.09399
5.5,64.0757,41.6385,1.08996
5.5,64.1757,41.6544,1.08594
5.5,64.2757,41.6697,1.08192
5.5,64.3757,41.6844,1.07791
5.5,64.4757,41.6986,1.07391
5.5,64.5757,41.7123,1.06992
5.5,64.6757,41.7254,1.06593
5.5,64.7757,41.738,1.06195
5.5,64.8757,41.75,1.05798
5.5,64.9757,41.7615,1.05402
5.5,65.0757,41.7723,1.05006
5.5,65.1757,41.7826,1.04611
5.5,65.2757,41.7923,1.04217
5.5,65.3757,41.8015,1.03824
5.5,65.4757,41.81,1.03431
5.5,65.5757,41.8179,1.0304
5.5,65.6757,41.8252,1.02648
5.5,65.7757,41.832,1.02258
5.5,65.8757,41.8381,1.01869
5.5,65.9757,41.8435,1.0148
5.5,66.0757,41.8484,1.01092
5.5,66.1757,41.8526,1.00704
5.5,66.2757,41.8562,1.00318
5.5,66.3757,41.8591,0.99932
5.5,66.4757,41.8614,0.995469
5.5,66.5757,41.863,0.991625
5.5,66.6757,41.8639,0.98779
5.5,66.7757,41.8642,0.983961
5.5,66.8757,41.8638,0.980141
5.5,66.9757,41.8627,0.976327
5.5,67.0757,41.861,0.972521
5.5,67.1757,41.8585,0.968723
5.5,67.2757,41.8553,0.964932
5.5,67.3757,41.8515,0.961149
5.5,67.4757,41.8469,0.957373
5.5,67.5757,41.8415,0.953605
5.5,67.6757,41.8355,0.949844
5.5,67.7757,41.8287,0.94609
5.5,67.8757,41.8211,0.942344
5.5,67.9757,41.8128,0.938606
5.5,68.0757,41.8038,0.934875
5.5,68.1757,41.794,0.931152
5.5,68.2757,41.7834,0.927436
5.5,68.3757,41.772,0.923728
5.5,68.4757,41.7598,0.920028
5.5,68.5757,41.7468,0.916335
5.5,68.6757,41.733,0.912649
5.5,68.7757,41.7184,0.908972
5.5,68.8757,41.703,0.905301
5.5,68.9757,41.6867,0.901639
5.5,69.0757,41.6696,0.897984
5.5,69.1757,41.6517,0.894336
5.5,69.2757,41.6329,0.890697
5.5,69.3757,41.6132,0.887065
5.5,69.4757,41.5927,0.883441
5.5,69.5757,41.5712,0.879824
5.5,69.6757,41.5489,0.876215
5.5,69.7757,41.5257,0.872614
5.5,69.8757,41.5016,0.86902
5.5,69.9757,41.4765,0.865435
5.5,70.0757,41.4505,0.861857
5.5,70.1757,41.4236,0.858287
5.5,70.2757,41.3957,0.854725
5.5,70.3757,41.3669,0.85117
5.5,70.4757,41.3371,0.847624
5.5,70.5757,41.3063,0.844085
5.5,70.6757,41.2745,0.840554
5.5,70.7757,41.2418,0.837031
5.5,70.8757,41.208,0.833517
5.5,70.9757,41.1732,0.83001
5.5,71.0757,41.1374,0.826511
5.5,71.1757,41.1005,0.82302
5.5,71.2757,41.0626,0.819537
5.5,71.3757,41.0236,0.816063
5.5,71.4757,40.9836,0.812596
5.5,71.5757,40.9424,0.809138
5.5,71.6757,40.9002,0.805688
5.5,71.7757,40.8568,0.802246
5.5,71.8757,40.8124,0.798812
5.5,71.9757,40.7668,0.795386
5.5,72.0757,40.7201,0.791969
5.5,72.1757,40.6722,0.78856
5.5,72.2757,40.6231,0.78516
5.5,72.3757,40.5729,0.781768
5.5,72.4757,40.5214,0.778384
5.5,72.5757,40.4688,0.775009
5.5,72.6757,40.415,0.771643
5.5,72.7757,40.3599,0.768285
5.5,72.8757,40.3036,0.764935
5.5,72.9757,40.246,0.761595
5.5,73.0757,40.1872,0.758263
5.5,73.1757,40.127,0.754939
5.5,73.2757,40.0656,0.751625
5.5,73.3757,40.0029,0.748319
5.5,73.4757,39.9388,0.745023
5.5,73.5757,39.8734,0.741735
5.5,73.6757,39.8067,0.738456
5.5,73.7757,39.7386,0.735186
5.5,73.8757,39.6691,0.731926
5.5,73.9757,39.5982,0.728674
5.5,74.0757,39.5259,0.725432
5.5,74.1757,39.4522,0.722199
5.5,74.2757,39.3771,0.718975
5.5,74.3757,39.3005,0.715761
5.5,74.4757,39.2224,0.712556
5.5,74.5757,39.1428,0.70936
5.5,74.6757,39.0618,0.706174
5.5,74.7757,38.9792,0.702998
5.5,74.8757,38.8951,0.699831
5.5,74.9757,38.8094,0.696674
5.5,75.0757,38.7222,0.693527
5.5,75.1757,38.6334,0.69039
5.5,75.2757,38.543,0.687263
5.5,75.3757,38.451,0.684146
5.5,75.4757,38.3573,0.681038
5.5,75.5757,38.262,0.677941
5.5,75.6757,38.1651,0.674855
5.5,75.7757,38.0664,0.671778
5.5,75.8757,37.9661,0.668712
5.5,75.9757,37.864,0.665657
5.5,76.0757,37.7602,0.662612
5.5,76.1757,37.6547,0.659578
5.5,76.2757,37.5474,0.656554
5.5,76.3757,37.4383,0.653541
5.5,76.4757,37.3274,0.650539
5.5,76.5757,37.2146,0.647548
5.5,76.6757,37.1,0.644569
5.5,76.7757,36.9836,0.6416
5.5,76.8757,36.8652,0.638643
5.5,76.9757,36.745,0.635697
5.5,77.0757,36.6229,0.632762
5.5,77.1757,36.4988,0.629839
5.5,77.2757,36.3727,0.626928
5.5,77.3757,36.2447,0.624029
5.5,77.4757,36.1147,0.621141
5.5,77.5757,35.9826,0.618266
5.5,77.6757,35.8485,0.615402
5.5,77.7757,35.7124,0.612551
5.5,77.8757,35.5742,0.609712
5.5,77.9757,35.4339,0.606885
5.5,78.0757,35.2915,0.604071
5.5,78.1757,35.1469,0.60127
5.5,78.2757,35.0002,0.598482
5.5,78.3757,34.8513,0.595706
5.5,78.4757,34.7002,0.592944
5.5,78.5757,34.5469,0.590194
5.5,78.6757,34.3914,0.587458
5.5,78.7757,34.2336,0.584736
5.5,78.8757,34.0735,0.582026
5.5,78.9757,33.9111,0.579331
5.5,79.0757,33.7464,0.57665
5.5,79.1757,33.5794,0.573982
5.5,79.2757,33.41,0.571329
5.5,79.3757,33.2382,0.568689
5.5,79.4757,33.064,0.566065
5.5,79.5757,32.8874,0.563454
5.5,79.6757,32.7084,0.560859
5.5,79.7757,32.5269,0.558278
5.5,79.8757,32.3429,0.555713
5.5,79.9757,32.1565,0.553162
5.5,80.0757,31.9675,0.550627
5.5,80.1757,31.776,0.548108
5.5,80.2757,31.5819,0.545604
5.5,80.3757,31.3852,0.543115
5.5,80.4757,31.1859,0.540643
5.5,80.5757,30.9841,0.538187
5.5,80.6757,30.7796,0.535748
5.5,80.7757,30.5724,0.533325
5.5,80.8757,30.3626,0.530918
5.5,80.9757,30.1501,0.528529
5.5,81.0757,29.9349,0.526156
5.5,81.1757,29.7169,0.523801
5.5,81.2757,29.4963,0.521463
5.5,81.3757,29.2728,0.519143
5.5,81.4757,29.0466,0.51684
5.5,81.5757,28.8177,0.514556
5.5,81.6757,28.5859,0.51229
5.5,81.7757,28.3513,0.510042
5.5,81.8757,28.1139,0.507812
5.5,81.9757,27.8736,0.505602
5.5,82.0757,27.6305,0.50341
5.5,82.1757,27.3845,0.501238
5.5,82.2757,27.1356,0.499085
5.5,82.3757,26.8839,0.496952
5.5,82.4757,26.6292,0.494839
5.5,82.5757,26.3717,0.492745
5.5,82.6757,26.1112,0.490672
5.5,82.7757,25.8478,0.488619
5.5,82.8757,25.5814,0.486587
5.5,82.9757,25.3122,0.484576
5.5,83.0757,25.0399,0.482586
5.5,83.1757,24.7647,0.480618
5.5,83.2757,24.4866,0.478671
5.5,83.3757,24.2055,0.476746
5.5,83.4757,23.9214,0.474842
5.5,83.5757,23.6344,0.472961
5.5,83.6757,23.3444,0.471103
5.5,83.7757,23.0515,0.469267
5.5,83.8757,22.7556,0.467455
5.5,83.9757,22.4567,0.465665
5.5,84.0757,22.1549,0.463899
5.5,84.1757,21.8502,0.462156
5.5,84.2757,21.5425,0.460438
5.5,84.3757,21.2319,0.458743
5.5,84.4757,20.9183,0.457073
5.5,84.5757,20.6019,0.455427
5.5,84.6757,20.2825,0.453807
5.5,84.7757,19.9603,0.452211
5.5,84.8757,19.6352,0.450641
5.5,84.9757,19.3072,0.449096
5.5,85.0757,18.9764,0.447577
5.5,85.1757,18.6428,0.446084
5.5,85.2757,18.3064,0.444617
5.5,85.3757,17.9672,0.443176
5.5,85.4757,17.6253,0.441763
5.5,85.5757,17.2807,0.440376
5.5,85.6757,16.9333,0.439016
5.5,85.7757,16.5833,0.437684
5.5,85.8757,16.2307,0.436379
5.5,85.9757,15.8755,0.435103
5.5,86.0757,15.5177,0.433854
5.5,86.1757,15.1573,0.432633
5.5,86.2757,14.7945,0.431441
5.5,86.3757,14.4292,0.430278
5.5,86.4757,14.0615,0.429143
5.5,86.5757,13.6914,0.428038
5.5,86.6757,13.319,0.426962
5.5,86.7757,12.9442,0.425916
5.5,86.8757,12.5673,0.424899
5.5,86.9757,12.1882,0.423912
5.5,87.0757,11.8069,0.422955
5.5,87.1757,11.4235,0.422029
5.5,87.2757,11.0382,0.421133
5.5,87.3757,10.6508,0.420267
5.5,87.4757,10.2615,0.419433
5.5,87.5757,9.87037,0.418629
5.5,87.6757,9.47743,0.417856
5.5,87.7757,9.08275,0.417115
5.5,87.8757,8.6864,0.416406
5.5,87.9757,8.28843,0.415727
5.5,88.0757,7.88892,0.415081
5.5,88.1757,7.48793,0.414467
5.5,88.2757,7.08553,0.413884
5.5,88.3757,6.6818,0.413334
5.5,88.4757,6.2768,0.412816
5.5,88.5757,5.8706,0.41233
5.5,88.6757,5.46328,0.411877
5.5,88.7757,5.05491,0.411456
5.5,88.8757,4.64557,0.411068
5.5,88.9757,4.23533,0.410713
5.5,89.0757,3.82427,0.410391
5.5,89.1757,3.41247,0.410101
5.5,89.2757,3.00001,0.409844
5.5,89.3757,2.58696,0.409621
5.5,89.4757,2.17341,0.40943
5.5,89.5757,1.75943,0.409273
5.5,89.6757,1.34511,0.409149
5.5,89.7757,0.930529,0.409058
5.5,89.8757,0.515763,0.409
5.5,89.9757,0.100895,0.408975
6,9.59407,0,6
6,9.69407,0.161215,5.97668
6,9.79407,0.320816,5.95373
6,9.89407,0.478853,5.93115
6,9.99407,0.63537,5.90891
6,10.0941,0.790411,5.887
6,10.1941,0.944017,5.86539
6,10.2941,1.09623,5.84408
6,10.3941,1.24709,5.82304
6,10.4941,1.39663,5.80228
6,10.5941,1.54489,5.78176
6,10.6941,1.6919,5.76149
6,10.7941,1.8377,5.74145
6,10.8941,1.98232,5.72164
6,10.9941,2.12579,5.70203
6,11.0941,2.26814,5.68263
6,11.1941,2.4094,5.66341
6,11.2941,2.5496,5.64439
6,11.3941,2.68876,5.62554
6,11.4941,2.82691,5.60686
6,11.5941,2.96408,5.58835
6,11.6941,3.10029,5.56999
6,11.7941,3.23556,5.55179
6,11.8941,3.36992,5.53373
6,11.9941,3.50338,5.51581
6,12.0941,3.63598,5.49802
6,12.1941,3.76773,5.48036
6,12.2941,3.89864,5.46283
6,12.3941,4.02875,5.44542
6,12.4941,4.15806,5.42812
6,12.5941,4.28661,5.41094
6,12.6941,4.41439,5.39387
6,12.7941,4.54144,5.3769
6,12.8941,4.66776,5.36003
6,12.9941,4.79338,5.34327
6,13.0941,4.9183,5.3266
6,13.1941,5.04255,5.31002
6,13.2941,5.16614,5.29353
6,13.3941,5.28908,5.27713
6,13.4941,5.41139,5.26081
6,13.5941,5.53307,5.24458
6,13.6941,5.65415,5.22843
6,13.7941,5.77464,5.21235
6,13.8941,5.89454,5.19636
6,13.9941,6.01387,5.18044
6,14.0941,6.13264,5.16459
6,14.1941,6.25087,5.14881
6,14.2941,6.36855,5.1331
6,14.3941,6.48572,5.11746
6,14.4941,6.60236,5.10189
6,14.5941,6.7185,5.08638
6,14.6941,6.83414,5.07094
6,14.7941,6.94929,5.05555
6,14.8941,7.06397,5.04023
6,14.9941,7.17818,5.02497
6,15.0941,7.29193,5.00977
6,15.1941,7.40522,4.99463
6,15.2941,7.51807,4.97955
6,15.3941,7.63049,4.96452
6,15.4941,7.74248,4.94955
6,15.5941,7.85405,4.93463
6,15.6941,7.96521,4.91977
6,15.7941,8.07596,4.90495
6,15.8941,8.18632,4.8902
6,15.9941,8.29628,4.87549
6,16.0941,8.40586,4.86083
6,16.1941,8.51506,4.84623
6,16.2941,8.62389,4.83167
6,16.3941,8.73236,4.81717
6,16.4941,8.84046,4.80271
6,16.5941,8.94821,4.7883
6,16.6941,9.05562,4.77394
6,16.7941,9.16268,4.75962
6,16.8941,9.26941,4.74536
6,16.9941,9.3758,4.73114
6,17.0941,9.48187,4.71696
6,17.1941,9.58762,4.70283
6,17.2941,9.69306,4.68875
6,17.3941,9.79818,4.67471
6,17.4941,9.903,4.66071
6,17.5941,10.0075,4.64676
6,17.6941,10.1117,4.63285
6,17.7941,10.2157,4.61899
6,17.8941,10.3193,4.60517
6,17.9941,10.4227,4.59139
6,18.0941,10.5257,4.57766
6,18.1941,10.6285,4.56397
6,18.2941,10.7311,4.55032
6,18.3941,10.8333,4.53671
6,18.4941,10.9353,4.52315
6,18.5941,11.0371,4.50962
6,18.6941,11.1385,4.49614
6,18.7941,11.2398,4.4827
6,18.8941,11.3408,4.4693
6,18.9941,11.4415,4.45594
6,19.0941,11.542,4.44262
6,19.1941,11.6422,4.42934
6,19.2941,11.7422,4.41611
6,19.3941,11.842,4.40291
6,19.4941,11.9416,4.38975
6,19.5941,12.0409,4.37664
6,19.6941,12.14,4.36356
6,19.7941,12.2389,4.35052
6,19.8941,12.3375,4.33752
6,19.9941,12.436,4.32456
6,20.0941,12.5342,4.31164
6,20.1941,12.6322,4.29876
6,20.2941,12.73,4.28592
6,20.3941,12.8276,4.27312
6,20.4941,12.925,4.26035
6,20.5941,13.0222,4.24763
6,20.6941,13.1192,4.23494
6,20.7941,13.216,4.22229
6,20.8941,13.3126,4.20968
6,20.9941,13.4091,4.19711
6,21.0941,13.5053,4.18458
6,21.1941,13.6013,4.17208
6,21.2941,13.6972,4.15963
6,21.3941,13.7929,4.14721
6,21.4941,13.8883,4.13482
6,21.5941,13.9837,4.12248
6,21.6941,14.0788,4.11017
6,21.7941,14.1737,4.0979
6,21.8941,14.2685,4.08567
6,21.9941,14.3631,4.07348
6,22.0941,14.4576,4.06132
6,22.1941,14.5518,4.0492
6,22.2941,14.6459,4.03711
6,22.3941,14.7399,4.02507
6,22.4941,14.8337,4.01306
6,22.5941,14.9273,4.00109
6,22.6941,15.0207,3.98915
6,22.7941,15.114,3.97725
6,22.8941,15.2071,3.96539
6,22.9941,15.3001,3.95356
6,23.0941,15.3929,3.94177
6,23.1941,15.4856,3.93001
6,23.2941,15.5781,3.9183
6,23.3941,15.6705,3.90661
6,23.4941,15.7627,3.89497
6,23.5941,15.8548,3.88336
6,23.6941,15.9467,3.87178
6,23.7941,16.0385,3.86024
6,23.8941,16.1301,3.84874
6,23.9941,16.2216,3.83727
6,24.0941,16.3129,3.82584
6,24.1941,16.4041,3.81444
6,24.2941,16.4952,3.80308
6,24.3941,16.5861,3.79175
6,24.4941,16.6769,3.78046
6,24.5941,16.7676,3.7692
6,24.6941,16.8581,3.75798
6,24.7941,16.9485,3.74679
6,24.8941,17.0387,3.73564
6,24.9941,17.1288,3.72452
6,25.0941,17.2188,3.71344
6,25.1941,17.3087,3.70239
6,25.2941,17.3984,3.69138
6,25.3941,17.488,3.68039
6,25.4941,17.5775,3.66945
6,25.5941,17.6668,3.65854
6,25.6941,17.756,3.64766
6,25.7941,17.8451,3.63681
6,25.8941,17.9341,3.626
6,25.9941,18.0229,3.61522
6,26.0941,18.1116,3.60448
6,26.1941,18.2002,3.59377
6,26.2941,18.2887,3.58309
6,26.3941,18.377,3.57245
6,26.4941,18.4653,3.56184
6,26.5941,18.5534,3.55126
6,26.6941,18.6414,3.54072
6,26.7941,18.7292,3.5302
6,26.8941,18.817,3.51973
6,26.9941,18.9046,3.50928
6,27.0941,18.9921,3.49887
6,27.1941,19.0795,3.48848
6,27.2941,19.1668,3.47814
6,27.3941,19.254,3.46782
6,27.4941,19.3411,3.45753
6,27.5941,19.428,3.44728
6,27.6941,19.5149,3.43706
6,27.7941,19.6016,3.42687
6,27.8941,19.6882,3.41672
6,27.9941,19.7747,3.40659
6,28.0941,19.8611,3.3965
6,28.1941,19.9474,3.38643
6,28.2941,20.0335,3.3764
6,28.3941,20.1196,3.3664
6,28.4941,20.2055,3.35643
6,28.5941,20.2914,3.3465
6,28.6941,20.3771,3.33659
6,28.7941,20.4627,3.32671
6,28.8941,20.5483,3.31687
6,28.9941,20.6337,3.30706
6,29.0941,20.719,3.29727
6,29.1941,20.8042,3.28752
6,29.2941,20.8893,3.27779
6,29.3941,20.9743,3.2681
6,29.4941,21.0591,3.25844
6,29.5941,21.1439,3.24881
6,29.6941,21.2286,3.2392
6,29.7941,21.3132,3.22963
6,29.8941,21.3976,3.22008
6,29.9941,21.482,3.21057
6,30.0941,21.5662,3.20109
6,30.1941,21.6504,3.19163
6,30.2941,21.7344,3.1822
6,30.3941,21.8184,3.17281
6,30.4941,21.9022,3.16344
6,30.5941,21.986,3.1541
6,30.6941,22.0696,3.14479
6,30.7941,22.1532,3.13551
6,30.8941,22.2366,3.12626
6,30.9941,22.3199,3.11703
6,31.0941,22.4032,3.10784
6,31.1941,22.4863,3.09867
6,31.2941,22.5693,3.08953
6,31.3941,22.6523,3.08042
6,31.4941,22.7351,3.07133
6,31.5941,22.8178,3.06228
6,31.6941,22.9005,3.05325
6,31.7941,22.983,3.04425
6,31.8941,23.0654,3.03528
6,31.9941,23.1478,3.02633
6,32.0941,23.23,3.01741
6,32.1941,23.3122,3.00852
6,32.2941,23.3942,2.99966
6,32.3941,23.4761,2.99082
6,32.4941,23.558,2.98201
6,32.5941,23.6397,2.97323
6,32.6941,23.7214,2.96447
6,32.7941,23.8029,2.95574
6,32.8941,23.8843,2.94704
6,32.9941,23.9657,2.93836
6,33.0941,24.0469,2.92971
6,33.1941,24.1281,2.92109
6,33.2941,24.2091,2.91249
6,33.3941,24.2901,2.90392
6,33.4941,24.3709,2.89537
6,33.5941,24.4517,2.88685
6,33.6941,24.5323,2.87835
6,33.7941,24.6129,2.86988
6,33.8941,24.6933,2.86144
6,33.9941,24.7737,2.85302
6,34.0941,24.854,2.84463
6,34.1941,24.9341,2.83626
6,34.2941,25.0142,2.82792
6,34.3941,25.0942,2.8196
6,34.4941,25.174,2.8113
6,34.5941,25.2538,2.80303
6,34.6941,25.3335,2.79479
6,34.7941,25.413,2.78657
6,34.8941,25.4925,2.77837
6,34.9941,25.5719,2.7702
6,35.0941,25.6512,2.76206
6,35.1941,25.7303,2.75393
6,35.2941,25.8094,2.74583
6,35.3941,25.8884,2.73776
6,35.4941,25.9673,2.72971
6,35.5941,26.046,2.72168
6,35.6941,26.1247,2.71368
6,35.7941,26.2033,2.7057
6,35.8941,26.2818,2.69774
6,35.9941,26.3602,2.68981
6,36.0941,26.4384,2.6819
6,36.1941,26.5166,2.67401
6,36.2941,26.5947,2.66614
6,36.3941,26.6727,2.6583
6,36.4941,26.7506,2.65049
6,36.5941,26.8283,2.64269
6,36.6941,26.906,2.63492
6,36.7941,26.9836,2.62717
6,36.8941,27.0611,2.61944
6,36.9941,27.1384,2.61173
6,37.0941,27.2157,2.60405
6,37.1941,27.2929,2.59639
6,37.2941,27.3699,2.58875
6,37.3941,27.4469,2.58113
6,37.4941,27.5238,2.57353
6,37.5941,27.6005,2.56596
6,37.6941,27.6772,2.55841
6,37.7941,27.7537,2.55088
6,37.8941,27.8302,2.54337
6,37.9941,27.9065,2.53588
6,38.0941,27.9828,2.52842
6,38.1941,28.0589,2.52097
6,38.2941,28.135,2.51355
6,38.3941,28.2109,2.50614
6,38.4941,28.2867,2.49876
6,38.5941,28.3624,2.4914
6,38.6941,28.4381,2.48406
6,38.7941,28.5136,2.47674
6,38.8941,28.589,2.46944
6,38.9941,28.6643,2.46216
6,39.0941,28.7395,2.4549
6,39.1941,28.8145,2.44767
6,39.2941,28.8895,2.44045
6,39.3941,28.9644,2.43325
6,39.4941,29.0392,2.42607
6,39.5941,29.1138,2.41892
6,39.6941,29.1884,2.41178
6,39.7941,29.2628,2.40466
6,39.8941,29.3371,2.39756
6,39.9941,29.4113,2.39048
6,40.0941,29.4855,2.38342
6,40.1941,29.5595,2.37638
6,40.2941,29.6334,2.36936
6,40.3941,29.7071,2.36236
6,40.4941,29.7808,2.35538
6,40.5941,29.8544,2.34842
6,40.6941,29.9278,2.34147
6,40.7941,30.0011,2.33455
6,40.8941,30.0743,2.32764
6,40.9941,30.1475,2.32076
6,41.0941,30.2204,2.31389
6,41.1941,30.2933,2.30704
6,41.2941,30.3661,2.30021
6,41.3941,30.4387,2.29339
6,41.4941,30.5113,2.2866
6,41.5941,30.5837,2.27982
6,41.6941,30.656,2.27306
6,41.7941,30.7282,2.26632
6,41.8941,30.8003,2.2596
6,41.9941,30.8722,2.2529
6,42.0941,30.944,2.24621
6,42.1941,31.0158,2.23954
6,42.2941,31.0874,2.23289
6,42.3941,31.1588,2.22626
6,42.4941,31.2302,2.21965
6,42.5941,31.3014,2.21305
6,42.6941,31.3725,2.20647
6,42.7941,31.4435,2.1999
6,42.8941,31.5144,2.19336
6,42.9941,31.5852,2.18683
6,43.0941,31.6558,2.18032
6,43.1941,31.7263,2.17382
6,43.2941,31.7967,2.16734
6,43.3941,31.8669,2.16088
6,43.4941,31.9371,2.15444
6,43.5941,32.0071,2.14801
6,43.6941,32.077,2.1416
6,43.7941,32.1467,2.13521
6,43.8941,32.2164,2.12883
6,43.9941,32.2858,2.12247
6,44.0941,32.3552,2.11612
6,44.1941,32.4245,2.1098
6,44.2941,32.4936,2.10348
6,44.3941,32.5626,2.09719
6,44.4941,32.6314,2.09091
6,44.5941,32.7001,2.08464
6,44.6941,32.7687,2.0784
6,44.7941,32.8372,2.07216
6,44.8941,32.9055,2.06595
6,44.9941,32.9737,2.05975
6,45.0941,33.0417,2.05356
6,45.1941,33.1097,2.04739
6,45.2941,33.1774,2.04124
6,45.3941,33.2451,2.0351
6,45.4941,33.3126,2.02898
6,45.5941,33.38,2.02287
6,45.6941,33.4472,2.01678
6,45.7941,33.5143,2.0107
6,45.8941,33.5812,2.00464
6,45.9941,33.648,1.99859
6,46.0941,33.7147,1.99256
6,46.1941,33.7812,1.98654
6,46.2941,33.8476,1.98054
6,46.3941,33.9139,1.97455
6,46.4941,33.98,1.96858
6,46.5941,34.0459,1.96262
6,46.6941,34.1117,1.95668
6,46.7941,34.1774,1.95075
6,46.8941,34.2429,1.94483
6,46.9941,34.3082,1.93893
6,47.0941,34.3735,1.93305
6,47.1941,34.4385,1.92717
6,47.2941,34.5034,1.92132
6,47.3941,34.5682,1.91547
6,47.4941,34.6328,1.90965
6,47.5941,34.6973,1.90383
6,47.6941,34.7616,1.89803
6,47.7941,34.8257,1.89224
6,47.8941,34.8897,1.88647
6,47.9941,34.9535,1.88071
6,48.0941,35.0172,1.87496
6,48.1941,35.0807,1.86923
6,48.2941,35.1441,1.86351
6,48.3941,35.2073,1.85781
6,48.4941,35.2703,1.85212
6,48.5941,35.3332,1.84644
6,48.6941,35.3959,1.84077
6,48.7941,35.4584,1.83512
6,48.8941,35.5208,1.82948
6,48.9941,35.583,1.82386
6,49.0941,35.645,1.81825
6,49.1941,35.7069,1.81265
6,49.2941,35.7686,1.80706
6,49.3941,35.8302,1.80149
6,49.4941,35.8915,1.79593
6,49.5941,35.9527,1.79039
6,49.6941,36.0137,1.78485
6,49.7941,36.0746,1.77933
6,49.8941,36.1352,1.77382
6,49.9941,36.1957,1.76833
6,50.0941,36.2561,1.76284
6,50.1941,36.3162,1.75737
6,50.2941,36.3761,1.75192
6,50.3941,36.4359,1.74647
6,50.4941,36.4955,1.74104
6,50.5941,36.5549,1.73562
6,50.6941,36.6142,1.73021
6,50.7941,36.6732,1.72481
6,50.8941,36.7321,1.71943
6,50.9941,36.7907,1.71406
6,51.0941,36.8492,1.7087
6,51.1941,36.9075,1.70335
6,51.2941,36.9656,1.69801
6,51.3941,37.0235,1.69269
6,51.4941,37.0812,1.68738
6,51.5941,37.1387,1.68208
6,51.6941,37.196,1.67679
6,51.7941,37.2531,1.67151
6,51.8941,37.3101,1.66625
6,51.9941,37.3668,1.66099
6,52.0941,37.4233,1.65575
6,52.1941,37.4796,1.65052
6,52.2941,37.5357,1.6453
6,52.3941,37.5916,1.6401
6,52.4941,37.6473,1.6349
6,52.5941,37.7028,1.62972
6,52.6941,37.7581,1.62454
6,52.7941,37.8132,1.61938
6,52.8941,37.868,1.61423
6,52.9941,37.9226,1.60909
6,53.0941,37.9771,1.60396
6,53.1941,38.0313,1.59885
6,53.2941,38.0853,1.59374
6,53.3941,38.139,1.58865
6,53.4941,38.1926,1.58356
6,53.5941,38.2459,1.57849
6,53.6941,38.299,1.57343
6,53.7941,38.3519,1.56838
6,53.8941,38.4045,1.56334
6,53.9941,38.4569,1.55831
6,54.0941,38.5091,1.55329
6,54.1941,38.5611,1.54828
6,54.2941,38.6128,1.54328
6,54.3941,38.6643,1.53829
6,54.4941,38.7155,1.53332
6,54.5941,38.7665,1.52835
6,54.6941,38.8173,1.5234
6,54.7941,38.8678,1.51845
6,54.8941,38.9181,1.51352
6,54.9941,38.9681,1.50859
6,55.0941,39.0179,1.50368
6,55.1941,39.0674,1.49877
6,55.2941,39.1167,1.49388
6,55.3941,39.1657,1.489
6,55.4941,39.2145,1.48412
6,55.5941,39.263,1.47926
6,55.6941,39.3112,1.47441
6,55.7941,39.3592,1.46956
6,55.8941,39.407,1.46473
6,55.9941,39.4544,1.45991
6,56.0941,39.5016,1.45509
6,56.1941,39.5485,1.45029
6,56.2941,39.5952,1.4455
6,56.3941,39.6416,1.44071
6,56.4941,39.6877,1.43594
6,56.5941,39.7335,1.43117
6,56.6941,39.7791,1.42642
6,56.7941,39.8243,1.42167
6,56.8941,39.8693,1.41694
6,56.9941,39.914,1.41221
6,57.0941,39.9584,1.4075
6,57.1941,40.0026,1.40279
6,57.2941,40.0464,1.3981
6,57.3941,40.0899,1.39341
6,57.4941,40.1332,1.38873
6,57.5941,40.1761,1.38406
6,57.6941,40.2187,1.3794
6,57.7941,40.2611,1.37475
6,57.8941,40.3031,1.37011
6,57.9941,40.3448,1.36548
6,58.0941,40.3862,1.36086
6,58.1941,40.4273,1.35625
6,58.2941,40.4681,1.35164
6,58.3941,40.5085,1.34705
6,58.4941,40.5487,1.34246
6,58.5941,40.5885,1.33789
6,58.6941,40.628,1.33332
6,58.7941,40.6671,1.32876
6,58.8941,40.706,1.32421
6,58.9941,40.7445,1.31967
6,59.0941,40.7826,1.31514
6,59.1941,40.8204,1.31062
6,59.2941,40.8579,1.3061
6,59.3941,40.895,1.3016
6,59.4941,40.9318,1.2971
6,59.5941,40.9682,1.29262
6,59.6941,41.0043,1.28814
6,59.7941,41.04,1.28367
6,59.8941,41.0754,1.27921
6,59.9941,41.1104,1.27476
6,60.0941,41.145,1.27031
6,60.1941,41.1793,1.26588
6,60.2941,41.2132,1.26145
6,60.3941,41.2467,1.25704
6,60.4941,41.2798,1.25263
6,60.5941,41.3126,1.24823
6,60.6941,41.345,1.24384
6,60.7941,41.377,1.23945
6,60.8941,41.4086,1.23508
6,60.9941,41.4398,1.23071
6,61.0941,41.4706,1.22636
6,61.1941,41.501,1.22201
6,61.2941,41.531,1.21767
6,61.3941,41.5605,1.21333
6,61.4941,41.5897,1.20901
6,61.5941,41.6185,1.20469
6,61.6941,41.6468,1.20039
6,61.7941,41.6748,1.19609
6,61.8941,41.7023,1.1918
6,61.9941,41.7293,1.18751
6,62.0941,41.756,1.18324
6,62.1941,41.7822,1.17897
6,62.2941,41.8079,1.17471
6,62.3941,41.8332,1.17046
6,62.4941,41.8581,1.16622
6,62.5941,41.8825,1.16199
6,62.6941,41.9065,1.15776
6,62.7941,41.93,1.15355
6,62.8941,41.953,1.14934
6,62.9941,41.9756,1.14514
6,63.0941,41.9976,1.14094
6,63.1941,42.0193,1.13676
6,63.2941,42.0404,1.13258
6,63.3941,42.061,1.12841
6,63.4941,42.0812,1.12425
6,63.5941,42.1008,1.1201
6,63.6941,42.12,1.11595
6,63.7941,42.1387,1.11182
6,63.8941,42.1568,1.10769
6,63.9941,42.1744,1.10357
6,64.0941,42.1916,1.09945
6,64.1941,42.2082,1.09535
6,64.2941,42.2242,1.09125
6,64.3941,42.2398,1.08716
6,64.4941,42.2548,1.08308
6,64.5941,42.2692,1.079
6,64.6941,42.2831,1.07494
6,64.7941,42.2965,1.07088
6,64.8941,42.3093,1.06683
6,64.9941,42.3215,1.06279
6,65.0941,42.3332,1.05875
6,65.1941,42.3443,1.05472
6,65.2941,42.3548,1.0507
6,65.3941,42.3647,1.04669
6,65.4941,42.3741,1.04269
6,65.5941,42.3828,1.03869
6,65.6941,42.391,1.0347
6,65.7941,42.3985,1.03072
6,65.8941,42.4055,1.02675
6,65.9941,42.4118,1.02279
6,66.0941,42.4175,1.01883
6,66.1941,42.4225,1.01488
6,66.2941,42.4269,1.01094
6,66.3941,42.4307,1.007
6,66.4941,42.4339,1.00308
6,66.5941,42.4363,0.999158
6,66.6941,42.4381,0.995247
6,66.7941,42.4393,0.991344
6,66.8941,42.4398,0.987448
6,66.9941,42.4396,0.983561
6,67.0941,42.4387,0.97968
6,67.1941,42.4371,0.975808
6,67.2941,42.4348,0.971943
6,67.3941,42.4318,0.968086
6,67.4941,42.4281,0.964237
6,67.5941,42.4237,0.960395
6,67.6941,42.4185,0.956561
6,67.7941,42.4126,0.952735
6,67.8941,42.406,0.948916
6,67.9941,42.3986,0.945106
6,68.0941,42.3904,0.941302
6,68.1941,42.3815,0.937507
6,68.2941,42.3718,0.93372
6,68.3941,42.3613,0.92994
6,68.4941,42.3501,0.926168
6,68.5941,42.338,0.922403
6,68.6941,42.3251,0.918647
6,68.7941,42.3114,0.914898
6,68.8941,42.2969,0.911157
6,68.9941,42.2816,0.907423
6,69.0941,42.2654,0.903698
6,69.1941,42.2484,0.89998
6,69.2941,42.2305,0.896271
6,69.3941,42.2118,0.892569
6,69.4941,42.1922,0.888874
6,69.5941,42.1717,0.885188
6,69.6941,42.1503,0.88151
6,69.7941,42.128,0.877839
6,69.8941,42.1048,0.874177
6,69.9941,42.0807,0.870522
6,70.0941,42.0556,0.866875
6,70.1941,42.0296,0.863236
6,70.2941,42.0027,0.859606
6,70.3941,41.9748,0.855983
6,70.4941,41.9459,0.852368
6,70.5941,41.9161,0.848761
6,70.6941,41.8852,0.845163
6,70.7941,41.8534,0.841572
6,70.8941,41.8206,0.837989
6,70.9941,41.7867,0.834415
6,71.0941,41.7518,0.830849
6,71.1941,41.7158,0.82729
6,71.2941,41.6788,0.823741
6,71.3941,41.6408,0.820199
6,71.4941,41.6016,0.816665
6,71.5941,41.5614,0.81314
6,71.6941,41.5201,0.809623
6,71.7941,41.4777,0.806115
6,71.8941,41.4341,0.802614
6,71.9941,41.3894,0.799123
6,72.0941,41.3436,0.795639
6,72.1941,41.2966,0.792164
6,72.2941,41.2484,0.788698
6,72.3941,41.199,0.78524
6,72.4941,41.1485,0.781791
6,72.5941,41.0967,0.77835
6,72.6941,41.0437,0.774918
6,72.7941,40.9895,0.771495
6,72.8941,40.9341,0.76808
6,72.9941,40.8773,0.764674
6,73.0941,40.8193,0.761277
6,73.1941,40.76,0.757889
6,73.2941,40.6994,0.754509
6,73.3941,40.6375,0.751139
6,73.4941,40.5742,0.747778
6,73.5941,40.5096,0.744425
6,73.6941,40.4437,0.741082
6,73.7941,40.3764,0.737748
6,73.8941,40.3076,0.734423
6,73.9941,40.2375,0.731107
6,74.0941,40.1659,0.727801
6,74.1941,40.093,0.724503
6,74.2941,40.0185,0.721216
6,74.3941,39.9426,0.717937
6,74.4941,39.8652,0.714669
6,74.5941,39.7863,0.71141
6,74.6941,39.7059,0.70816
6,74.7941,39.624,0.70492
6,74.8941,39.5405,0.70169
6,74.9941,39.4555,0.69847
6,75.0941,39.3688,0.69526
6,75.1941,39.2806,0.692059
6,75.2941,39.1907,0.688869
6,75.3941,39.0993,0.685689
6,75.4941,39.0061,0.682519
6,75.5941,38.9113,0.679359
6,75.6941,38.8149,0.676209
6,75.7941,38.7167,0.67307
6,75.8941,38.6168,0.669942
6,75.9941,38.5151,0.666824
6,76.0941,38.4117,0.663716
6,76.1941,38.3065,0.66062
6,76.2941,38.1995,0.657534
6,76.3941,38.0907,0.654459
6,76.4941,37.9801,0.651395
6,76.5941,37.8676,0.648342
6,76.6941,37.7532,0.6453
6,76.7941,37.6369,0.64227
6,76.8941,37.5188,0.639251
6,76.9941,37.3987,0.636243
6,77.0941,37.2766,0.633247
6,77.1941,37.1526,0.630263
6,77.2941,37.0265,0.62729
6,77.3941,36.8985,0.624329
6,77.4941,36.7684,0.62138
6,77.5941,36.6363,0.618444
6,77.6941,36.5021,0.615519
6,77.7941,36.3658,0.612607
6,77.8941,36.2274,0.609707
6,77.9941,36.0868,0.60682
6,78.0941,35.9441,0.603945
6,78.1941,35.7992,0.601083
6,78.2941,35.6521,0.598234
6,78.3941,35.5028,0.595398
6,78.4941,35.3512,0.592576
6,78.5941,35.1974,0.589766
6,78.6941,35.0412,0.58697
6,78.7941,34.8828,0.584187
6,78.8941,34.722,0.581419
6,78.9941,34.5589,0.578663
6,79.0941,34.3934,0.575922
6,79.1941,34.2255,0.573195
6,79.2941,34.0552,0.570483
6,79.3941,33.8824,0.567784
6,79.4941,33.7072,0.5651
6,79.5941,33.5295,0.562431
6,79.6941,33.3493,0.559777
6,79.7941,33.1666,0.557138
6,79.8941,32.9813,0.554513
6,79.9941,32.7934,0.551905
6,80.0941,32.603,0.549311
6,80.1941,32.4099,0.546734
6,80.2941,32.2142,0.544172
6,80.3941,32.0159,0.541626
6,80.4941,31.8149,0.539096
6,80.5941,31.6111,0.536583
6,80.6941,31.4047,0.534086
6,80.7941,31.1955,0.531606
6,80.8941,30.9836,0.529143
6,80.9941,30.7689,0.526697
6,81.0941,30.5514,0.524268
6,81.1941,30.3311,0.521856
6,81.2941,30.108,0.519463
6,81.3941,29.882,0.517087
6,81.4941,29.6531,0.514729
6,81.5941,29.4214,0.512389
6,81.6941,29.1867,0.510068
6,81.7941,28.9492,0.507765
6,81.8941,28.7087,0.505482
6,81.9941,28.4653,0.503217
6,82.0941,28.2189,0.500971
6,82.1941,27.9695,0.498746
6,82.2941,27.7171,0.496539
6,82.3941,27.4617,0.494353
6,82.4941,27.2033,0.492187
6,82.5941,26.9419,0.490041
6,82.6941,26.6775,0.487916
6,82.7941,26.41,0.485812
6,82.8941,26.1394,0.483728
6,82.9941,25.8658,0.481666
6,83.0941,25.5891,0.479626
6,83.1941,25.3093,0.477607
6,83.2941,25.0264,0.47561
6,83.3941,24.7404,0.473636
6,83.4941,24.4514,0.471683
6,83.5941,24.1592,0.469754
6,83.6941,23.864,0.467847
6,83.7941,23.5656,0.465964
6,83.8941,23.2642,0.464104
6,83.9941,22.9597,0.462268
6,84.0941,22.652,0.460456
6,84.1941,22.3413,0.458667
6,84.2941,22.0275,0.456904
6,84.3941,21.7106,0.455165
6,84.4941,21.3907,0.45345
6,84.5941,21.0677,0.451761
6,84.6941,20.7416,0.450098
6,84.7941,20.4126,0.44846
6,84.8941,20.0805,0.446847
6,84.9941,19.7454,0.445261
6,85.0941,19.4073,0.443702
6,85.1941,19.0663,0.442169
6,85.2941,18.7223,0.440663
6,85.3941,18.3754,0.439184
6,85.4941,18.0256,0.437732
6,85.5941,17.6729,0.436308
6,85.6941,17.3174,0.434912
6,85.7941,16.9591,0.433544
6,85.8941,16.598,0.432205
6,85.9941,16.2341,0.430894
6,86.0941,15.8676,0.429611
6,86.1941,15.4983,0.428358
6,86.2941,15.1264,0.427134
6,86.3941,14.752,0.42594
6,86.4941,14.3749,0.424775
6,86.5941,13.9954,0.42364
6,86.6941,13.6134,0.422536
6,86.7941,13.2289,0.421462
6,86.8941,12.8421,0.420418
6,86.9941,12.453,0.419405
6,87.0941,12.0617,0.418423
6,87.1941,11.6681,0.417473
6,87.2941,11.2723,0.416554
6,87.3941,10.8745,0.415666
6,87.4941,10.4747,0.41481
6,87.5941,10.0728,0.413986
6,87.6941,9.66908,0.413195
6,87.7941,9.26351,0.412435
6,87.8941,8.85616,0.411708
6,87.9941,8.4471,0.411014
6,88.0941,8.03641,0.410352
6,88.1941,7.62416,0.409724
6,88.2941,7.21042,0.409128
6,88.3941,6.79526,0.408566
6,88.4941,6.37876,0.408037
6,88.5941,5.961,0.407541
6,88.6941,5.54206,0.407079
6,88.7941,5.12201,0.40665
6,88.8941,4.70094,0.406256
6,88.9941,4.27892,0.405895
6,89.0941,3.85604,0.405568
6,89.1941,3.43238,0.405275
6,89.2941,3.00803,0.405016
6,89.3941,2.58307,0.404791
6,89.4941,2.15759,0.404601
6,89.5941,1.73167,0.404444
6,89.6941,1.30539,0.404322
6,89.7941,0.87885,0.404234
6,89.8941,0.452131,0.404181
6,89.9941,0.0253185,0.404162
6.5,8.84988,1.61164e-15,6.5
6.5,8.94988,0.161825,6.47308
6.5,9.04988,0.321896,6.44664
6.5,9.14988,0.480268,6.42065
6.5,9.24988,0.636995,6.39508
6.5,9.34988,0.792128,6.36992
6.5,9.44988,0.945717,6.34513
6.5,9.54988,1.09781,6.3207
6.5,9.64988,1.24845,6.29661
6.5,9.74988,1.39768,6.27285
6.5,9.84988,1.54554,6.2494
6.5,9.94988,1.69208,6.22623
6.5,10.0499,1.83732,6.20335
6.5,10.1499,1.98132,6.18073
6.5,10.2499,2.1241,6.15837
6.5,10.3499,2.2657,6.13624
6.5,10.4499,2.40615,6.11435
6.5,10.5499,2.54548,6.09267
6.5,10.6499,2.68373,6.0712
6.5,10.7499,2.82092,6.04994
6.5,10.8499,2.95708,6.02887
6.5,10.9499,3.09224,6.00798
6.5,11.0499,3.22643,5.98727
6.5,11.1499,3.35966,5.96673
6.5,11.2499,3.49197,5.94635
6.5,11.3499,3.62338,5.92613
6.5,11.4499,3.75391,5.90606
6.5,11.5499,3.88359,5.88613
6.5,11.6499,4.01243,5.86635
6.5,11.7499,4.14045,5.8467
6.5,11.8499,4.26768,5.82718
6.5,11.9499,4.39414,5.80778
6.5,12.0499,4.51984,5.78851
6.5,12.1499,4.6448,5.76935
6.5,12.2499,4.76903,5.75031
6.5,12.3499,4.89257,5.73138
6.5,12.4499,5.01541,5.71256
6.5,12.5499,5.13759,5.69384
6.5,12.6499,5.2591,5.67522
6.5,12.7499,5.37998,5.65669
6.5,12.8499,5.50022,5.63827
6.5,12.9499,5.61986,5.61994
6.5,13.0499,5.73889,5.60169
6.5,13.1499,5.85733,5.58354
6.5,13.2499,5.97521,5.56547
6.5,13.3499,6.09251,5.54749
6.5,13.4499,6.20927,5.52959
6.5,13.5499,6.32549,5.51177
6.5,13.6499,6.44118,5.49402
6.5,13.7499,6.55636,5.47636
6.5,13.8499,6.67103,5.45877
6.5,13.9499,6.7852,5.44125
6.5,14.0499,6.89889,5.42381
6.5,14.1499,7.0121,5.40644
6.5,14.2499,7.12485,5.38914
6.5,14.3499,7.23714,5.37191
6.5,14.4499,7.34898,5.35475
6.5,14.5499,7.46038,5.33765
6.5,14.6499,7.57135,5.32062
6.5,14.7499,7.6819,5.30365
6.5,14.8499,7.79203,5.28675
6.5,14.9499,7.90175,5.26991
6.5,15.0499,8.01108,5.25314
6.5,15.1499,8.12001,5.23642
6.5,15.2499,8.22856,5.21977
6.5,15.3499,8.33673,5.20318
6.5,15.4499,8.44453,5.18664
6.5,15.5499,8.55196,5.17017
6.5,15.6499,8.65904,5.15375
6.5,15.7499,8.76576,5.1374
6.5,15.8499,8.87214,5.1211
6.5,15.9499,8.97818,5.10485
6.5,16.0499,9.08388,5.08867
6.5,16.1499,9.18926,5.07254
6.5,16.2499,9.29431,5.05646
6.5,16.3499,9.39905,5.04044
6.5,16.4499,9.50347,5.02447
6.5,16.5499,9.60759,5.00856
6.5,16.6499,9.7114,4.9927
6.5,16.7499,9.81492,4.9769
6.5,16.8499,9.91815,4.96115
6.5,16.9499,10.0211,4.94545
6.5,17.0499,10.1237,4.92981
6.5,17.1499,10.2261,4.91422
6.5,17.2499,10.3282,4.89868
6.5,17.3499,10.43,4.88319
6.5,17.4499,10.5316,4.86775
6.5,17.5499,10.6329,4.85236
6.5,17.6499,10.734,4.83703
6.5,17.7499,10.8347,4.82175
6.5,17.8499,10.9353,4.80651
6.5,17.9499,11.0356,4.79133
6.5,18.0499,11.1356,4.7762
6.5,18.1499,11.2354,4.76112
6.5,18.2499,11.335,4.74609
6.5,18.3499,11.4343,4.73111
6.5,18.4499,11.5334,4.71617
6.5,18.5499,11.6323,4.70129
6.5,18.6499,11.731,4.68646
6.5,18.7499,11.8294,4.67167
6.5,18.8499,11.9276,4.65694
6.5,18.9499,12.0256,4.64225
6.5,19.0499,12.1234,4.62761
6.5,19.1499,12.221,4.61302
6.5,19.2499,12.3184,4.59848
6.5,19.3499,12.4156,4.58399
6.5,19.4499,12.5125,4.56954
6.5,19.5499,12.6093,4.55515
6.5,19.6499,12.7059,4.5408
6.5,19.7499,12.8023,4.5265
6.5,19.8499,12.8985,4.51224
6.5,19.9499,12.9945,4.49804
6.5,20.0499,13.0903,4.48388
6.5,20.1499,13.1859,4.46977
6.5,20.2499,13.2814,4.4557
6.5,20.3499,13.3766,4.44168
6.5,20.4499,13.4717,4.42771
6.5,20.5499,13.5666,4.41379
6.5,20.6499,13.6614,4.39991
6.5,20.7499,13.7559,4.38608
6.5,20.8499,13.8503,4.37229
6.5,20.9499,13.9446,4.35856
6.5,21.0499,14.0386,4.34486
6.5,21.1499,14.1325,4.33122
6.5,21.2499,14.2263,4.31762
6.5,21.3499,14.3198,4.30406
6.5,21.4499,14.4133,4.29055
6.5,21.5499,14.5065,4.27709
6.5,21.6499,14.5996,4.26367
6.5,21.7499,14.6926,4.2503
6.5,21.8499,14.7853,4.23697
6.5,21.9499,14.878,4.22369
6.5,22.0499,14.9705,4.21045
6.5,22.1499,15.0628,4.19726
6.5,22.2499,15.155,4.18411
6.5,22.3499,15.2471,4.17101
6.5,22.4499,15.339,4.15795
6.5,22.5499,15.4307,4.14493
6.5,22.6499,15.5223,4.13196
6.5,22.7499,15.6138,4.11904
6.5,22.8499,15.7052,4.10615
6.5,22.9499,15.7964,4.09331
6.5,23.0499,15.8874,4.08052
6.5,23.1499,15.9783,4.06777
6.5,23.2499,16.0691,4.05506
6.5,23.3499,16.1598,4.0424
6.5,23.4499,16.2503,4.02978
6.5,23.5499,16.3407,4.0172
6.5,23.6499,16.431,4.00466
6.5,23.7499,16.5211,3.99217
6.5,23.8499,16.6111,3.97972
6.5,23.9499,16.701,3.96732
6.5,24.0499,16.7908,3.95495
6.5,24.1499,16.8804,3.94263
6.5,24.2499,16.9699,3.93035
6.5,24.3499,17.0593,3.91811
6.5,24.4499,17.1485,3.90592
6.5,24.5499,17.2377,3.89376
6.5,24.6499,17.3267,3.88165
6.5,24.7499,17.4156,3.86958
6.5,24.8499,17.5044,3.85755
6.5,24.9499,17.593,3.84556
6.5,25.0499,17.6816,3.83362
6.5,25.1499,17.77,3.82171
6.5,25.2499,17.8583,3.80984
6.5,25.3499,17.9465,3.79802
6.5,25.4499,18.0346,3.78624
6.5,25.5499,18.1225,3.77449
6.5,25.6499,18.2104,3.76279
6.5,25.7499,18.2981,3.75113
6.5,25.8499,18.3858,3.73951
6.5,25.9499,18.4733,3.72792
6.5,26.0499,18.5607,3.71638
6.5,26.1499,18.648,3.70488
6.5,26.2499,18.7352,3.69341
6.5,26.3499,18.8223,3.68199
6.5,26.4499,18.9092,3.67061
6.5,26.5499,18.9961,3.65926
6.5,26.6499,19.0829,3.64795
6.5,26.7499,19.1695,3.63668
6.5,26.8499,19.2561,3.62545
6.5,26.9499,19.3425,3.61426
6.5,27.0499,19.4288,3.60311
6.5,27.1499,19.5151,3.592
6.5,27.2499,19.6012,3.58092
6.5,27.3499,19.6872,3.56988
6.5,27.4499,19.7731,3.55888
6.5,27.5499,19.859,3.54792
6.5,27.6499,19.9447,3.53699
6.5,27.7499,20.0303,3.5261
6.5,27.8499,20.1158,3.51525
6.5,27.9499,20.2012,3.50444
6.5,28.0499,20.2865,3.49366
6.5,28.1499,20.3718,3.48292
6.5,28.2499,20.4569,3.47222
6.5,28.3499,20.5419,3.46155
6.5,28.4499,20.6268,3.45092
6.5,28.5499,20.7116,3.44033
6.5,28.6499,20.7963,3.42977
6.5,28.7499,20.8809,3.41924
6.5,28.8499,20.9655,3.40876
6.5,28.9499,21.0499,3.39831
6.5,29.0499,21.1342,3.38789
6.5,29.1499,21.2185,3.37751
6.5,29.2499,21.3026,3.36717
6.5,29.3499,21.3866,3.35686
6.5,29.4499,21.4706,3.34658
6.5,29.5499,21.5544,3.33634
6.5,29.6499,21.6382,3.32614
6.5,29.7499,21.7218,3.31596
6.5,29.8499,21.8054,3.30583
6.5,29.9499,21.8889,3.29572
6.5,30.0499,21.9722,3.28566
6.5,30.1499,22.0555,3.27562
6.5,30.2499,22.1387,3.26562
6.5,30.3499,22.2218,3.25565
6.5,30.4499,22.3048,3.24572
6.5,30.5499,22.3877,3.23582
6.5,30.6499,22.4705,3.22595
6.5,30.7499,22.5532,3.21612
6.5,30.8499,22.6358,3.20632
6.5,30.9499,22.7183,3.19655
6.5,31.0499,22.8008,3.18681
6.5,31.1499,22.8831,3.17711
6.5,31.2499,22.9654,3.16744
6.5,31.3499,23.0475,3.1578
6.5,31.4499,23.1296,3.14819
6.5,31.5499,23.2116,3.13862
6.5,31.6499,23.2935,3.12907
6.5,31.7499,23.3752,3.11956
6.5,31.8499,23.4569,3.11008
6.5,31.9499,23.5385,3.10063
6.5,32.0499,23.6201,3.09122
6.5,32.1499,23.7015,3.08183
6.5,32.2499,23.7828,3.07247
6.5,32.3499,23.864,3.06315
6.5,32.4499,23.9452,3.05386
6.5,32.5499,24.0262,3.04459
6.5,32.6499,24.1072,3.03536
6.5,32.7499,24.1881,3.02616
6.5,32.8499,24.2688,3.01698
6.5,32.9499,24.3495,3.00784
6.5,33.0499,24.4301,2.99873
6.5,33.1499,24.5106,2.98965
6.5,33.2499,24.591,2.98059
6.5,33.3499,24.6714,2.97157
6.5,33.4499,24.7516,2.96257
6.5,33.5499,24.8317,2.95361
6.5,33.6499,24.9118,2.94467
6.5,33.7499,24.9917,2.93576
6.5,33.8499,25.0716,2.92688
6.5,33.9499,25.1513,2.91803
6.5,34.0499,25.231,2.90921
6.5,34.1499,25.3106,2.90042
6.5,34.2499,25.3901,2.89166
6.5,34.3499,25.4695,2.88292
6.5,34.4499,25.5488,2.87421
6.5,34.5499,25.628,2.86553
6.5,34.6499,25.7071,2.85688
6.5,34.7499,25.7862,2.84825
6.5,34.8499,25.8651,2.83965
6.5,34.9499,25.944,2.83108
6.5,35.0499,26.0227,2.82254
6.5,35.1499,26.1014,2.81402
6.5,35.2499,26.1799,2.80553
6.5,35.3499,26.2584,2.79707
6.5,35.4499,26.3368,2.78863
6.5,35.5499,26.4151,2.78022
6.5,35.6499,26.4933,2.77184
6.5,35.7499,26.5714,2.76349
6.5,35.8499,26.6494,2.75516
6.5,35.9499,26.7273,2.74685
6.5,36.0499,26.8051,2.73857
6.5,36.1499,26.8828,2.73032
6.5,36.2499,26.9605,2.72209
6.5,36.3499,27.038,2.71389
6.5,36.4499,27.1154,2.70572
6.5,36.5499,27.1928,2.69757
6.5,36.6499,27.27,2.68944
6.5,36.7499,27.3472,2.68134
6.5,36.8499,27.4242,2.67327
6.5,36.9499,27.5012,2.66522
6.5,37.0499,27.5781,2.6572
6.5,37.1499,27.6548,2.6492
6.5,37.2499,27.7315,2.64122
6.5,37.3499,27.8081,2.63327
6.5,37.4499,27.8846,2.62534
6.5,37.5499,27.9609,2.61744
6.5,37.6499,28.0372,2.60956
6.5,37.7499,28.1134,2.60171
6.5,37.8499,28.1895,2.59388
6.5,37.9499,28.2655,2.58607
6.5,38.0499,28.3414,2.57829
6.5,38.1499,28.4172,2.57053
6.5,38.2499,28.4929,2.56279
6.5,38.3499,28.5685,2.55508
6.5,38.4499,28.644,2.54739
6.5,38.5499,28.7193,2.53972
6.5,38.6499,28.7946,2.53208
6.5,38.7499,28.8698,2.52446
6.5,38.8499,28.9449,2.51686
6.5,38.9499,29.0199,2.50928
6.5,39.0499,29.0948,2.50173
6.5,39.1499,29.1696,2.4942
6.5,39.2499,29.2443,2.48669
6.5,39.3499,29.3189,2.47921
6.5,39.4499,29.3934,2.47174
6.5,39.5499,29.4677,2.4643
6.5,39.6499,29.542,2.45688
6.5,39.7499,29.6162,2.44948
6.5,39.8499,29.6902,2.44211
6.5,39.9499,29.7642,2.43475
6.5,40.0499,29.8381,2.42742
6.5,40.1499,29.9118,2.42011
6.5,40.2499,29.9855,2.41282
6.5,40.3499,30.059,2.40555
6.5,40.4499,30.1324,2.3983
6.5,40.5499,30.2058,2.39107
6.5,40.6499,30.279,2.38386
6.5,40.7499,30.3521,2.37668
6.5,40.8499,30.4251,2.36951
6.5,40.9499,30.498,2.36237
6.5,41.0499,30.5708,2.35524
6.5,41.1499,30.6435,2.34814
6.5,41.2499,30.716,2.34106
6.5,41.3499,30.7885,2.33399
6.5,41.4499,30.8608,2.32695
6.5,41.5499,30.9331,2.31993
6.5,41.6499,31.0052,2.31293
6.5,41.7499,31.0772,2.30594
6.5,41.8499,31.1491,2.29898
6.5,41.9499,31.2209,2.29204
6.5,42.0499,31.2926,2.28511
6.5,42.1499,31.3641,2.27821
6.5,42.2499,31.4356,2.27132
6.5,42.3499,31.5069,2.26445
6.5,42.4499,31.5781,2.25761
6.5,42.5499,31.6492,2.25078
6.5,42.6499,31.7202,2.24397
6.5,42.7499,31.7911,2.23718
6.5,42.8499,31.8618,2.23041
6.5,42.9499,31.9325,2.22366
6.5,43.0499,32.003,2.21692
6.5,43.1499,32.0734,2.21021
6.5,43.2499,32.1437,2.20351
6.5,43.3499,32.2138,2.19683
6.5,43.4499,32.2838,2.19017
6.5,43.5499,32.3538,2.18353
6.5,43.6499,32.4235,2.1769
6.5,43.7499,32.4932,2.1703
6.5,43.8499,32.5628,2.16371
6.5,43.9499,32.6322,2.15714
6.5,44.0499,32.7015,2.15059
6.5,44.1499,32.7707,2.14405
6.5,44.2499,32.8397,2.13754
6.5,44.3499,32.9086,2.13104
6.5,44.4499,32.9774,2.12455
6.5,44.5499,33.0461,2.11809
6.5,44.6499,33.1146,2.11164
6.5,44.7499,33.1831,2.10521
6.5,44.8499,33.2513,2.0988
6.5,44.9499,33.3195,2.0924
6.5,45.0499,33.3875,2.08602
6.5,45.1499,33.4554,2.07966
6.5,45.2499,33.5232,2.07331
6.5,45.3499,33.5908,2.06698
6.5,45.4499,33.6583,2.06067
6.5,45.5499,33.7257,2.05438
6.5,45.6499,33.7929,2.0481
6.5,45.7499,33.86,2.04183
6.5,45.8499,33.927,2.03559
6.5,45.9499,33.9938,2.02936
6.5,46.0499,34.0605,2.02314
6.5,46.1499,34.127,2.01694
6.5,46.2499,34.1934,2.01076
6.5,46.3499,34.2597,2.0046
6.5,46.4499,34.3258,1.99845
6.5,46.5499,34.3918,1.99231
6.5,46.6499,34.4576,1.98619
6.5,46.7499,34.5233,1.98009
6.5,46.8499,34.5889,1.974
6.5,46.9499,34.6543,1.96793
6.5,47.0499,34.7196,1.96187
6.5,47.1499,34.7847,1.95583
6.5,47.2499,34.8497,1.94981
6.5,47.3499,34.9145,1.9438
6.5,47.4499,34.9792,1.9378
6.5,47.5499,35.0437,1.93182
6.5,47.6499,35.1081,1.92586
6.5,47.7499,35.1723,1.9199
6.5,47.8499,35.2364,1.91397
6.5,47.9499,35.3003,1.90805
6.5,48.0499,35.3641,1.90214
6.5,48.1499,35.4277,1.89625
6.5,48.2499,35.4912,1.89037
6.5,48.3499,35.5545,1.88451
6.5,48.4499,35.6176,1.87866
6.5,48.5499,35.6806,1.87283
6.5,48.6499,35.7435,1.86701
6.5,48.7499,35.8061,1.86121
6.5,48.8499,35.8687,1.85542
6.5,48.9499,35.931,1.84964
6.5,49.0499,35.9932,1.84388
6.5,49.1499,36.0552,1.83813
6.5,49.2499,36.1171,1.8324
6.5,49.3499,36.1788,1.82668
6.5,49.4499,36.2403,1.82097
6.5,49.5499,36.3016,1.81528
6.5,49.6499,36.3628,1.8096
6.5,49.7499,36.4238,1.80393
6.5,49.8499,36.4847,1.79828
6.5,49.9499,36.5454,1.79264
6.5,50.0499,36.6059,1.78702
6.5,50.1499,36.6662,1.78141
6.5,50.2499,36.7263,1.77581
6.5,50.3499,36.7863,1.77022
6.5,50.4499,36.8461,1.76465
6.5,50.5499,36.9057,1.75909
6.5,50.6499,36.9652,1.75355
6.5,50.7499,37.0244,1.74801
6.5,50.8499,37.0835,1.7425
6.5,50.9499,37.1424,1.73699
6.5,51.0499,37.2011,1.7315
6.5,51.1499,37.2596,1.72602
6.5,51.2499,37.3179,1.72055
6.5,51.3499,37.3761,1.71509
6.5,51.4499,37.434,1.70965
6.5,51.5499,37.4918,1.70422
6.5,51.6499,37.5494,1.6988
6.5,51.7499,37.6067,1.6934
6.5,51.8499,37.6639,1.68801
6.5,51.9499,37.7209,1.68263
6.5,52.0499,37.7777,1.67726
6.5,52.1499,37.8343,1.6719
6.5,52.2499,37.8907,1.66656
6.5,52.3499,37.9469,1.66123
6.5,52.4499,38.0029,1.65591
6.5,52.5499,38.0586,1.6506
6.5,52.6499,38.1142,1.64531
6.5,52.7499,38.1696,1.64002
6.5,52.8499,38.2247,1.63475
6.5,52.9499,38.2797,1.62949
6.5,53.0499,38.3344,1.62425
6.5,53.1499,38.389,1.61901
6.5,53.2499,38.4433,1.61379
6.5,53.3499,38.4974,1.60858
6.5,53.4499,38.5513,1.60338
6.5,53.5499,38.6049,1.59819
6.5,53.6499,38.6584,1.59301
6.5,53.7499,38.7116,1.58784
6.5,53.8499,38.7646,1.58269
6.5,53.9499,38.8174,1.57755
6.5,54.0499,38.8699,1.57241
6.5,54.1499,38.9222,1.56729
6.5,54.2499,38.9743,1.56218
6.5,54.3499,39.0262,1.55709
6.5,54.4499,39.0778,1.552
6.5,54.5499,39.1292,1.54692
6.5,54.6499,39.1803,1.54186
6.5,54.7499,39.2312,1.5368
6.5,54.8499,39.2819,1.53176
6.5,54.9499,39.3324,1.52673
6.5,55.0499,39.3825,1.52171
6.5,55.1499,39.4325,1.5167
6.5,55.2499,39.4822,1.5117
6.5,55.3499,39.5316,1.50671
6.5,55.4499,39.5808,1.50173
6.5,55.5499,39.6298,1.49676
6.5,55.6499,39.6785,1.49181
6.5,55.7499,39.7269,1.48686
6.5,55.8499,39.7751,1.48193
6.5,55.9499,39.823,1.477
6.5,56.0499,39.8706,1.47209
6.5,56.1499,39.918,1.46718
6.5,56.2499,39.9652,1.46229
6.5,56.3499,40.012,1.4574
6.5,56.4499,40.0586,1.45253
6.5,56.5499,40.1049,1.44767
6.5,56.6499,40.151,1.44281
6.5,56.7499,40.1967,1.43797
6.5,56.8499,40.2422,1.43314
6.5,56.9499,40.2874,1.42832
6.5,57.0499,40.3323,1.4235
6.5,57.1499,40.377,1.4187
6.5,57.2499,40.4213,1.41391
6.5,57.3499,40.4654,1.40913
6.5,57.4499,40.5091,1.40435
6.5,57.5499,40.5526,1.39959
6.5,57.6499,40.5958,1.39484
6.5,57.7499,40.6387,1.3901
6.5,57.8499,40.6812,1.38536
6.5,57.9499,40.7235,1.38064
6.5,58.0499,40.7655,1.37592
6.5,58.1499,40.8071,1.37122
6.5,58.2499,40.8485,1.36653
6.5,58.3499,40.8895,1.36184
6.5,58.4499,40.9302,1.35716
6.5,58.5499,40.9706,1.3525
6.5,58.6499,41.0107,1.34784
6.5,58.7499,41.0505,1.3432
6.5,58.8499,41.0899,1.33856
6.5,58.9499,41.129,1.33393
6.5,59.0499,41.1678,1.32931
6.5,59.1499,41.2062,1.3247
6.5,59.2499,41.2443,1.3201
6.5,59.3499,41.2821,1.31551
6.5,59.4499,41.3195,1.31093
6.5,59.5499,41.3565,1.30636
6.5,59.6499,41.3933,1.30179
6.5,59.7499,41.4296,1.29724
6.5,59.8499,41.4657,1.29269
6.5,59.9499,41.5013,1.28816
6.5,60.0499,41.5366,1.28363
6.5,60.1499,41.5716,1.27911
6.5,60.2499,41.6061,1.2746
6.5,60.3499,41.6403,1.2701
6.5,60.4499,41.6742,1.26561
6.5,60.5499,41.7076,1.26113
6.5,60.6499,41.7407,1.25666
6.5,60.7499,41.7734,1.25219
6.5,60.8499,41.8057,1.24774
6.5,60.9499,41.8376,1.24329
6.5,61.0499,41.8692,1.23885
6.5,61.1499,41.9003,1.23442
6.5,61.2499,41.931,1.23
6.5,61.3499,41.9614,1.22559
6.5,61.4499,41.9913,1.22119
6.5,61.5499,42.0208,1.21679
6.5,61.6499,42.0499,1.21241
6.5,61.7499,42.0786,1.20803
6.5,61.8499,42.1069,1.20366
6.5,61.9499,42.1347,1.1993
6.5,62.0499,42.1622,1.19495
6.5,62.1499,42.1892,1.19061
6.5,62.2499,42.2157,1.18627
6.5,62.3499,42.2418,1.18195
6.5,62.4499,42.2675,1.17763
6.5,62.5499,42.2927,1.17332
6.5,62.6499,42.3175,1.16902
6.5,62.7499,42.3418,1.16473
6.5,62.8499,42.3657,1.16044
6.5,62.9499,42.3891,1.15617
6.5,63.0499,42.4121,1.1519
6.5,63.1499,42.4345,1.14764
6.5,63.2499,42.4565,1.14339
6.5,63.3499,42.478,1.13915
6.5,63.4499,42.4991,1.13492
6.5,63.5499,42.5196,1.13069
6.5,63.6499,42.5396,1.12647
6.5,63.7499,42.5592,1.12226
6.5,63.8499,42.5782,1.11806
6.5,63.9499,42.5968,1.11387
6.5,64.0499,42.6148,1.10968
6.5,64.1499,42.6323,1.10551
6.5,64.2499,42.6493,1.10134
6.5,64.3499,42.6658,1.09718
6.5,64.4499,42.6817,1.09303
6.5,64.5499,42.6971,1.08888
6.5,64.6499,42.712,1.08475
6.5,64.7499,42.7263,1.08062
6.5,64.8499,42.7401,1.0765
6.5,64.9499,42.7533,1.07239
6.5,65.0499,42.7659,1.06828
6.5,65.1499,42.778,1.06419
6.5,65.2499,42.7895,1.0601
6.5,65.3499,42.8005,1.05602
6.5,65.4499,42.8108,1.05195
6.5,65.5499,42.8206,1.04788
6.5,65.6499,42.8298,1.04383
6.5,65.7499,42.8383,1.03978
6.5,65.8499,42.8463,1.03574
6.5,65.9499,42.8536,1.03171
6.5,66.0499,42.8604,1.02768
6.5,66.1499,42.8665,1.02367
6.5,66.2499,42.872,1.01966
6.5,66.3499,42.8768,1.01566
6.5,66.4499,42.881,1.01167
6.5,66.5499,42.8846,1.00768
6.5,66.6499,42.8875,1.00371
6.5,66.7499,42.8897,0.999737
6.5,66.8499,42.8913,0.995777
6.5,66.9499,42.8922,0.991824
6.5,67.0499,42.8924,0.987879
6.5,67.1499,42.892,0.983942
6.5,67.2499,42.8908,0.980012
6.5,67.3499,42.8889,0.976091
6.5,67.4499,42.8864,0.972177
6.5,67.5499,42.8831,0.968272
6.5,67.6499,42.8791,0.964374
6.5,67.7499,42.8743,0.960484
6.5,67.8499,42.8689,0.956602
6.5,67.9499,42.8627,0.952728
6.5,68.0499,42.8557,0.948862
6.5,68.1499,42.848,0.945004
6.5,68.2499,42.8395,0.941153
6.5,68.3499,42.8302,0.937311
6.5,68.4499,42.8201,0.933476
6.5,68.5499,42.8093,0.929649
6.5,68.6499,42.7976,0.925831
6.5,68.7499,42.7852,0.92202
6.5,68.8499,42.7719,0.918217
6.5,68.9499,42.7578,0.914422
6.5,69.0499,42.7429,0.910635
6.5,69.1499,42.7272,0.906856
6.5,69.2499,42.7105,0.903085
6.5,69.3499,42.6931,0.899321
6.5,69.4499,42.6747,0.895566
6.5,69.5499,42.6555,0.891819
6.5,69.6499,42.6354,0.88808
6.5,69.7499,42.6144,0.884348
6.5,69.8499,42.5925,0.880625
6.5,69.9499,42.5697,0.87691
6.5,70.0499,42.546,0.873203
6.5,70.1499,42.5213,0.869504
6.5,70.2499,42.4957,0.865813
6.5,70.3499,42.4691,0.86213
6.5,70.4499,42.4416,0.858456
6.5,70.5499,42.4131,0.854789
6.5,70.6499,42.3836,0.851131
6.5,70.7499,42.3531,0.84748
6.5,70.8499,42.3216,0.843838
6.5,70.9499,42.2891,0.840205
6.5,71.0499,42.2556,0.836579
6.5,71.1499,42.221,0.832962
6.5,71.2499,42.1854,0.829353
6.5,71.3499,42.1488,0.825752
6.5,71.4499,42.111,0.82216
6.5,71.5499,42.0722,0.818576
6.5,71.6499,42.0323,0.815
6.5,71.7499,41.9912,0.811433
6.5,71.8499,41.9491,0.807874
6.5,71.9499,41.9058,0.804324
6.5,72.0499,41.8614,0.800782
6.5,72.1499,41.8158,0.797249
6.5,72.2499,41.7691,0.793725
6.5,72.3499,41.7212,0.790209
6.5,72.4499,41.6721,0.786701
6.5,72.5499,41.6217,0.783202
6.5,72.6499,41.5702,0.779712
6.5,72.7499,41.5174,0.776231
6.5,72.8499,41.4634,0.772759
6.5,72.9499,41.4081,0.769295
6.5,73.0499,41.3516,0.76584
6.5,73.1499,41.2938,0.762395
6.5,73.2499,41.2346,0.758958
6.5,73.3499,41.1742,0.75553
6.5,73.4499,41.1124,0.752111
6.5,73.5499,41.0493,0.748701
6.5,73.6499,40.9848,0.745301
6.5,73.7499,40.9189,0.741909
6.5,73.8499,40.8517,0.738527
6.5,73.9499,40.783,0.735154
6.5,74.0499,40.7129,0.73179
6.5,74.1499,40.6414,0.728436
6.5,74.2499,40.5685,0.725091
6.5,74.3499,40.494,0.721756
6.5,74.4499,40.4181,0.71843
6.5,74.5499,40.3407,0.715114
6.5,74.6499,40.2618,0.711808
6.5,74.7499,40.1813,0.708511
6.5,74.8499,40.0993,0.705224
6.5,74.9499,40.0157,0.701947
6.5,75.0499,39.9306,0.69868
6.5,75.1499,39.8438,0.695423
6.5,75.2499,39.7554,0.692176
6.5,75.3499,39.6654,0.688939
6.5,75.4499,39.5737,0.685713
6.5,75.5499,39.4803,0.682496
6.5,75.6499,39.3853,0.67929
6.5,75.7499,39.2885,0.676094
6.5,75.8499,39.1901,0.672909
6.5,75.9499,39.0898,0.669735
6.5,76.0499,38.9878,0.666571
6.5,76.1499,38.884,0.663418
6.5,76.2499,38.7785,0.660275
6.5,76.3499,38.671,0.657144
6.5,76.4499,38.5618,0.654023
6.5,76.5499,38.4507,0.650914
6.5,76.6499,38.3377,0.647816
6.5,76.7499,38.2227,0.644729
6.5,76.8499,38.1059,0.641653
6.5,76.9499,37.9871,0.638589
6.5,77.0499,37.8664,0.635537
6.5,77.1499,37.7437,0.632496
6.5,77.2499,37.6189,0.629467
6.5,77.3499,37.4921,0.62645
6.5,77.4499,37.3633,0.623445
6.5,77.5499,37.2324,0.620452
6.5,77.6499,37.0994,0.617471
6.5,77.7499,36.9643,0.614502
6.5,77.8499,36.8271,0.611546
6.5,77.9499,36.6877,0.608602
6.5,78.0499,36.5461,0.605671
6.5,78.1499,36.4023,0.602753
6.5,78.2499,36.2563,0.599848
6.5,78.3499,36.1081,0.596956
6.5,78.4499,35.9575,0.594076
6.5,78.5499,35.8047,0.591211
6.5,78.6499,35.6496,0.588358
6.5,78.7499,35.4921,0.585519
6.5,78.8499,35.3323,0.582694
6.5,78.9499,35.1701,0.579883
6.5,79.0499,35.0054,0.577085
6.5,79.1499,34.8384,0.574302
6.5,79.2499,34.6689,0.571533
6.5,79.3499,34.4969,0.568778
6.5,79.4499,34.3224,0.566038
6.5,79.5499,34.1454,0.563313
6.5,79.6499,33.9658,0.560602
6.5,79.7499,33.7837,0.557907
6.5,79.8499,33.599,0.555227
6.5,79.9499,33.4117,0.552562
6.5,80.0499,33.2217,0.549912
6.5,80.1499,33.0291,0.547279
6.5,80.2499,32.8338,0.544661
6.5,80.3499,32.6358,0.542059
6.5,80.4499,32.4351,0.539473
6.5,80.5499,32.2316,0.536904
6.5,80.6499,32.0253,0.534351
6.5,80.7499,31.8163,0.531815
6.5,80.8499,31.6045,0.529296
6.5,80.9499,31.3898,0.526794
6.5,81.0499,31.1723,0.524309
6.5,81.1499,30.9518,0.521842
6.5,81.2499,30.7285,0.519393
6.5,81.3499,30.5023,0.516961
6.5,81.4499,30.2732,0.514548
6.5,81.5499,30.0411,0.512152
6.5,81.6499,29.806,0.509776
6.5,81.7499,29.5679,0.507418
6.5,81.8499,29.3268,0.505079
6.5,81.9499,29.0827,0.502759
6.5,82.0499,28.8356,0.500459
6.5,82.1499,28.5854,0.498178
6.5,82.2499,28.3321,0.495917
6.5,82.3499,28.0758,0.493676
6.5,82.4499,27.8163,0.491455
6.5,82.5499,27.5537,0.489255
6.5,82.6499,27.288,0.487075
6.5,82.7499,27.0192,0.484917
6.5,82.8499,26.7472,0.482779
6.5,82.9499,26.472,0.480663
6.5,83.0499,26.1937,0.478569
6.5,83.1499,25.9122,0.476496
6.5,83.2499,25.6274,0.474446
6.5,83.3499,25.3395,0.472418
6.5,83.4499,25.0484,0.470413
6.5,83.5499,24.7541,0.468431
6.5,83.6499,24.4566,0.466472
6.5,83.7499,24.1559,0.464536
6.5,83.8499,23.852,0.462624
6.5,83.9499,23.5448,0.460735
6.5,84.0499,23.2345,0.458871
6.5,84.1499,22.9209,0.457031
6.5,84.2499,22.6042,0.455216
6.5,84.3499,22.2842,0.453426
6.5,84.4499,21.961,0.451661
6.5,84.5499,21.6347,0.449922
6.5,84.6499,21.3052,0.448208
6.5,84.7499,20.9725,0.44652
6.5,84.8499,20.6367,0.444859
6.5,84.9499,20.2978,0.443224
6.5,85.0499,19.9557,0.441615
6.5,85.1499,19.6106,0.440034
6.5,85.2499,19.2623,0.43848
6.5,85.3499,18.911,0.436953
6.5,85.4499,18.5567,0.435454
6.5,85.5499,18.1994,0.433984
6.5,85.6499,17.8391,0.432541
6.5,85.7499,17.4758,0.431127
6.5,85.8499,17.1096,0.429742
6.5,85.9499,16.7405,0.428386
6.5,86.0499,16.3686,0.427059
6.5,86.1499,15.9938,0.425762
6.5,86.2499,15.6163,0.424495
6.5,86.3499,15.236,0.423257
6.5,86.4499,14.8531,0.42205
6.5,86.5499,14.4674,0.420873
6.5,86.6499,14.0792,0.419727
6.5,86.7499,13.6884,0.418612
6.5,86.8499,13.2951,0.417529
6.5,86.9499,12.8994,0.416476
6.5,87.0499,12.5012,0.415455
6.5,87.1499,12.1008,0.414466
6.5,87.2499,11.698,0.41351
6.5,87.3499,11.293,0.412585
6.5,87.4499,10.8858,0.411693
6.5,87.5499,10.4765,0.410833
6.5,87.6499,10.0652,0.410006
6.5,87.7499,9.65197,0.409213
6.5,87.8499,9.2368,0.408452
6.5,87.9499,8.81981,0.407725
6.5,88.0499,8.40107,0.407031
6.5,88.1499,7.98064,0.406371
6.5,88.2499,7.55861,0.405745
6.5,88.3499,7.13506,0.405153
6.5,88.4499,6.71006,0.404595
6.5,88.5499,6.2837,0.404071
6.5,88.6499,5.85604,0.403581
6.5,88.7499,5.42719,0.403126
6.5,88.8499,4.99722,0.402706
6.5,88.9499,4.56622,0.40232
6.5,89.0499,4.13427,0.401969
6.5,89.1499,3.70146,0.401653
6.5,89.2499,3.26788,0.401372
6.5,89.3499,2.83361,0.401126
6.5,89.4499,2.39876,0.400914
6.5,89.5499,1.9634,0.400738
6.5,89.6499,1.52763,0.400597
6.5,89.7499,1.09154,0.400492
6.5,89.8499,0.65522,0.400421
6.5,89.9499,0.218762,0.400386
7,8.21321,0,7
7,8.31321,0.162295,6.96921
7,8.41321,0.322695,6.93901
7,8.51321,0.481265,6.90935
7,8.61321,0.638067,6.88021
7,8.71321,0.793161,6.85156
7,8.81321,0.946603,6.82337
7,8.91321,1.09845,6.79561
7,9.01321,1.24875,6.76826
7,9.11321,1.39755,6.7413
7,9.21321,1.54491,6.71471
7,9.31321,1.69086,6.68847
7,9.41321,1.83545,6.66255
7,9.51321,1.97873,6.63695
7,9.61321,2.12073,6.61165
7,9.71321,2.26149,6.58663
7,9.81321,2.40104,6.56188
7,9.91321,2.53944,6.53738
7,10.0132,2.6767,6.51313
7,10.1132,2.81286,6.48912
7,10.2132,2.94795,6.46532
7,10.3132,3.082,6.44175
7,10.4132,3.21505,6.41837
7,10.5132,3.34711,6.39519
7,10.6132,3.47823,6.3722
7,10.7132,3.60841,6.34939
7,10.8132,3.73769,6.32675
7,10.9132,3.86609,6.30428
7,11.0132,3.99364,6.28197
7,11.1132,4.12035,6.25982
7,11.2132,4.24626,6.23781
7,11.3132,4.37137,6.21595
7,11.4132,4.49571,6.19422
7,11.5132,4.6193,6.17263
7,11.6132,4.74216,6.15118
7,11.7132,4.8643,6.12984
7,11.8132,4.98575,6.10863
7,11.9132,5.10652,6.08754
7,12.0132,5.22662,6.06656
7,12.1132,5.34608,6.04569
7,12.2132,5.46491,6.02494
7,12.3132,5.58311,6.00429
7,12.4132,5.70072,5.98374
7,12.5132,5.81773,5.96329
7,12.6132,5.93417,5.94295
7,12.7132,6.05005,5.9227
7,12.8132,6.16538,5.90254
7,12.9132,6.28017,5.88248
7,13.0132,6.39443,5.8625
7,13.1132,6.50818,5.84262
7,13.2132,6.62143,5.82282
7,13.3132,6.73418,5.80311
7,13.4132,6.84645,5.78348
7,13.5132,6.95825,5.76394
7,13.6132,7.06959,5.74447
7,13.7132,7.18047,5.72509
7,13.8132,7.29091,5.70579
7,13.9132,7.40092,5.68656
7,14.0132,7.5105,5.66741
7,14.1132,7.61966,5.64834
7,14.2132,7.72842,5.62934
7,14.3132,7.83678,5.61041
7,14.4132,7.94474,5.59156
7,14.5132,8.05231,5.57278
7,14.6132,8.15951,5.55408
7,14.7132,8.26634,5.53544
7,14.8132,8.37281,5.51687
7,14.9132,8.47892,5.49838
7,15.0132,8.58467,5.47995
7,15.1132,8.69009,5.46159
7,15.2132,8.79517,5.4433
7,15.3132,8.89991,5.42508
7,15.4132,9.00433,5.40692
7,15.5132,9.10843,5.38883
7,15.6132,9.21222,5.37081
7,15.7132,9.31569,5.35285
7,15.8132,9.41887,5.33496
7,15.9132,9.52174,5.31713
7,16.0132,9.62433,5.29937
7,16.1132,9.72662,5.28167
7,16.2132,9.82863,5.26403
7,16.3132,9.93036,5.24646
7,16.4132,10.0318,5.22896
7,16.5132,10.133,5.21151
7,16.6132,10.2339,5.19413
7,16.7132,10.3346,5.17681
7,16.8132,10.435,5.15955
7,16.9132,10.5352,5.14236
7,17.0132,10.6351,5.12522
7,17.1132,10.7347,5.10815
7,17.2132,10.8341,5.09114
7,17.3132,10.9333,5.07419
7,17.4132,11.0323,5.0573
7,17.5132,11.131,5.04047
7,17.6132,11.2295,5.02371
7,17.7132,11.3277,5.007
7,17.8132,11.4258,4.99035
7,17.9132,11.5236,4.97376
7,18.0132,11.6212,4.95724
7,18.1132,11.7186,4.94077
7,18.2132,11.8158,4.92436
7,18.3132,11.9128,4.90801
7,18.4132,12.0096,4.89172
7,18.5132,12.1062,4.87549
7,18.6132,12.2026,4.85931
7,18.7132,12.2987,4.8432
7,18.8132,12.3948,4.82714
7,18.9132,12.4906,4.81115
7,19.0132,12.5862,4.79521
7,19.1132,12.6816,4.77932
7,19.2132,12.7769,4.7635
7,19.3132,12.872,4.74773
7,19.4132,12.9669,4.73203
7,19.5132,13.0616,4.71637
7,19.6132,13.1561,4.70078
7,19.7132,13.2505,4.68524
7,19.8132,13.3447,4.66976
7,19.9132,13.4388,4.65434
7,20.0132,13.5326,4.63897
7,20.1132,13.6264,4.62366
7,20.2132,13.7199,4.60841
7,20.3132,13.8133,4.59321
7,20.4132,13.9065,4.57806
7,20.5132,13.9996,4.56298
7,20.6132,14.0926,4.54795
7,20.7132,14.1853,4.53297
7,20.8132,14.2779,4.51805
7,20.9132,14.3704,4.50319
7,21.0132,14.4627,4.48838
7,21.1132,14.5549,4.47362
7,21.2132,14.647,4.45892
7,21.3132,14.7388,4.44427
7,21.4132,14.8306,4.42968
7,21.5132,14.9222,4.41514
7,21.6132,15.0137,4.40066
7,21.7132,15.105,4.38623
7,21.8132,15.1962,4.37185
7,21.9132,15.2873,4.35753
7,22.0132,15.3782,4.34326
7,22.1132,15.469,4.32905
7,22.2132,15.5596,4.31488
7,22.3132,15.6502,4.30077
7,22.4132,15.7406,4.28672
7,22.5132,15.8308,4.27271
7,22.6132,15.921,4.25876
7,22.7132,16.011,4.24486
7,22.8132,16.1009,4.23101
7,22.9132,16.1907,4.21721
7,23.0132,16.2803,4.20347
7,23.1132,16.3699,4.18977
7,23.2132,16.4593,4.17613
7,23.3132,16.5486,4.16254
7,23.4132,16.6377,4.149
7,23.5132,16.7268,4.13551
7,23.6132,16.8157,4.12207
7,23.7132,16.9046,4.10868
7,23.8132,16.9933,4.09534
7,23.9132,17.0819,4.08206
7,24.0132,17.1703,4.06882
7,24.1132,17.2587,4.05563
7,24.2132,17.347,4.04249
7,24.3132,17.4351,4.0294
7,24.4132,17.5231,4.01636
7,24.5132,17.6111,4.00337
7,24.6132,17.6989,3.99042
7,24.7132,17.7866,3.97753
7,24.8132,17.8742,3.96468
7,24.9132,17.9617,3.95188
7,25.0132,18.0491,3.93913
7,25.1132,18.1364,3.92643
7,25.2132,18.2235,3.91378
7,25.3132,18.3106,3.90117
7,25.4132,18.3976,3.88861
7,25.5132,18.4845,3.87609
7,25.6132,18.5712,3.86363
7,25.7132,18.6579,3.85121
7,25.8132,18.7444,3.83883
7,25.9132,18.8309,3.82651
7,26.0132,18.9173,3.81423
7,26.1132,19.0035,3.80199
7,26.2132,19.0897,3.7898
7,26.3132,19.1758,3.77766
7,26.4132,19.2617,3.76556
7,26.5132,19.3476,3.7535
7,26.6132,19.4334,3.7415
7,26.7132,19.519,3.72953
7,26.8132,19.6046,3.71761
7,26.9132,19.6901,3.70574
7,27.0132,19.7755,3.69391
7,27.1132,19.8608,3.68212
7,27.2132,19.946,3.67038
7,27.3132,20.0311,3.65868
7,27.4132,20.1161,3.64702
7,27.5132,20.201,3.63541
7,27.6132,20.2858,3.62384
7,27.7132,20.3706,3.61231
7,27.8132,20.4552,3.60083
7,27.9132,20.5397,3.58938
7,28.0132,20.6242,3.57798
7,28.1132,20.7085,3.56663
7,28.2132,20.7928,3.55531
7,28.3132,20.877,3.54404
7,28.4132,20.9611,3.5328
7,28.5132,21.0451,3.52161
7,28.6132,21.129,3.51046
7,28.7132,21.2128,3.49935
7,28.8132,21.2965,3.48828
7,28.9132,21.3802,3.47725
7,29.0132,21.4637,3.46627
7,29.1132,21.5472,3.45532
7,29.2132,21.6305,3.44441
7,29.3132,21.7138,3.43354
7,29.4132,21.797,3.42271
7,29.5132,21.8801,3.41192
7,29.6132,21.9631,3.40117
7,29.7132,22.046,3.39046
7,29.8132,22.1289,3.37979
7,29.9132,22.2116,3.36916
7,30.0132,22.2943,3.35856
7,30.1132,22.3769,3.34801
7,30.2132,22.4594,3.33749
7,30.3132,22.5418,3.32701
7,30.4132,22.6241,3.31657
7,30.5132,22.7063,3.30616
7,30.6132,22.7885,3.29579
7,30.7132,22.8705,3.28546
7,30.8132,22.9525,3.27517
7,30.9132,23.0344,3.26491
7,31.0132,23.1162,3.25469
7,31.1132,23.1979,3.24451
7,31.2132,23.2795,3.23436
7,31.3132,23.361,3.22425
7,31.4132,23.4425,3.21418
7,31.5132,23.5238,3.20414
7,31.6132,23.6051,3.19413
7,31.7132,23.6863,3.18417
7,31.8132,23.7674,3.17423
7,31.9132,23.8484,3.16434
7,32.0132,23.9294,3.15447
7,32.1132,24.0102,3.14465
7,32.2132,24.091,3.13485
7,32.3132,24.1717,3.12509
7,32.4132,24.2522,3.11537
7,32.5132,24.3327,3.10568
7,32.6132,24.4132,3.09602
7,32.7132,24.4935,3.0864
7,32.8132,24.5737,3.07681
7,32.9132,24.6539,3.06725
7,33.0132,24.734,3.05773
7,33.1132,24.814,3.04824
7,33.2132,24.8939,3.03878
7,33.3132,24.9737,3.02936
7,33.4132,25.0534,3.01997
7,33.5132,25.1331,3.01061
7,33.6132,25.2126,3.00128
7,33.7132,25.2921,2.99198
7,33.8132,25.3715,2.98272
7,33.9132,25.4508,2.97349
7,34.0132,25.53,2.96429
7,34.1132,25.6091,2.95512
7,34.2132,25.6881,2.94599
7,34.3132,25.7671,2.93688
7,34.4132,25.8459,2.9278
7,34.5132,25.9247,2.91876
7,34.6132,26.0034,2.90975
7,34.7132,26.082,2.90076
7,34.8132,26.1605,2.89181
7,34.9132,26.2389,2.88289
7,35.0132,26.3173,2.874
7,35.1132,26.3955,2.86513
7,35.2132,26.4737,2.8563
7,35.3132,26.5518,2.8475
7,35.4132,26.6297,2.83872
7,35.5132,26.7076,2.82998
7,35.6132,26.7854,2.82126
7,35.7132,26.8632,2.81258
7,35.8132,26.9408,2.80392
7,35.9132,27.0183,2.79529
7,36.0132,27.0958,2.78669
7,36.1132,27.1731,2.77812
7,36.2132,27.2504,2.76958
7,36.3132,27.3276,2.76106
7,36.4132,27.4047,2.75257
7,36.5132,27.4817,2.74411
7,36.6132,27.5586,2.73568
7,36.7132,27.6354,2.72728
7,36.8132,27.7121,2.7189
7,36.9132,27.7887,2.71055
7,37.0132,27.8653,2.70223
7,37.1132,27.9417,2.69393
7,37.2132,28.0181,2.68566
7,37.3132,28.0943,2.67742
7,37.4132,28.1705,2.66921
7,37.5132,28.2466,2.66102
7,37.6132,28.3226,2.65285
7,37.7132,28.3985,2.64472
7,37.8132,28.4743,2.63661
7,37.9132,28.55,2.62852
7,38.0132,28.6256,2.62046
7,38.1132,28.7011,2.61243
7,38.2132,28.7765,2.60442
7,38.3132,28.8518,2.59644
7,38.4132,28.9271,2.58848
7,38.5132,29.0022,2.58055
7,38.6132,29.0772,2.57264
7,38.7132,29.1522,2.56476
7,38.8132,29.227,2.5569
7,38.9132,29.3018,2.54907
7,39.0132,29.3764,2.54126
7,39.1132,29.451,2.53348
7,39.2132,29.5254,2.52572
7,39.3132,29.5998,2.51798
7,39.4132,29.674,2.51027
7,39.5132,29.7482,2.50258
7,39.6132,29.8223,2.49492
7,39.7132,29.8962,2.48728
7,39.8132,29.9701,2.47966
7,39.9132,30.0438,2.47207
7,40.0132,30.1175,2.4645
7,40.1132,30.191,2.45695
7,40.2132,30.2645,2.44943
7,40.3132,30.3378,2.44192
7,40.4132,30.4111,2.43445
7,40.5132,30.4842,2.42699
7,40.6132,30.5573,2.41956
7,40.7132,30.6302,2.41215
7,40.8132,30.7031,2.40476
7,40.9132,30.7758,2.39739
7,41.0132,30.8484,2.39005
7,41.1132,30.9209,2.38273
7,41.2132,30.9933,2.37543
7,41.3132,31.0656,2.36815
7,41.4132,31.1378,2.36089
7,41.5132,31.2099,2.35365
7,41.6132,31.2819,2.34644
7,41.7132,31.3538,2.33925
7,41.8132,31.4256,2.33208
7,41.9132,31.4972,2.32493
7,42.0132,31.5688,2.3178
7,42.1132,31.6402,2.31069
7,42.2132,31.7115,2.3036
7,42.3132,31.7827,2.29654
7,42.4132,31.8539,2.28949
7,42.5132,31.9248,2.28247
7,42.6132,31.9957,2.27546
7,42.7132,32.0665,2.26848
7,42.8132,32.1371,2.26151
7,42.9132,32.2077,2.25457
7,43.0132,32.2781,2.24764
7,43.1132,32.3484,2.24074
7,43.2132,32.4186,2.23385
7,43.3132,32.4887,2.22699
7,43.4132,32.5586,2.22014
7,43.5132,32.6285,2.21332
7,43.6132,32.6982,2.20651
7,43.7132,32.7678,2.19972
7,43.8132,32.8373,2.19295
7,43.9132,32.9067,2.1862
7,44.0132,32.9759,2.17947
7,44.1132,33.045,2.17276
7,44.2132,33.114,2.16607
7,44.3132,33.1829,2.1594
7,44.4132,33.2517,2.15274
7,44.5132,33.3203,2.14611
7,44.6132,33.3888,2.13949
7,44.7132,33.4572,2.13289
7,44.8132,33.5254,2.12631
7,44.9132,33.5936,2.11974
7,45.0132,33.6616,2.1132
7,45.1132,33.7294,2.10667
7,45.2132,33.7972,2.10016
7,45.3132,33.8648,2.09367
7,45.4132,33.9323,2.0872
7,45.5132,33.9997,2.08074
7,45.6132,34.0669,2.0743
7,45.7132,34.134,2.06788
7,45.8132,34.201,2.06148
7,45.9132,34.2678,2.05509
7,46.0132,34.3345,2.04872
7,46.1132,34.401,2.04237
7,46.2132,34.4675,2.03604
7,46.3132,34.5338,2.02972
7,46.4132,34.5999,2.02342
7,46.5132,34.6659,2.01713
7,46.6132,34.7318,2.01087
7,46.7132,34.7975,2.00461
7,46.8132,34.8631,1.99838
7,46.9132,34.9286,1.99216
7,47.0132,34.9939,1.98596
7,47.1132,35.0591,1.97978
7,47.2132,35.1241,1.97361
7,47.3132,35.189,1.96745
7,47.4132,35.2537,1.96132
7,47.5132,35.3183,1.9552
7,47.6132,35.3828,1.94909
7,47.7132,35.4471,1.943
7,47.8132,35.5112,1.93693
7,47.9132,35.5752,1.93087
7,48.0132,35.6391,1.92483
7,48.1132,35.7028,1.9188
7,48.2132,35.7664,1.91279
7,48.3132,35.8298,1.9068
7,48.4132,35.893,1.90082
7,48.5132,35.9561,1.89485
7,48.6132,36.019,1.8889
7,48.7132,36.0818,1.88297
7,48.8132,36.1444,1.87705
7,48.9132,36.2069,1.87115
7,49.0132,36.2692,1.86526
7,49.1132,36.3313,1.85938
7,49.2132,36.3933,1.85352
7,49.3132,36.4551,1.84768
7,49.4132,36.5168,1.84185
7,49.5132,36.5783,1.83603
7,49.6132,36.6396,1.83023
7,49.7132,36.7007,1.82444
7,49.8132,36.7617,1.81867
7,49.9132,36.8225,1.81291
7,50.0132,36.8832,1.80716
7,50.1132,36.9437,1.80143
7,50.2132,37.004,1.79572
7,50.3132,37.0641,1.79002
7,50.4132,37.1241,1.78433
7,50.5132,37.1838,1.77865
7,50.6132,37.2435,1.77299
7,50.7132,37.3029,1.76735
7,50.8132,37.3621,1.76171
7,50.9132,37.4212,1.75609
7,51.0132,37.4801,1.75049
7,51.1132,37.5388,1.74489
7,51.2132,37.5973,1.73932
7,51.3132,37.6557,1.73375
7,51.4132,37.7138,1.7282
7,51.5132,37.7718,1.72266
7,51.6132,37.8296,1.71713
7,51.7132,37.8871,1.71162
7,51.8132,37.9445,1.70612
7,51.9132,38.0017,1.70063
7,52.0132,38.0588,1.69516
7,52.1132,38.1156,1.6897
7,52.2132,38.1722,1.68425
7,52.3132,38.2286,1.67882
7,52.4132,38.2848,1.67339
7,52.5132,38.3408,1.66798
7,52.6132,38.3967,1.66259
7,52.7132,38.4523,1.6572
7,52.8132,38.5077,1.65183
7,52.9132,38.5629,1.64647
7,53.0132,38.6179,1.64112
7,53.1132,38.6727,1.63579
7,53.2132,38.7273,1.63047
7,53.3132,38.7816,1.62516
7,53.4132,38.8358,1.61986
7,53.5132,38.8897,1.61457
7,53.6132,38.9434,1.6093
7,53.7132,38.9969,1.60403
7,53.8132,39.0502,1.59878
7,53.9132,39.1033,1.59355
7,54.0132,39.1561,1.58832
7,54.1132,39.2087,1.58311
7,54.2132,39.2611,1.5779
7,54.3132,39.3133,1.57271
7,54.4132,39.3652,1.56753
7,54.5132,39.4169,1.56236
7,54.6132,39.4684,1.55721
7,54.7132,39.5196,1.55206
7,54.8132,39.5706,1.54693
7,54.9132,39.6214,1.54181
7,55.0132,39.6719,1.5367
7,55.1132,39.7222,1.5316
7,55.2132,39.7722,1.52651
7,55.3132,39.822,1.52143
7,55.4132,39.8716,1.51637
7,55.5132,39.9209,1.51131
7,55.6132,39.9699,1.50627
7,55.7132,40.0187,1.50124
7,55.8132,40.0672,1.49622
7,55.9132,40.1155,1.49121
7,56.0132,40.1635,1.48621
7,56.1132,40.2113,1.48122
7,56.2132,40.2588,1.47624
7,56.3132,40.306,1.47127
7,56.4132,40.353,1.46632
7,56.5132,40.3997,1.46137
7,56.6132,40.4462,1.45644
7,56.7132,40.4923,1.45151
7,56.8132,40.5382,1.4466
7,56.9132,40.5838,1.4417
7,57.0132,40.6291,1.4368
7,57.1132,40.6742,1.43192
7,57.2132,40.719,1.42705
7,57.3132,40.7634,1.42219
7,57.4132,40.8076,1.41733
7,57.5132,40.8515,1.41249
7,57.6132,40.8952,1.40766
7,57.7132,40.9385,1.40284
7,57.8132,40.9815,1.39803
7,57.9132,41.0242,1.39323
7,58.0132,41.0666,1.38844
7,58.1132,41.1087,1.38366
7,58.2132,41.1506,1.37889
7,58.3132,41.1921,1.37413
7,58.4132,41.2332,1.36938
7,58.5132,41.2741,1.36464
7,58.6132,41.3147,1.35991
7,58.7132,41.3549,1.35519
7,58.8132,41.3948,1.35048
7,58.9132,41.4344,1.34577
7,59.0132,41.4737,1.34108
7,59.1132,41.5126,1.3364
7,59.2132,41.5512,1.33173
7,59.3132,41.5895,1.32707
7,59.4132,41.6274,1.32241
7,59.5132,41.665,1.31777
7,59.6132,41.7023,1.31313
7,59.7132,41.7392,1.30851
7,59.8132,41.7757,1.30389
7,59.9132,41.8119,1.29929
7,60.0132,41.8478,1.29469
7,60.1132,41.8833,1.2901
7,60.2132,41.9184,1.28553
7,60.3132,41.9531,1.28096
7,60.4132,41.9875,1.2764
7,60.5132,42.0216,1.27185
7,60.6132,42.0552,1.26731
7,60.7132,42.0885,1.26278
7,60.8132,42.1214,1.25825
7,60.9132,42.1539,1.25374
7,61.0132,42.186,1.24924
7,61.1132,42.2177,1.24474
7,61.2132,42.2491,1.24025
7,61.3132,42.28,1.23578
7,61.4132,42.3105,1.23131
7,61.5132,42.3407,1.22685
7,61.6132,42.3704,1.2224
7,61.7132,42.3997,1.21796
7,61.8132,42.4286,1.21352
7,61.9132,42.4571,1.2091
7,62.0132,42.4852,1.20468
7,62.1132,42.5128,1.20028
7,62.2132,42.54,1.19588
7,62.3132,42.5668,1.19149
7,62.4132,42.5931,1.18711
7,62.5132,42.619,1.18274
7,62.6132,42.6445,1.17838
7,62.7132,42.6695,1.17402
7,62.8132,42.694,1.16968
7,62.9132,42.7181,1.16534
7,63.0132,42.7417,1.16101
7,63.1132,42.7649,1.15669
7,63.2132,42.7876,1.15238
7,63.3132,42.8098,1.14808
7,63.4132,42.8315,1.14378
7,63.5132,42.8528,1.1395
7,63.6132,42.8736,1.13522
7,63.7132,42.8938,1.13095
7,63.8132,42.9136,1.12669
7,63.9132,42.9329,1.12244
7,64.0132,42.9517,1.1182
7,64.1132,42.9699,1.11396
7,64.2132,42.9877,1.10973
7,64.3132,43.0049,1.10552
7,64.4132,43.0216,1.1013
7,64.5132,43.0378,1.0971
7,64.6132,43.0534,1.09291
7,64.7132,43.0685,1.08872
7,64.8132,43.0831,1.08455
7,64.9132,43.0971,1.08038
7,65.0132,43.1105,1.07622
7,65.1132,43.1234,1.07206
7,65.2132,43.1357,1.06792
7,65.3132,43.1475,1.06378
7,65.4132,43.1586,1.05966
7,65.5132,43.1692,1.05554
7,65.6132,43.1792,1.05143
7,65.7132,43.1886,1.04732
7,65.8132,43.1974,1.04323
7,65.9132,43.2057,1.03914
7,66.0132,43.2132,1.03506
7,66.1132,43.2202,1.03099
7,66.2132,43.2266,1.02693
7,66.3132,43.2323,1.02287
7,66.4132,43.2374,1.01882
7,66.5132,43.2418,1.01479
7,66.6132,43.2456,1.01076
7,66.7132,43.2487,1.00673
7,66.8132,43.2512,1.00272
7,66.9132,43.253,0.998712
7,67.0132,43.2541,0.994714
7,67.1132,43.2546,0.990724
7,67.2132,43.2544,0.986741
7,67.3132,43.2534,0.982767
7,67.4132,43.2518,0.978801
7,67.5132,43.2494,0.974843
7,67.6132,43.2464,0.970893
7,67.7132,43.2426,0.966951
7,67.8132,43.2381,0.963017
7,67.9132,43.2328,0.95909
7,68.0132,43.2268,0.955172
7,68.1132,43.2201,0.951262
7,68.2132,43.2126,0.94736
7,68.3132,43.2043,0.943467
7,68.4132,43.1952,0.939581
7,68.5132,43.1854,0.935703
7,68.6132,43.1747,0.931833
7,68.7132,43.1633,0.927971
7,68.8132,43.151,0.924117
7,68.9132,43.138,0.920272
7,69.0132,43.1241,0.916434
7,69.1132,43.1093,0.912604
7,69.2132,43.0938,0.908783
7,69.3132,43.0773,0.90497
7,69.4132,43.0601,0.901164
7,69.5132,43.0419,0.897367
7,69.6132,43.0229,0.893578
7,69.7132,43.0029,0.889797
7,69.8132,42.9821,0.886024
7,69.9132,42.9604,0.88226
7,70.0132,42.9377,0.878503
7,70.1132,42.9141,0.874755
7,70.2132,42.8896,0.871014
7,70.3132,42.8641,0.867283
7,70.4132,42.8377,0.863559
7,70.5132,42.8103,0.859843
7,70.6132,42.7819,0.856136
7,70.7132,42.7526,0.852437
7,70.8132,42.7222,0.848746
7,70.9132,42.6909,0.845064
7,71.0132,42.6585,0.84139
7,71.1132,42.625,0.837724
7,71.2132,42.5906,0.834067
7,71.3132,42.555,0.830418
7,71.4132,42.5185,0.826777
7,71.5132,42.4808,0.823145
7,71.6132,42.442,0.819522
7,71.7132,42.4022,0.815906
7,71.8132,42.3612,0.8123
7,71.9132,42.3191,0.808702
7,72.0132,42.2759,0.805112
7,72.1132,42.2315,0.801531
7,72.2132,42.1859,0.797959
7,72.3132,42.1392,0.794396
7,72.4132,42.0913,0.790841
7,72.5132,42.0422,0.787295
7,72.6132,41.9918,0.783757
7,72.7132,41.9403,0.780229
7,72.8132,41.8875,0.776709
7,72.9132,41.8334,0.773198
7,73.0132,41.7781,0.769696
7,73.1132,41.7215,0.766204
7,73.2132,41.6636,0.76272
7,73.3132,41.6043,0.759245
7,73.4132,41.5438,0.755779
7,73.5132,41.4819,0.752322
7,73.6132,41.4186,0.748875
7,73.7132,41.354,0.745437
7,73.8132,41.288,0.742008
7,73.9132,41.2206,0.738588
7,74.0132,41.1517,0.735178
7,74.1132,41.0815,0.731777
7,74.2132,41.0097,0.728386
7,74.3132,40.9366,0.725004
7,74.4132,40.8619,0.721631
7,74.5132,40.7857,0.718269
7,74.6132,40.708,0.714916
7,74.7132,40.6288,0.711573
7,74.8132,40.548,0.70824
7,74.9132,40.4657,0.704916
7,75.0132,40.3818,0.701603
7,75.1132,40.2962,0.698299
7,75.2132,40.2091,0.695006
7,75.3132,40.1203,0.691723
7,75.4132,40.0298,0.68845
7,75.5132,39.9377,0.685187
7,75.6132,39.8439,0.681935
7,75.7132,39.7484,0.678693
7,75.8132,39.6511,0.675462
7,75.9132,39.5521,0.672241
7,76.0132,39.4513,0.669031
7,76.1132,39.3487,0.665831
7,76.2132,39.2443,0.662643
7,76.3132,39.1381,0.659465
7,76.4132,39.0301,0.656299
7,76.5132,38.9201,0.653143
7,76.6132,38.8083,0.649999
7,76.7132,38.6945,0.646866
7,76.8132,38.5789,0.643745
7,76.9132,38.4612,0.640635
7,77.0132,38.3416,0.637536
7,77.1132,38.22,0.634449
7,77.2132,38.0964,0.631374
7,77.3132,37.9707,0.628311
7,77.4132,37.843,0.62526
7,77.5132,37.7132,0.622221
7,77.6132,37.5813,0.619194
7,77.7132,37.4473,0.616179
7,77.8132,37.3111,0.613177
7,77.9132,37.1727,0.610187
7,78.0132,37.0321,0.60721
7,78.1132,36.8893,0.604246
7,78.2132,36.7443,0.601295
7,78.3132,36.597,0.598356
7,78.4132,36.4474,0.595431
7,78.5132,36.2955,0.592519
7,78.6132,36.1413,0.589621
7,78.7132,35.9847,0.586736
7,78.8132,35.8258,0.583865
7,78.9132,35.6644,0.581007
7,79.0132,35.5006,0.578164
7,79.1132,35.3343,0.575335
7,79.2132,35.1655,0.57252
7,79.3132,34.9943,0.569719
7,79.4132,34.8205,0.566933
7,79.5132,34.6442,0.564162
7,79.6132,34.4653,0.561405
7,79.7132,34.2838,0.558664
7,79.8132,34.0997,0.555937
7,79.9132,33.9129,0.553226
7,80.0132,33.7235,0.550531
7,80.1132,33.5313,0.547851
7,80.2132,33.3365,0.545188
7,80.3132,33.1389,0.54254
7,80.4132,32.9385,0.539908
7,80.5132,32.7354,0.537293
7,80.6132,32.5295,0.534694
7,80.7132,32.3207,0.532113
7,80.8132,32.109,0.529548
7,80.9132,31.8945,0.527
7,81.0132,31.6771,0.52447
7,81.1132,31.4567,0.521957
7,81.2132,31.2334,0.519462
7,81.3132,31.0072,0.516985
7,81.4132,30.7779,0.514526
7,81.5132,30.5457,0.512085
7,81.6132,30.3104,0.509663
7,81.7132,30.0721,0.50726
7,81.8132,29.8307,0.504875
7,81.9132,29.5862,0.50251
7,82.0132,29.3386,0.500164
7,82.1132,29.0879,0.497838
7,82.2132,28.8341,0.495532
7,82.3132,28.5771,0.493246
7,82.4132,28.3169,0.490981
7,82.5132,28.0535,0.488735
7,82.6132,27.787,0.486511
7,82.7132,27.5172,0.484308
7,82.8132,27.2442,0.482126
7,82.9132,26.9679,0.479966
7,83.0132,26.6885,0.477827
7,83.1132,26.4057,0.47571
7,83.2132,26.1197,0.473616
7,83.3132,25.8304,0.471544
7,83.4132,25.5378,0.469495
7,83.5132,25.2419,0.467469
7,83.6132,24.9427,0.465467
7,83.7132,24.6402,0.463487
7,83.8132,24.3344,0.461532
7,83.9132,24.0254,0.459601
7,84.0132,23.713,0.457694
7,84.1132,23.3973,0.455812
7,84.2132,23.0783,0.453954
7,84.3132,22.756,0.452122
7,84.4132,22.4304,0.450315
7,84.5132,22.1015,0.448534
7,84.6132,21.7693,0.446779
7,84.7132,21.4339,0.445049
7,84.8132,21.0952,0.443347
7,84.9132,20.7533,0.441671
7,85.0132,20.4082,0.440022
7,85.1132,20.0598,0.438401
7,85.2132,19.7083,0.436807
7,85.3132,19.3536,0.435241
7,85.4132,18.9957,0.433703
7,85.5132,18.6348,0.432193
7,85.6132,18.2707,0.430712
7,85.7132,17.9035,0.42926
7,85.8132,17.5333,0.427837
7,85.9132,17.1601,0.426443
7,86.0132,16.784,0.425079
7,86.1132,16.4049,0.423745
7,86.2132,16.0229,0.422441
7,86.3132,15.638,0.421168
7,86.4132,15.2503,0.419925
7,86.5132,14.8599,0.418714
7,86.6132,14.4667,0.417533
7,86.7132,14.0709,0.416384
7,86.8132,13.6724,0.415267
7,86.9132,13.2714,0.414181
7,87.0132,12.8678,0.413128
7,87.1132,12.4618,0.412106
7,87.2132,12.0534,0.411118
7,87.3132,11.6426,0.410162
7,87.4132,11.2296,0.409239
7,87.5132,10.8143,0.40835
7,87.6132,10.3969,0.407494
7,87.7132,9.97748,0.406671
7,87.8132,9.55601,0.405882
7,87.9132,9.13262,0.405127
7,88.0132,8.70737,0.404406
7,88.1132,8.28034,0.40372
7,88.2132,7.85161,0.403068
7,88.3132,7.42125,0.40245
7,88.4132,6.98936,0.401868
7,88.5132,6.55602,0.40132
7,88.6132,6.1213,0.400807
7,88.7132,5.6853,0.40033
7,88.8132,5.24809,0.399887
7,88.9132,4.80978,0.39948
7,89.0132,4.37045,0.399109
7,89.1132,3.93018,0.398773
7,89.2132,3.48908,0.398472
7,89.3132,3.04723,0.398208
7,89.4132,2.60473,0.397979
7,89.5132,2.16167,0.397786
7,89.6132,1.71814,0.397629
7,89.7132,1.27424,0.397508
7,89.8132,0.83007,0.397422
7,89.9132,0.38572,0.397373
7.5,7.66226,0,7.5
7.5,7.76226,0.16266,7.46506
7.5,7.86226,0.323286,7.43082
7.5,7.96226,0.481953,7.39725
7.5,8.06226,0.638731,7.3643
7.5,8.16226,0.793689,7.33194
7.5,8.26226,0.946891,7.30012
7.5,8.36226,1.0984,7.26882
7.5,8.46226,1.24827,7.23801
7.5,8.56226,1.39657,7.20766
7.5,8.66226,1.54334,7.17773
7.5,8.76226,1.68863,7.14822
7.5,8.86226,1.83251,7.11909
7.5,8.96226,1.975,7.09033
7.5,9.06226,2.11616,7.06192
7.5,9.16226,2.25602,7.03383
7.5,9.26226,2.39464,7.00605
7.5,9.36226,2.53204,6.97857
7.5,9.46226,2.66828,6.95138
7.5,9.56226,2.80337,6.92445
7.5,9.66226,2.93736,6.89778
7.5,9.76226,3.07028,6.87135
7.5,9.86226,3.20217,6.84516
7.5,9.96226,3.33304,6.81919
7.5,10.0623,3.46294,6.79343
7.5,10.1623,3.59189,6.76788
7.5,10.2623,3.71991,6.74253
7.5,10.3623,3.84704,6.71736
7.5,10.4623,3.97329,6.69238
7.5,10.5623,4.0987,6.66757
7.5,10.6623,4.22328,6.64293
7.5,10.7623,4.34706,6.61846
7.5,10.8623,4.47006,6.59414
7.5,10.9623,4.5923,6.56997
7.5,11.0623,4.7138,6.54595
7.5,11.1623,4.83458,6.52208
7.5,11.2623,4.95466,6.49834
7.5,11.3623,5.07405,6.47474
7.5,11.4623,5.19278,6.45126
7.5,11.5623,5.31086,6.42792
7.5,11.6623,5.4283,6.4047
7.5,11.7623,5.54512,6.38159
7.5,11.8623,5.66134,6.35861
7.5,11.9623,5.77697,6.33574
7.5,12.0623,5.89203,6.31299
7.5,12.1623,6.00653,6.29034
7.5,12.2623,6.12048,6.2678
7.5,12.3623,6.23389,6.24537
7.5,12.4623,6.34678,6.22304
7.5,12.5623,6.45916,6.20081
7.5,12.6623,6.57104,6.17869
7.5,12.7623,6.68244,6.15666
7.5,12.8623,6.79335,6.13473
7.5,12.9623,6.9038,6.11289
7.5,13.0623,7.0138,6.09115
7.5,13.1623,7.12334,6.0695
7.5,13.2623,7.23245,6.04794
7.5,13.3623,7.34113,6.02647
7.5,13.4623,7.4494,6.00509
7.5,13.5623,7.55725,5.9838
7.5,13.6623,7.6647,5.9626
7.5,13.7623,7.77176,5.94148
7.5,13.8623,7.87844,5.92045
7.5,13.9623,7.98473,5.8995
7.5,14.0623,8.09066,5.87864
7.5,14.1623,8.19622,5.85786
7.5,14.2623,8.30143,5.83717
7.5,14.3623,8.40629,5.81655
7.5,14.4623,8.51081,5.79602
7.5,14.5623,8.615,5.77557
7.5,14.6623,8.71885,5.75519
7.5,14.7623,8.82238,5.7349
7.5,14.8623,8.9256,5.71469
7.5,14.9623,9.0285,5.69455
7.5,15.0623,9.1311,5.6745
7.5,15.1623,9.2334,5.65452
7.5,15.2623,9.33541,5.63462
7.5,15.3623,9.43712,5.6148
7.5,15.4623,9.53856,5.59505
7.5,15.5623,9.63971,5.57538
7.5,15.6623,9.74059,5.55579
7.5,15.7623,9.8412,5.53627
7.5,15.8623,9.94155,5.51682
7.5,15.9623,10.0416,5.49746
7.5,16.0623,10.1415,5.47816
7.5,16.1623,10.241,5.45895
7.5,16.2623,10.3404,5.4398
7.5,16.3623,10.4395,5.42073
7.5,16.4623,10.5383,5.40174
7.5,16.5623,10.6369,5.38282
7.5,16.6623,10.7353,5.36397
7.5,16.7623,10.8334,5.34519
7.5,16.8623,10.9314,5.32649
7.5,16.9623,11.0291,5.30786
7.5,17.0623,11.1266,5.2893
7.5,17.1623,11.2238,5.27082
7.5,17.2623,11.3209,5.25241
7.5,17.3623,11.4177,5.23406
7.5,17.4623,11.5144,5.21579
7.5,17.5623,11.6108,5.1976
7.5,17.6623,11.7071,5.17947
7.5,17.7623,11.8031,5.16141
7.5,17.8623,11.899,5.14343
7.5,17.9623,11.9947,5.12552
7.5,18.0623,12.0901,5.10767
7.5,18.1623,12.1854,5.0899
7.5,18.2623,12.2805,5.0722
7.5,18.3623,12.3755,5.05456
7.5,18.4623,12.4702,5.037
7.5,18.5623,12.5648,5.0195
7.5,18.6623,12.6592,5.00208
7.5,18.7623,12.7534,4.98472
7.5,18.8623,12.8475,4.96744
7.5,18.9623,12.9414,4.95022
7.5,19.0623,13.0351,4.93307
7.5,19.1623,13.1287,4.91599
7.5,19.2623,13.2221,4.89897
7.5,19.3623,13.3153,4.88203
7.5,19.4623,13.4084,4.86515
7.5,19.5623,13.5013,4.84834
7.5,19.6623,13.5941,4.83159
7.5,19.7623,13.6867,4.81492
7.5,19.8623,13.7792,4.79831
7.5,19.9623,13.8715,4.78176
7.5,20.0623,13.9637,4.76529
7.5,20.1623,14.0558,4.74888
7.5,20.2623,14.1476,4.73253
7.5,20.3623,14.2394,4.71625
7.5,20.4623,14.331,4.70004
7.5,20.5623,14.4225,4.68389
7.5,20.6623,14.5138,4.66781
7.5,20.7623,14.605,4.65179
7.5,20.8623,14.6961,4.63584
7.5,20.9623,14.787,4.61995
7.5,21.0623,14.8778,4.60413
7.5,21.1623,14.9685,4.58837
7.5,21.2623,15.0591,4.57267
7.5,21.3623,15.1495,4.55704
7.5,21.4623,15.2398,4.54147
7.5,21.5623,15.3299,4.52596
7.5,21.6623,15.42,4.51052
7.5,21.7623,15.5099,4.49514
7.5,21.8623,15.5997,4.47982
7.5,21.9623,15.6894,4.46456
7.5,22.0623,15.7789,4.44937
7.5,22.1623,15.8684,4.43424
7.5,22.2623,15.9577,4.41916
7.5,22.3623,16.0469,4.40415
7.5,22.4623,16.136,4.38921
7.5,22.5623,16.225,4.37432
7.5,22.6623,16.3138,4.35949
7.5,22.7623,16.4026,4.34472
7.5,22.8623,16.4912,4.33001
7.5,22.9623,16.5798,4.31537
7.5,23.0623,16.6682,4.30078
7.5,23.1623,16.7565,4.28625
7.5,23.2623,16.8447,4.27178
7.5,23.3623,16.9328,4.25737
7.5,23.4623,17.0208,4.24302
7.5,23.5623,17.1086,4.22872
7.5,23.6623,17.1964,4.21449
7.5,23.7623,17.2841,4.20031
7.5,23.8623,17.3716,4.18619
7.5,23.9623,17.4591,4.17213
7.5,24.0623,17.5465,4.15812
7.5,24.1623,17.6337,4.14417
7.5,24.2623,17.7209,4.13028
7.5,24.3623,17.8079,4.11644
7.5,24.4623,17.8949,4.10266
7.5,24.5623,17.9818,4.08894
7.5,24.6623,18.0685,4.07527
7.5,24.7623,18.1552,4.06165
7.5,24.8623,18.2418,4.0481
7.5,24.9623,18.3282,4.03459
7.5,25.0623,18.4146,4.02114
7.5,25.1623,18.5009,4.00775
7.5,25.2623,18.5871,3.99441
7.5,25.3623,18.6731,3.98112
7.5,25.4623,18.7591,3.96789
7.5,25.5623,18.845,3.95471
7.5,25.6623,18.9308,3.94158
7.5,25.7623,19.0166,3.92851
7.5,25.8623,19.1022,3.91548
7.5,25.9623,19.1877,3.90252
7.5,26.0623,19.2731,3.8896
7.5,26.1623,19.3585,3.87673
7.5,26.2623,19.4438,3.86392
7.5,26.3623,19.5289,3.85116
7.5,26.4623,19.614,3.83845
7.5,26.5623,19.699,3.82579
7.5,26.6623,19.7839,3.81318
7.5,26.7623,19.8687,3.80062
7.5,26.8623,19.9534,3.78811
7.5,26.9623,20.038,3.77565
7.5,27.0623,20.1226,3.76324
7.5,27.1623,20.2071,3.75088
7.5,27.2623,20.2914,3.73857
7.5,27.3623,20.3757,3.7263
7.5,27.4623,20.4599,3.71409
7.5,27.5623,20.544,3.70192
7.5,27.6623,20.628,3.68981
7.5,27.7623,20.712,3.67774
7.5,27.8623,20.7958,3.66572
7.5,27.9623,20.8796,3.65374
7.5,28.0623,20.9633,3.64181
7.5,28.1623,21.0469,3.62993
7.5,28.2623,21.1304,3.6181
7.5,28.3623,21.2138,3.60631
7.5,28.4623,21.2972,3.59457
7.5,28.5623,21.3804,3.58288
7.5,28.6623,21.4636,3.57123
7.5,28.7623,21.5467,3.55962
7.5,28.8623,21.6297,3.54807
7.5,28.9623,21.7127,3.53655
7.5,29.0623,21.7955,3.52508
7.5,29.1623,21.8783,3.51366
7.5,29.2623,21.961,3.50228
7.5,29.3623,22.0436,3.49094
7.5,29.4623,22.1261,3.47965
7.5,29.5623,22.2085,3.4684
7.5,29.6623,22.2909,3.4572
7.5,29.7623,22.3731,3.44604
7.5,29.8623,22.4553,3.43492
7.5,29.9623,22.5374,3.42385
7.5,30.0623,22.6194,3.41281
7.5,30.1623,22.7014,3.40182
7.5,30.2623,22.7832,3.39087
7.5,30.3623,22.865,3.37997
7.5,30.4623,22.9467,3.3691
7.5,30.5623,23.0283,3.35828
7.5,30.6623,23.1099,3.34749
7.5,30.7623,23.1913,3.33675
7.5,30.8623,23.2727,3.32605
7.5,30.9623,23.354,3.31539
7.5,31.0623,23.4352,3.30477
7.5,31.1623,23.5163,3.29419
7.5,31.2623,23.5974,3.28365
7.5,31.3623,23.6783,3.27315
7.5,31.4623,23.7592,3.26269
7.5,31.5623,23.84,3.25227
7.5,31.6623,23.9208,3.24189
7.5,31.7623,24.0014,3.23154
7.5,31.8623,24.082,3.22124
7.5,31.9623,24.1625,3.21097
7.5,32.0623,24.2428,3.20074
7.5,32.1623,24.3232,3.19055
7.5,32.2623,24.4034,3.1804
7.5,32.3623,24.4836,3.17028
7.5,32.4623,24.5636,3.16021
7.5,32.5623,24.6436,3.15017
7.5,32.6623,24.7235,3.14016
7.5,32.7623,24.8034,3.1302
7.5,32.8623,24.8831,3.12027
7.5,32.9623,24.9628,3.11037
7.5,33.0623,25.0424,3.10051
7.5,33.1623,25.1219,3.09069
7.5,33.2623,25.2013,3.08091
7.5,33.3623,25.2806,3.07116
7.5,33.4623,25.3599,3.06144
7.5,33.5623,25.4391,3.05176
7.5,33.6623,25.5182,3.04212
7.5,33.7623,25.5972,3.03251
7.5,33.8623,25.6761,3.02293
7.5,33.9623,25.755,3.01339
7.5,34.0623,25.8337,3.00389
7.5,34.1623,25.9124,2.99442
7.5,34.2623,25.991,2.98498
7.5,34.3623,26.0695,2.97557
7.5,34.4623,26.148,2.9662
7.5,34.5623,26.2263,2.95687
7.5,34.6623,26.3046,2.94756
7.5,34.7623,26.3828,2.93829
7.5,34.8623,26.4609,2.92905
7.5,34.9623,26.5389,2.91985
7.5,35.0623,26.6168,2.91067
7.5,35.1623,26.6947,2.90153
7.5,35.2623,26.7724,2.89242
7.5,35.3623,26.8501,2.88335
7.5,35.4623,26.9277,2.8743
7.5,35.5623,27.0052,2.86529
7.5,35.6623,27.0826,2.8563
7.5,35.7623,27.16,2.84735
7.5,35.8623,27.2372,2.83843
7.5,35.9623,27.3144,2.82955
7.5,36.0623,27.3915,2.82069
7.5,36.1623,27.4685,2.81186
7.5,36.2623,27.5454,2.80306
7.5,36.3623,27.6222,2.7943
7.5,36.4623,27.6989,2.78556
7.5,36.5623,27.7756,2.77685
7.5,36.6623,27.8521,2.76817
7.5,36.7623,27.9286,2.75953
7.5,36.8623,28.005,2.75091
7.5,36.9623,28.0813,2.74232
7.5,37.0623,28.1575,2.73376
7.5,37.1623,28.2336,2.72523
7.5,37.2623,28.3096,2.71673
7.5,37.3623,28.3856,2.70825
7.5,37.4623,28.4614,2.69981
7.5,37.5623,28.5372,2.69139
7.5,37.6623,28.6129,2.683
7.5,37.7623,28.6884,2.67464
7.5,37.8623,28.7639,2.66631
7.5,37.9623,28.8393,2.65801
7.5,38.0623,28.9146,2.64973
7.5,38.1623,28.9899,2.64148
7.5,38.2623,29.065,2.63326
7.5,38.3623,29.14,2.62506
7.5,38.4623,29.215,2.61689
7.5,38.5623,29.2898,2.60875
7.5,38.6623,29.3646,2.60064
7.5,38.7623,29.4392,2.59255
7.5,38.8623,29.5138,2.58449
7.5,38.9623,29.5883,2.57645
7.5,39.0623,29.6627,2.56844
7.5,39.1623,29.7369,2.56046
7.5,39.2623,29.8111,2.5525
7.5,39.3623,29.8852,2.54457
7.5,39.4623,29.9592,2.53666
7.5,39.5623,30.0331,2.52878
7.5,39.6623,30.1069,2.52093
7.5,39.7623,30.1806,2.5131
7.5,39.8623,30.2542,2.50529
7.5,39.9623,30.3278,2.49751
7.5,40.0623,30.4012,2.48975
7.5,40.1623,30.4745,2.48202
7.5,40.2623,30.5477,2.47432
7.5,40.3623,30.6208,2.46663
7.5,40.4623,30.6938,2.45897
7.5,40.5623,30.7668,2.45134
7.5,40.6623,30.8396,2.44373
7.5,40.7623,30.9123,2.43614
7.5,40.8623,30.9849,2.42858
7.5,40.9623,31.0574,2.42104
7.5,41.0623,31.1298,2.41353
7.5,41.1623,31.2021,2.40603
7.5,41.2623,31.2743,2.39857
7.5,41.3623,31.3464,2.39112
7.5,41.4623,31.4184,2.3837
7.5,41.5623,31.4903,2.3763
7.5,41.6623,31.5621,2.36892
7.5,41.7623,31.6338,2.36156
7.5,41.8623,31.7054,2.35423
7.5,41.9623,31.7768,2.34692
7.5,42.0623,31.8482,2.33964
7.5,42.1623,31.9195,2.33237
7.5,42.2623,31.9906,2.32513
7.5,42.3623,32.0616,2.3179
7.5,42.4623,32.1326,2.3107
7.5,42.5623,32.2034,2.30353
7.5,42.6623,32.2741,2.29637
7.5,42.7623,32.3447,2.28923
7.5,42.8623,32.4152,2.28212
7.5,42.9623,32.4855,2.27503
7.5,43.0623,32.5558,2.26796
7.5,43.1623,32.6259,2.26091
7.5,43.2623,32.696,2.25388
7.5,43.3623,32.7659,2.24687
7.5,43.4623,32.8357,2.23988
7.5,43.5623,32.9054,2.23291
7.5,43.6623,32.975,2.22596
7.5,43.7623,33.0444,2.21904
7.5,43.8623,33.1138,2.21213
7.5,43.9623,33.183,2.20524
7.5,44.0623,33.2521,2.19838
7.5,44.1623,33.3211,2.19153
7.5,44.2623,33.3899,2.1847
7.5,44.3623,33.4587,2.1779
7.5,44.4623,33.5273,2.17111
7.5,44.5623,33.5958,2.16434
7.5,44.6623,33.6642,2.15759
7.5,44.7623,33.7325,2.15086
7.5,44.8623,33.8006,2.14415
7.5,44.9623,33.8686,2.13746
7.5,45.0623,33.9365,2.13079
7.5,45.1623,34.0043,2.12414
7.5,45.2623,34.0719,2.1175
7.5,45.3623,34.1394,2.11089
7.5,45.4623,34.2068,2.10429
7.5,45.5623,34.2741,2.09771
7.5,45.6623,34.3412,2.09115
7.5,45.7623,34.4082,2.08461
7.5,45.8623,34.475,2.07809
7.5,45.9623,34.5418,2.07158
7.5,46.0623,34.6084,2.0651
7.5,46.1623,34.6749,2.05863
7.5,46.2623,34.7412,2.05218
7.5,46.3623,34.8074,2.04574
7.5,46.4623,34.8735,2.03933
7.5,46.5623,34.9394,2.03293
7.5,46.6623,35.0052,2.02655
7.5,46.7623,35.0709,2.02019
7.5,46.8623,35.1364,2.01384
7.5,46.9623,35.2018,2.00751
7.5,47.0623,35.267,2.0012
7.5,47.1623,35.3321,1.99491
7.5,47.2623,35.3971,1.98863
7.5,47.3623,35.4619,1.98237
7.5,47.4623,35.5266,1.97613
7.5,47.5623,35.5911,1.9699
7.5,47.6623,35.6555,1.96369
7.5,47.7623,35.7197,1.9575
7.5,47.8623,35.7838,1.95132
7.5,47.9623,35.8478,1.94516
7.5,48.0623,35.9116,1.93901
7.5,48.1623,35.9752,1.93289
7.5,48.2623,36.0387,1.92677
7.5,48.3623,36.1021,1.92068
7.5,48.4623,36.1653,1.9146
7.5,48.5623,36.2283,1.90853
7.5,48.6623,36.2912,1.90249
7.5,48.7623,36.354,1.89645
7.5,48.8623,36.4166,1.89044
7.5,48.9623,36.479,1.88444
7.5,49.0623,36.5412,1.87845
7.5,49.1623,36.6034,1.87248
7.5,49.2623,36.6653,1.86653
7.5,49.3623,36.7271,1.86059
7.5,49.4623,36.7887,1.85466
7.5,49.5623,36.8502,1.84875
7.5,49.6623,36.9115,1.84286
7.5,49.7623,36.9726,1.83698
7.5,49.8623,37.0336,1.83112
7.5,49.9623,37.0944,1.82527
7.5,50.0623,37.1551,1.81943
7.5,50.1623,37.2155,1.81362
7.5,50.2623,37.2758,1.80781
7.5,50.3623,37.336,1.80202
7.5,50.4623,37.3959,1.79624
7.5,50.5623,37.4557,1.79048
7.5,50.6623,37.5153,1.78474
7.5,50.7623,37.5747,1.779
7.5,50.8623,37.634,1.77329
7.5,50.9623,37.6931,1.76758
7.5,51.0623,37.752,1.76189
7.5,51.1623,37.8107,1.75622
7.5,51.2623,37.8692,1.75055
7.5,51.3623,37.9276,1.74491
7.5,51.4623,37.9857,1.73927
7.5,51.5623,38.0437,1.73365
7.5,51.6623,38.1015,1.72804
7.5,51.7623,38.1591,1.72245
7.5,51.8623,38.2165,1.71687
7.5,51.9623,38.2738,1.7113
7.5,52.0623,38.3308,1.70575
7.5,52.1623,38.3876,1.70021
7.5,52.2623,38.4443,1.69469
7.5,52.3623,38.5007,1.68917
7.5,52.4623,38.557,1.68368
7.5,52.5623,38.6131,1.67819
7.5,52.6623,38.6689,1.67272
7.5,52.7623,38.7246,1.66726
7.5,52.8623,38.78,1.66181
7.5,52.9623,38.8353,1.65637
7.5,53.0623,38.8903,1.65095
7.5,53.1623,38.9452,1.64554
7.5,53.2623,38.9998,1.64015
7.5,53.3623,39.0542,1.63476
7.5,53.4623,39.1084,1.62939
7.5,53.5623,39.1624,1.62404
7.5,53.6623,39.2162,1.61869
7.5,53.7623,39.2697,1.61336
7.5,53.8623,39.3231,1.60804
7.5,53.9623,39.3762,1.60273
7.5,54.0623,39.4291,1.59743
7.5,54.1623,39.4818,1.59215
7.5,54.2623,39.5342,1.58688
7.5,54.3623,39.5865,1.58162
7.5,54.4623,39.6385,1.57637
7.5,54.5623,39.6902,1.57113
7.5,54.6623,39.7418,1.56591
7.5,54.7623,39.7931,1.5607
7.5,54.8623,39.8442,1.5555
7.5,54.9623,39.895,1.55031
7.5,55.0623,39.9456,1.54513
7.5,55.1623,39.996,1.53997
7.5,55.2623,40.0461,1.53481
7.5,55.3623,40.096,1.52967
7.5,55.4623,40.1456,1.52454
7.5,55.5623,40.195,1.51942
7.5,55.6623,40.2441,1.51432
7.5,55.7623,40.293,1.50922
7.5,55.8623,40.3417,1.50414
7.5,55.9623,40.39,1.49906
7.5,56.0623,40.4382,1.494
7.5,56.1623,40.486,1.48895
7.5,56.2623,40.5336,1.48391
7.5,56.3623,40.581,1.47888
7.5,56.4623,40.6281,1.47387
7.5,56.5623,40.6749,1.46886
7.5,56.6623,40.7214,1.46387
7.5,56.7623,40.7677,1.45888
7.5,56.8623,40.8137,1.45391
7.5,56.9623,40.8594,1.44895
7.5,57.0623,40.9049,1.44399
7.5,57.1623,40.95,1.43905
7.5,57.2623,40.9949,1.43412
7.5,57.3623,41.0395,1.4292
7.5,57.4623,41.0838,1.42429
7.5,57.5623,41.1279,1.41939
7.5,57.6623,41.1716,1.41451
7.5,57.7623,41.215,1.40963
7.5,57.8623,41.2582,1.40476
7.5,57.9623,41.301,1.39991
7.5,58.0623,41.3436,1.39506
7.5,58.1623,41.3858,1.39022
7.5,58.2623,41.4278,1.3854
7.5,58.3623,41.4694,1.38058
7.5,58.4623,41.5108,1.37578
7.5,58.5623,41.5518,1.37098
7.5,58.6623,41.5925,1.3662
7.5,58.7623,41.6329,1.36142
7.5,58.8623,41.6729,1.35666
7.5,58.9623,41.7127,1.3519
7.5,59.0623,41.7521,1.34716
7.5,59.1623,41.7912,1.34242
7.5,59.2623,41.8299,1.3377
7.5,59.3623,41.8683,1.33298
7.5,59.4623,41.9064,1.32828
7.5,59.5623,41.9442,1.32358
7.5,59.6623,41.9816,1.3189
7.5,59.7623,42.0186,1.31422
7.5,59.8623,42.0553,1.30955
7.5,59.9623,42.0917,1.3049
7.5,60.0623,42.1277,1.30025
7.5,60.1623,42.1634,1.29561
7.5,60.2623,42.1986,1.29098
7.5,60.3623,42.2336,1.28637
7.5,60.4623,42.2681,1.28176
7.5,60.5623,42.3023,1.27716
7.5,60.6623,42.3361,1.27257
7.5,60.7623,42.3696,1.26799
7.5,60.8623,42.4026,1.26342
7.5,60.9623,42.4353,1.25885
7.5,61.0623,42.4676,1.2543
7.5,61.1623,42.4995,1.24976
7.5,61.2623,42.531,1.24522
7.5,61.3623,42.5622,1.2407
7.5,61.4623,42.5929,1.23618
7.5,61.5623,42.6232,1.23168
7.5,61.6623,42.6531,1.22718
7.5,61.7623,42.6826,1.22269
7.5,61.8623,42.7117,1.21821
7.5,61.9623,42.7404,1.21374
7.5,62.0623,42.7686,1.20928
7.5,62.1623,42.7965,1.20483
7.5,62.2623,42.8239,1.20039
7.5,62.3623,42.8508,1.19595
7.5,62.4623,42.8773,1.19153
7.5,62.5623,42.9034,1.18711
7.5,62.6623,42.9291,1.1827
7.5,62.7623,42.9543,1.1783
7.5,62.8623,42.979,1.17391
7.5,62.9623,43.0033,1.16953
7.5,63.0623,43.0271,1.16516
7.5,63.1623,43.0505,1.1608
7.5,63.2623,43.0734,1.15644
7.5,63.3623,43.0958,1.15209
7.5,63.4623,43.1178,1.14776
7.5,63.5623,43.1392,1.14343
7.5,63.6623,43.1602,1.13911
7.5,63.7623,43.1807,1.1348
7.5,63.8623,43.2007,1.13049
7.5,63.9623,43.2201,1.1262
7.5,64.0623,43.2391,1.12191
7.5,64.1623,43.2576,1.11764
7.5,64.2623,43.2756,1.11337
7.5,64.3623,43.293,1.10911
7.5,64.4623,43.3099,1.10485
7.5,64.5623,43.3263,1.10061
7.5,64.6623,43.3421,1.09638
7.5,64.7623,43.3574,1.09215
7.5,64.8623,43.3722,1.08793
7.5,64.9623,43.3864,1.08372
7.5,65.0623,43.4001,1.07952
7.5,65.1623,43.4132,1.07533
7.5,65.2623,43.4257,1.07114
7.5,65.3623,43.4377,1.06697
7.5,65.4623,43.4491,1.0628
7.5,65.5623,43.4599,1.05864
7.5,65.6623,43.4701,1.05449
7.5,65.7623,43.4797,1.05034
7.5,65.8623,43.4887,1.04621
7.5,65.9623,43.4972,1.04208
7.5,66.0623,43.505,1.03797
7.5,66.1623,43.5121,1.03386
7.5,66.2623,43.5187,1.02975
7.5,66.3623,43.5246,1.02566
7.5,66.4623,43.5299,1.02157
7.5,66.5623,43.5346,1.0175
7.5,66.6623,43.5386,1.01343
7.5,66.7623,43.542,1.00937
7.5,66.8623,43.5446,1.00532
7.5,66.9623,43.5467,1.00127
7.5,67.0623,43.548,0.997236
7.5,67.1623,43.5487,0.993208
7.5,67.2623,43.5486,0.989188
7.5,67.3623,43.5479,0.985176
7.5,67.4623,43.5465,0.981173
7.5,67.5623,43.5444,0.977177
7.5,67.6623,43.5415,0.97319
7.5,67.7623,43.5379,0.969211
7.5,67.8623,43.5336,0.965241
7.5,67.9623,43.5286,0.961278
7.5,68.0623,43.5228,0.957323
7.5,68.1623,43.5162,0.953377
7.5,68.2623,43.5089,0.949439
7.5,68.3623,43.5009,0.945508
7.5,68.4623,43.492,0.941587
7.5,68.5623,43.4823,0.937673
7.5,68.6623,43.4719,0.933767
7.5,68.7623,43.4607,0.92987
7.5,68.8623,43.4486,0.92598
7.5,68.9623,43.4357,0.922099
7.5,69.0623,43.422,0.918226
7.5,69.1623,43.4075,0.914361
7.5,69.2623,43.3921,0.910504
7.5,69.3623,43.3758,0.906656
7.5,69.4623,43.3587,0.902816
7.5,69.5623,43.3407,0.898984
7.5,69.6623,43.3219,0.89516
7.5,69.7623,43.3021,0.891344
7.5,69.8623,43.2815,0.887537
7.5,69.9623,43.2599,0.883738
7.5,70.0623,43.2374,0.879947
7.5,70.1623,43.214,0.876164
7.5,70.2623,43.1896,0.87239
7.5,70.3623,43.1643,0.868624
7.5,70.4623,43.138,0.864866
7.5,70.5623,43.1108,0.861116
7.5,70.6623,43.0826,0.857375
7.5,70.7623,43.0533,0.853643
7.5,70.8623,43.0231,0.849918
7.5,70.9623,42.9919,0.846202
7.5,71.0623,42.9596,0.842495
7.5,71.1623,42.9263,0.838796
7.5,71.2623,42.8919,0.835105
7.5,71.3623,42.8565,0.831423
7.5,71.4623,42.82,0.82775
7.5,71.5623,42.7825,0.824084
7.5,71.6623,42.7438,0.820428
7.5,71.7623,42.7041,0.81678
7.5,71.8623,42.6632,0.813141
7.5,71.9623,42.6212,0.80951
7.5,72.0623,42.578,0.805888
7.5,72.1623,42.5337,0.802275
7.5,72.2623,42.4882,0.79867
7.5,72.3623,42.4415,0.795074
7.5,72.4623,42.3936,0.791487
7.5,72.5623,42.3446,0.787909
7.5,72.6623,42.2943,0.784339
7.5,72.7623,42.2427,0.780779
7.5,72.8623,42.1899,0.777227
7.5,72.9623,42.1359,0.773684
7.5,73.0623,42.0806,0.770151
7.5,73.1623,42.0239,0.766626
7.5,73.2623,41.966,0.76311
7.5,73.3623,41.9068,0.759604
7.5,73.4623,41.8462,0.756107
7.5,73.5623,41.7842,0.752619
7.5,73.6623,41.7209,0.74914
7.5,73.7623,41.6562,0.745671
7.5,73.8623,41.5901,0.74221
7.5,73.9623,41.5226,0.73876
7.5,74.0623,41.4537,0.735318
7.5,74.1623,41.3833,0.731887
7.5,74.2623,41.3115,0.728464
7.5,74.3623,41.2382,0.725052
7.5,74.4623,41.1633,0.721649
7.5,74.5623,41.087,0.718255
7.5,74.6623,41.0092,0.714872
7.5,74.7623,40.9298,0.711498
7.5,74.8623,40.8488,0.708135
7.5,74.9623,40.7662,0.704781
7.5,75.0623,40.6821,0.701437
7.5,75.1623,40.5963,0.698104
7.5,75.2623,40.5089,0.69478
7.5,75.3623,40.4198,0.691467
7.5,75.4623,40.3291,0.688164
7.5,75.5623,40.2367,0.684871
7.5,75.6623,40.1425,0.681589
7.5,75.7623,40.0467,0.678317
7.5,75.8623,39.9491,0.675056
7.5,75.9623,39.8497,0.671806
7.5,76.0623,39.7485,0.668566
7.5,76.1623,39.6455,0.665338
7.5,76.2623,39.5407,0.66212
7.5,76.3623,39.434,0.658913
7.5,76.4623,39.3255,0.655717
7.5,76.5623,39.215,0.652533
7.5,76.6623,39.1027,0.649359
7.5,76.7623,38.9884,0.646197
7.5,76.8623,38.8722,0.643047
7.5,76.9623,38.7539,0.639908
7.5,77.0623,38.6337,0.636781
7.5,77.1623,38.5115,0.633665
7.5,77.2623,38.3872,0.630562
7.5,77.3623,38.2609,0.62747
7.5,77.4623,38.1324,0.62439
7.5,77.5623,38.0019,0.621323
7.5,77.6623,37.8692,0.618268
7.5,77.7623,37.7344,0.615225
7.5,77.8623,37.5973,0.612195
7.5,77.9623,37.4581,0.609177
7.5,78.0623,37.3167,0.606172
7.5,78.1623,37.173,0.60318
7.5,78.2623,37.027,0.600201
7.5,78.3623,36.8787,0.597236
7.5,78.4623,36.7281,0.594283
7.5,78.5623,36.5752,0.591344
7.5,78.6623,36.4199,0.588418
7.5,78.7623,36.2622,0.585506
7.5,78.8623,36.1021,0.582608
7.5,78.9623,35.9395,0.579724
7.5,79.0623,35.7744,0.576854
7.5,79.1623,35.6069,0.573998
7.5,79.2623,35.4369,0.571156
7.5,79.3623,35.2643,0.568329
7.5,79.4623,35.0891,0.565517
7.5,79.5623,34.9113,0.562719
7.5,79.6623,34.731,0.559937
7.5,79.7623,34.5479,0.557169
7.5,79.8623,34.3623,0.554417
7.5,79.9623,34.1739,0.551681
7.5,80.0623,33.9828,0.54896
7.5,80.1623,33.789,0.546255
7.5,80.2623,33.5924,0.543566
7.5,80.3623,33.393,0.540893
7.5,80.4623,33.1908,0.538236
7.5,80.5623,32.9857,0.535596
7.5,80.6623,32.7778,0.532973
7.5,80.7623,32.567,0.530367
7.5,80.8623,32.3533,0.527778
7.5,80.9623,32.1367,0.525206
7.5,81.0623,31.9171,0.522652
7.5,81.1623,31.6945,0.520115
7.5,81.2623,31.4689,0.517597
7.5,81.3623,31.2403,0.515096
7.5,81.4623,31.0087,0.512614
7.5,81.5623,30.7739,0.510151
7.5,81.6623,30.5361,0.507706
7.5,81.7623,30.2952,0.50528
7.5,81.8623,30.0512,0.502874
7.5,81.9623,29.804,0.500486
7.5,82.0623,29.5536,0.498119
7.5,82.1623,29.3,0.495771
7.5,82.2623,29.0433,0.493444
7.5,82.3623,28.7833,0.491137
7.5,82.4623,28.52,0.48885
7.5,82.5623,28.2536,0.486584
7.5,82.6623,27.9838,0.48434
7.5,82.7623,27.7107,0.482116
7.5,82.8623,27.4344,0.479915
7.5,82.9623,27.1547,0.477735
7.5,83.0623,26.8718,0.475577
7.5,83.1623,26.5854,0.473441
7.5,83.2623,26.2958,0.471328
7.5,83.3623,26.0028,0.469238
7.5,83.4623,25.7064,0.467171
7.5,83.5623,25.4066,0.465128
7.5,83.6623,25.1035,0.463108
7.5,83.7623,24.797,0.461111
7.5,83.8623,24.4871,0.459139
7.5,83.9623,24.1738,0.457192
7.5,84.0623,23.8572,0.455269
7.5,84.1623,23.5371,0.453371
7.5,84.2623,23.2137,0.451499
7.5,84.3623,22.8869,0.449651
7.5,84.4623,22.5567,0.44783
7.5,84.5623,22.2232,0.446035
7.5,84.6623,21.8863,0.444266
7.5,84.7623,21.5461,0.442524
7.5,84.8623,21.2025,0.440808
7.5,84.9623,20.8556,0.43912
7.5,85.0623,20.5054,0.437459
7.5,85.1623,20.1519,0.435826
7.5,85.2623,19.7952,0.434221
7.5,85.3623,19.4352,0.432645
7.5,85.4623,19.0719,0.431097
7.5,85.5623,18.7055,0.429577
7.5,85.6623,18.3359,0.428087
7.5,85.7623,17.9632,0.426626
7.5,85.8623,17.5873,0.425195
7.5,85.9623,17.2084,0.423794
7.5,86.0623,16.8264,0.422423
7.5,86.1623,16.4414,0.421083
7.5,86.2623,16.0535,0.419773
7.5,86.3623,15.6626,0.418494
7.5,86.4623,15.2688,0.417246
7.5,86.5623,14.8722,0.41603
7.5,86.6623,14.4729,0.414846
7.5,86.7623,14.0708,0.413694
7.5,86.8623,13.666,0.412574
7.5,86.9623,13.2586,0.411486
7.5,87.0623,12.8486,0.410431
7.5,87.1623,12.4361,0.409409
7.5,87.2623,12.0211,0.40842
7.5,87.3623,11.6038,0.407465
7.5,87.4623,11.1841,0.406543
7.5,87.5623,10.7622,0.405655
7.5,87.6623,10.3382,0.404801
7.5,87.7623,9.91197,0.403981
7.5,87.8623,9.48375,0.403196
7.5,87.9623,9.05357,0.402445
7.5,88.0623,8.62151,0.401729
7.5,88.1623,8.18764,0.401048
7.5,88.2623,7.75206,0.400402
7.5,88.3623,7.31484,0.399791
7.5,88.4623,6.87607,0.399216
7.5,88.5623,6.43584,0.398676
7.5,88.6623,5.99423,0.398172
7.5,88.7623,5.55133,0.397704
7.5,88.8623,5.10723,0.397271
7.5,88.9623,4.66203,0.396875
7.5,89.0623,4.21582,0.396514
7.5,89.1623,3.7687,0.39619
7.5,89.2623,3.32075,0.395903
7.5,89.3623,2.87207,0.395651
7.5,89.4623,2.42276,0.395436
7.5,89.5623,1.97293,0.395258
7.5,89.6623,1.52266,0.395116
7.5,89.7623,1.07205,0.395011
7.5,89.8623,0.621212,0.394942
7.5,89.9623,0.170234,0.39491
8,7.18076,0,8
8,7.28076,0.162946,7.96062
8,7.38076,0.32372,7.92209
8,7.48076,0.482407,7.88435
8,7.58076,0.639087,7.84736
8,7.68076,0.793838,7.81105
8,7.78076,0.946733,7.7754
8,7.88076,1.09784,7.74035
8,7.98076,1.24723,7.70587
8,8.08076,1.39496,7.67193
8,8.18076,1.54109,7.63849
8,8.28076,1.68568,7.60552
8,8.38076,1.82878,7.57301
8,8.48076,1.97045,7.54091
8,8.58076,2.11073,7.50921
8,8.68076,2.24967,7.47789
8,8.78076,2.38732,7.44692
8,8.88076,2.52371,7.4163
8,8.98076,2.65889,7.38599
8,9.08076,2.79291,7.35599
8,9.18076,2.92579,7.32628
8,9.28076,3.05757,7.29685
8,9.38076,3.18828,7.26769
8,9.48076,3.31797,7.23877
8,9.58076,3.44666,7.2101
8,9.68076,3.57438,7.18166
8,9.78076,3.70115,7.15344
8,9.88076,3.82702,7.12544
8,9.98076,3.952,7.09763
8,10.0808,4.07612,7.07003
8,10.1808,4.19941,7.04262
8,10.2808,4.32189,7.01539
8,10.3808,4.44358,6.98833
8,10.4808,4.5645,6.96145
8,10.5808,4.68467,6.93473
8,10.6808,4.80413,6.90818
8,10.7808,4.92287,6.88178
8,10.8808,5.04093,6.85553
8,10.9808,5.15833,6.82943
8,11.0808,5.27507,6.80347
8,11.1808,5.39118,6.77765
8,11.2808,5.50667,6.75197
8,11.3808,5.62156,6.72642
8,11.4808,5.73586,6.701
8,11.5808,5.8496,6.67571
8,11.6808,5.96277,6.65055
8,11.7808,6.0754,6.6255
8,11.8808,6.1875,6.60058
8,11.9808,6.29908,6.57578
8,12.0808,6.41016,6.55109
8,12.1808,6.52074,6.52652
8,12.2808,6.63084,6.50206
8,12.3808,6.74047,6.47771
8,12.4808,6.84964,6.45347
8,12.5808,6.95836,6.42933
8,12.6808,7.06664,6.40531
8,12.7808,7.1745,6.38139
8,12.8808,7.28193,6.35758
8,12.9808,7.38895,6.33386
8,13.0808,7.49556,6.31025
8,13.1808,7.60179,6.28675
8,13.2808,7.70763,6.26334
8,13.3808,7.81309,6.24003
8,13.4808,7.91818,6.21682
8,13.5808,8.02292,6.19371
8,13.6808,8.1273,6.1707
8,13.7808,8.23133,6.14778
8,13.8808,8.33502,6.12496
8,13.9808,8.43838,6.10223
8,14.0808,8.54141,6.0796
8,14.1808,8.64413,6.05706
8,14.2808,8.74653,6.03462
8,14.3808,8.84862,6.01227
8,14.4808,8.95041,5.99001
8,14.5808,9.0519,5.96785
8,14.6808,9.15311,5.94578
8,14.7808,9.25403,5.92379
8,14.8808,9.35467,5.9019
8,14.9808,9.45503,5.8801
8,15.0808,9.55513,5.85839
8,15.1808,9.65496,5.83677
8,15.2808,9.75453,5.81525
8,15.3808,9.85384,5.7938
8,15.4808,9.9529,5.77245
8,15.5808,10.0517,5.75119
8,15.6808,10.1503,5.73002
8,15.7808,10.2486,5.70893
8,15.8808,10.3467,5.68793
8,15.9808,10.4446,5.66702
8,16.0808,10.5422,5.6462
8,16.1808,10.6397,5.62547
8,16.2808,10.7369,5.60482
8,16.3808,10.8339,5.58425
8,16.4808,10.9306,5.56378
8,16.5808,11.0272,5.54339
8,16.6808,11.1236,5.52308
8,16.7808,11.2197,5.50286
8,16.8808,11.3157,5.48273
8,16.9808,11.4114,5.46268
8,17.0808,11.507,5.44272
8,17.1808,11.6024,5.42284
8,17.2808,11.6976,5.40304
8,17.3808,11.7926,5.38333
8,17.4808,11.8874,5.36371
8,17.5808,11.982,5.34416
8,17.6808,12.0765,5.3247
8,17.7808,12.1708,5.30532
8,17.8808,12.2649,5.28603
8,17.9808,12.3588,5.26682
8,18.0808,12.4526,5.24769
8,18.1808,12.5462,5.22864
8,18.2808,12.6397,5.20967
8,18.3808,12.733,5.19079
8,18.4808,12.8261,5.17199
8,18.5808,12.9191,5.15326
8,18.6808,13.0119,5.13462
8,18.7808,13.1045,5.11606
8,18.8808,13.1971,5.09758
8,18.9808,13.2894,5.07918
8,19.0808,13.3816,5.06086
8,19.1808,13.4737,5.04261
8,19.2808,13.5656,5.02445
8,19.3808,13.6574,5.00636
8,19.4808,13.7491,4.98836
8,19.5808,13.8406,4.97043
8,19.6808,13.9319,4.95258
8,19.7808,14.0232,4.93481
8,19.8808,14.1143,4.91711
8,19.9808,14.2052,4.89949
8,20.0808,14.2961,4.88195
8,20.1808,14.3868,4.86449
8,20.2808,14.4774,4.8471
8,20.3808,14.5678,4.82979
8,20.4808,14.6581,4.81255
8,20.5808,14.7483,4.79539
8,20.6808,14.8384,4.7783
8,20.7808,14.9284,4.76129
8,20.8808,15.0182,4.74435
8,20.9808,15.1079,4.72749
8,21.0808,15.1975,4.7107
8,21.1808,15.287,4.69398
8,21.2808,15.3764,4.67734
8,21.3808,15.4656,4.66077
8,21.4808,15.5547,4.64427
8,21.5808,15.6438,4.62784
8,21.6808,15.7327,4.61149
8,21.7808,15.8215,4.59521
8,21.8808,15.9101,4.579
8,21.9808,15.9987,4.56286
8,22.0808,16.0872,4.54679
8,22.1808,16.1756,4.53079
8,22.2808,16.2638,4.51486
8,22.3808,16.352,4.499
8,22.4808,16.44,4.48321
8,22.5808,16.528,4.46749
8,22.6808,16.6158,4.45184
8,22.7808,16.7035,4.43625
8,22.8808,16.7912,4.42074
8,22.9808,16.8787,4.40529
8,23.0808,16.9661,4.38991
8,23.1808,17.0535,4.3746
8,23.2808,17.1407,4.35935
8,23.3808,17.2278,4.34417
8,23.4808,17.3149,4.32906
8,23.5808,17.4018,4.31401
8,23.6808,17.4887,4.29903
8,23.7808,17.5754,4.28411
8,23.8808,17.6621,4.26926
8,23.9808,17.7487,4.25447
8,24.0808,17.8351,4.23975
8,24.1808,17.9215,4.22509
8,24.2808,18.0078,4.21049
8,24.3808,18.094,4.19596
8,24.4808,18.1801,4.18149
8,24.5808,18.2661,4.16708
8,24.6808,18.352,4.15274
8,24.7808,18.4379,4.13846
8,24.8808,18.5236,4.12424
8,24.9808,18.6093,4.11008
8,25.0808,18.6948,4.09598
8,25.1808,18.7803,4.08194
8,25.2808,18.8657,4.06796
8,25.3808,18.951,4.05405
8,25.4808,19.0362,4.04019
8,25.5808,19.1214,4.02639
8,25.6808,19.2064,4.01265
8,25.7808,19.2914,3.99897
8,25.8808,19.3762,3.98535
8,25.9808,19.461,3.97179
8,26.0808,19.5457,3.95828
8,26.1808,19.6304,3.94484
8,26.2808,19.7149,3.93145
8,26.3808,19.7994,3.91811
8,26.4808,19.8837,3.90484
8,26.5808,19.968,3.89162
8,26.6808,20.0522,3.87845
8,26.7808,20.1364,3.86534
8,26.8808,20.2204,3.85229
8,26.9808,20.3044,3.83929
8,27.0808,20.3882,3.82635
8,27.1808,20.472,3.81346
8,27.2808,20.5558,3.80063
8,27.3808,20.6394,3.78785
8,27.4808,20.7229,3.77512
8,27.5808,20.8064,3.76245
8,27.6808,20.8898,3.74983
8,27.7808,20.9731,3.73726
8,27.8808,21.0564,3.72474
8,27.9808,21.1395,3.71228
8,28.0808,21.2226,3.69987
8,28.1808,21.3056,3.68751
8,28.2808,21.3885,3.6752
8,28.3808,21.4714,3.66294
8,28.4808,21.5541,3.65074
8,28.5808,21.6368,3.63858
8,28.6808,21.7194,3.62648
8,28.7808,21.8019,3.61442
8,28.8808,21.8844,3.60242
8,28.9808,21.9668,3.59046
8,29.0808,22.0491,3.57855
8,29.1808,22.1313,3.56669
8,29.2808,22.2134,3.55488
8,29.3808,22.2955,3.54312
8,29.4808,22.3775,3.5314
8,29.5808,22.4594,3.51974
8,29.6808,22.5412,3.50812
8,29.7808,22.623,3.49655
8,29.8808,22.7046,3.48502
8,29.9808,22.7862,3.47354
8,30.0808,22.8677,3.46211
8,30.1808,22.9492,3.45072
8,30.2808,23.0306,3.43938
8,30.3808,23.1118,3.42809
8,30.4808,23.1931,3.41684
8,30.5808,23.2742,3.40563
8,30.6808,23.3553,3.39447
8,30.7808,23.4362,3.38336
8,30.8808,23.5171,3.37229
8,30.9808,23.598,3.36126
8,31.0808,23.6787,3.35028
8,31.1808,23.7594,3.33934
8,31.2808,23.84,3.32844
8,31.3808,23.9205,3.31759
8,31.4808,24.001,3.30678
8,31.5808,24.0813,3.29601
8,31.6808,24.1616,3.28528
8,31.7808,24.2418,3.2746
8,31.8808,24.322,3.26395
8,31.9808,24.402,3.25335
8,32.0808,24.482,3.24279
8,32.1808,24.5619,3.23227
8,32.2808,24.6417,3.2218
8,32.3808,24.7215,3.21136
8,32.4808,24.8012,3.20096
8,32.5808,24.8808,3.19061
8,32.6808,24.9603,3.18029
8,32.7808,25.0397,3.17001
8,32.8808,25.1191,3.15977
8,32.9808,25.1984,3.14958
8,33.0808,25.2776,3.13942
8,33.1808,25.3567,3.12929
8,33.2808,25.4358,3.11921
8,33.3808,25.5147,3.10917
8,33.4808,25.5936,3.09916
8,33.5808,25.6724,3.08919
8,33.6808,25.7512,3.07926
8,33.7808,25.8298,3.06937
8,33.8808,25.9084,3.05951
8,33.9808,25.9869,3.04969
8,34.0808,26.0653,3.03991
8,34.1808,26.1437,3.03017
8,34.2808,26.2219,3.02046
8,34.3808,26.3001,3.01078
8,34.4808,26.3782,3.00115
8,34.5808,26.4563,2.99155
8,34.6808,26.5342,2.98198
8,34.7808,26.6121,2.97245
8,34.8808,26.6898,2.96295
8,34.9808,26.7675,2.95349
8,35.0808,26.8452,2.94407
8,35.1808,26.9227,2.93468
8,35.2808,27.0002,2.92532
8,35.3808,27.0775,2.916
8,35.4808,27.1548,2.90671
8,35.5808,27.232,2.89745
8,35.6808,27.3092,2.88823
8,35.7808,27.3862,2.87904
8,35.8808,27.4632,2.86988
8,35.9808,27.5401,2.86076
8,36.0808,27.6169,2.85167
8,36.1808,27.6936,2.84262
8,36.2808,27.7702,2.83359
8,36.3808,27.8468,2.8246
8,36.4808,27.9232,2.81564
8,36.5808,27.9996,2.80671
8,36.6808,28.0759,2.79781
8,36.7808,28.1521,2.78895
8,36.8808,28.2283,2.78011
8,36.9808,28.3043,2.77131
8,37.0808,28.3803,2.76254
8,37.1808,28.4561,2.7538
8,37.2808,28.5319,2.74508
8,37.3808,28.6076,2.7364
8,37.4808,28.6832,2.72775
8,37.5808,28.7587,2.71913
8,37.6808,28.8342,2.71054
8,37.7808,28.9095,2.70198
8,37.8808,28.9848,2.69345
8,37.9808,29.06,2.68495
8,38.0808,29.1351,2.67648
8,38.1808,29.21,2.66803
8,38.2808,29.285,2.65962
8,38.3808,29.3598,2.65123
8,38.4808,29.4345,2.64288
8,38.5808,29.5091,2.63455
8,38.6808,29.5837,2.62625
8,38.7808,29.6581,2.61797
8,38.8808,29.7325,2.60973
8,38.9808,29.8068,2.60151
8,39.0808,29.881,2.59332
8,39.1808,29.955,2.58516
8,39.2808,30.029,2.57703
8,39.3808,30.1029,2.56892
8,39.4808,30.1768,2.56084
8,39.5808,30.2505,2.55279
8,39.6808,30.3241,2.54476
8,39.7808,30.3976,2.53676
8,39.8808,30.4711,2.52879
8,39.9808,30.5444,2.52084
8,40.0808,30.6176,2.51292
8,40.1808,30.6908,2.50502
8,40.2808,30.7638,2.49715
8,40.3808,30.8368,2.48931
8,40.4808,30.9096,2.48149
8,40.5808,30.9824,2.4737
8,40.6808,31.055,2.46593
8,40.7808,31.1276,2.45819
8,40.8808,31.2001,2.45047
8,40.9808,31.2724,2.44278
8,41.0808,31.3447,2.43511
8,41.1808,31.4168,2.42746
8,41.2808,31.4889,2.41984
8,41.3808,31.5608,2.41225
8,41.4808,31.6327,2.40468
8,41.5808,31.7045,2.39713
8,41.6808,31.7761,2.38961
8,41.7808,31.8476,2.38211
8,41.8808,31.9191,2.37463
8,41.9808,31.9904,2.36718
8,42.0808,32.0617,2.35975
8,42.1808,32.1328,2.35235
8,42.2808,32.2038,2.34496
8,42.3808,32.2747,2.3376
8,42.4808,32.3455,2.33027
8,42.5808,32.4162,2.32295
8,42.6808,32.4868,2.31566
8,42.7808,32.5573,2.30839
8,42.8808,32.6277,2.30115
8,42.9808,32.6979,2.29392
8,43.0808,32.7681,2.28672
8,43.1808,32.8381,2.27954
8,43.2808,32.9081,2.27238
8,43.3808,32.9779,2.26524
8,43.4808,33.0476,2.25813
8,43.5808,33.1172,2.25103
8,43.6808,33.1867,2.24396
8,43.7808,33.256,2.23691
8,43.8808,33.3253,2.22988
8,43.9808,33.3944,2.22287
8,44.0808,33.4634,2.21589
8,44.1808,33.5323,2.20892
8,44.2808,33.6011,2.20197
8,44.3808,33.6698,2.19505
8,44.4808,33.7383,2.18814
8,44.5808,33.8068,2.18126
8,44.6808,33.8751,2.17439
8,44.7808,33.9433,2.16755
8,44.8808,34.0113,2.16072
8,44.9808,34.0793,2.15392
8,45.0808,34.1471,2.14714
8,45.1808,34.2148,2.14037
8,45.2808,34.2824,2.13363
8,45.3808,34.3498,2.1269
8,45.4808,34.4171,2.12019
8,45.5808,34.4843,2.11351
8,45.6808,34.5514,2.10684
8,45.7808,34.6184,2.10019
8,45.8808,34.6852,2.09356
8,45.9808,34.7519,2.08695
8,46.0808,34.8184,2.08036
8,46.1808,34.8849,2.07379
8,46.2808,34.9511,2.06723
8,46.3808,35.0173,2.0607
8,46.4808,35.0833,2.05418
8,46.5808,35.1492,2.04768
8,46.6808,35.215,2.0412
8,46.7808,35.2806,2.03474
8,46.8808,35.3461,2.02829
8,46.9808,35.4115,2.02187
8,47.0808,35.4767,2.01546
8,47.1808,35.5418,2.00907
8,47.2808,35.6067,2.00269
8,47.3808,35.6715,1.99634
8,47.4808,35.7362,1.99
8,47.5808,35.8007,1.98368
8,47.6808,35.8651,1.97737
8,47.7808,35.9293,1.97109
8,47.8808,35.9934,1.96482
8,47.9808,36.0573,1.95857
8,48.0808,36.1211,1.95233
8,48.1808,36.1848,1.94611
8,48.2808,36.2483,1.93991
8,48.3808,36.3116,1.93373
8,48.4808,36.3748,1.92756
8,48.5808,36.4379,1.92141
8,48.6808,36.5008,1.91527
8,48.7808,36.5635,1.90915
8,48.8808,36.6261,1.90305
8,48.9808,36.6885,1.89696
8,49.0808,36.7508,1.89089
8,49.1808,36.8129,1.88484
8,49.2808,36.8749,1.8788
8,49.3808,36.9367,1.87278
8,49.4808,36.9984,1.86677
8,49.5808,37.0598,1.86078
8,49.6808,37.1212,1.85481
8,49.7808,37.1823,1.84885
8,49.8808,37.2433,1.8429
8,49.9808,37.3042,1.83697
8,50.0808,37.3648,1.83106
8,50.1808,37.4253,1.82516
8,50.2808,37.4857,1.81928
8,50.3808,37.5458,1.81341
8,50.4808,37.6058,1.80756
8,50.5808,37.6656,1.80172
8,50.6808,37.7253,1.7959
8,50.7808,37.7848,1.79009
8,50.8808,37.8441,1.78429
8,50.9808,37.9032,1.77851
8,51.0808,37.9621,1.77275
8,51.1808,38.0209,1.767
8,51.2808,38.0795,1.76127
8,51.3808,38.1379,1.75554
8,51.4808,38.1961,1.74984
8,51.5808,38.2542,1.74414
8,51.6808,38.312,1.73847
8,51.7808,38.3697,1.7328
8,51.8808,38.4272,1.72715
8,51.9808,38.4845,1.72152
8,52.0808,38.5416,1.71589
8,52.1808,38.5985,1.71028
8,52.2808,38.6552,1.70469
8,52.3808,38.7117,1.69911
8,52.4808,38.768,1.69354
8,52.5808,38.8242,1.68799
8,52.6808,38.8801,1.68245
8,52.7808,38.9359,1.67692
8,52.8808,38.9914,1.67141
8,52.9808,39.0467,1.66591
8,53.0808,39.1018,1.66042
8,53.1808,39.1568,1.65495
8,53.2808,39.2115,1.64948
8,53.3808,39.266,1.64404
8,53.4808,39.3203,1.6386
8,53.5808,39.3744,1.63318
8,53.6808,39.4282,1.62777
8,53.7808,39.4819,1.62238
8,53.8808,39.5353,1.61699
8,53.9808,39.5886,1.61162
8,54.0808,39.6416,1.60626
8,54.1808,39.6944,1.60092
8,54.2808,39.7469,1.59559
8,54.3808,39.7993,1.59026
8,54.4808,39.8514,1.58496
8,54.5808,39.9033,1.57966
8,54.6808,39.9549,1.57438
8,54.7808,40.0064,1.56911
8,54.8808,40.0576,1.56385
8,54.9808,40.1085,1.5586
8,55.0808,40.1592,1.55337
8,55.1808,40.2097,1.54814
8,55.2808,40.26,1.54293
8,55.3808,40.31,1.53773
8,55.4808,40.3597,1.53255
8,55.5808,40.4093,1.52737
8,55.6808,40.4585,1.52221
8,55.7808,40.5075,1.51706
8,55.8808,40.5563,1.51192
8,55.9808,40.6048,1.50679
8,56.0808,40.6531,1.50167
8,56.1808,40.7011,1.49657
8,56.2808,40.7489,1.49147
8,56.3808,40.7963,1.48639
8,56.4808,40.8436,1.48132
8,56.5808,40.8905,1.47626
8,56.6808,40.9372,1.47121
8,56.7808,40.9836,1.46618
8,56.8808,41.0298,1.46115
8,56.9808,41.0757,1.45613
8,57.0808,41.1213,1.45113
8,57.1808,41.1666,1.44614
8,57.2808,41.2117,1.44116
8,57.3808,41.2564,1.43618
8,57.4808,41.3009,1.43122
8,57.5808,41.3451,1.42628
8,57.6808,41.389,1.42134
8,57.7808,41.4326,1.41641
8,57.8808,41.476,1.41149
8,57.9808,41.519,1.40659
8,58.0808,41.5617,1.40169
8,58.1808,41.6042,1.39681
8,58.2808,41.6463,1.39193
8,58.3808,41.6881,1.38707
8,58.4808,41.7296,1.38221
8,58.5808,41.7708,1.37737
8,58.6808,41.8117,1.37254
8,58.7808,41.8523,1.36772
8,58.8808,41.8925,1.3629
8,58.9808,41.9325,1.3581
8,59.0808,41.9721,1.35331
8,59.1808,42.0114,1.34853
8,59.2808,42.0503,1.34376
8,59.3808,42.0889,1.339
8,59.4808,42.1272,1.33424
8,59.5808,42.1652,1.3295
8,59.6808,42.2028,1.32477
8,59.7808,42.2401,1.32005
8,59.8808,42.277,1.31534
8,59.9808,42.3136,1.31064
8,60.0808,42.3498,1.30595
8,60.1808,42.3856,1.30126
8,60.2808,42.4212,1.29659
8,60.3808,42.4563,1.29193
8,60.4808,42.4911,1.28728
8,60.5808,42.5255,1.28263
8,60.6808,42.5595,1.278
8,60.7808,42.5932,1.27338
8,60.8808,42.6265,1.26876
8,60.9808,42.6594,1.26416
8,61.0808,42.692,1.25956
8,61.1808,42.7241,1.25498
8,61.2808,42.7558,1.2504
8,61.3808,42.7872,1.24584
8,61.4808,42.8182,1.24128
8,61.5808,42.8487,1.23673
8,61.6808,42.8789,1.23219
8,61.7808,42.9086,1.22766
8,61.8808,42.938,1.22314
8,61.9808,42.9669,1.21863
8,62.0808,42.9954,1.21413
8,62.1808,43.0235,1.20964
8,62.2808,43.0511,1.20515
8,62.3808,43.0783,1.20068
8,62.4808,43.1051,1.19621
8,62.5808,43.1315,1.19176
8,62.6808,43.1574,1.18731
8,62.7808,43.1829,1.18287
8,62.8808,43.2079,1.17844
8,62.9808,43.2324,1.17402
8,63.0808,43.2565,1.16961
8,63.1808,43.2802,1.16521
8,63.2808,43.3033,1.16082
8,63.3808,43.326,1.15643
8,63.4808,43.3482,1.15206
8,63.5808,43.37,1.14769
8,63.6808,43.3912,1.14333
8,63.7808,43.412,1.13898
8,63.8808,43.4323,1.13464
8,63.9808,43.452,1.13031
8,64.0808,43.4713,1.12599
8,64.1808,43.4901,1.12167
8,64.2808,43.5083,1.11736
8,64.3808,43.526,1.11307
8,64.4808,43.5432,1.10878
8,64.5808,43.5599,1.1045
8,64.6808,43.5761,1.10023
8,64.7808,43.5917,1.09597
8,64.8808,43.6067,1.09171
8,64.9808,43.6213,1.08747
8,65.0808,43.6352,1.08323
8,65.1808,43.6486,1.079
8,65.2808,43.6615,1.07478
8,65.3808,43.6737,1.07057
8,65.4808,43.6854,1.06636
8,65.5808,43.6965,1.06217
8,65.6808,43.7071,1.05798
8,65.7808,43.717,1.05381
8,65.8808,43.7263,1.04964
8,65.9808,43.7351,1.04547
8,66.0808,43.7432,1.04132
8,66.1808,43.7507,1.03718
8,66.2808,43.7576,1.03304
8,66.3808,43.7639,1.02891
8,66.4808,43.7695,1.02479
8,66.5808,43.7745,1.02068
8,66.6808,43.7788,1.01658
8,66.7808,43.7825,1.01249
8,66.8808,43.7855,1.0084
8,66.9808,43.7878,1.00432
8,67.0808,43.7895,1.00025
8,67.1808,43.7905,0.996193
8,67.2808,43.7908,0.99214
8,67.3808,43.7904,0.988095
8,67.4808,43.7893,0.984059
8,67.5808,43.7875,0.980031
8,67.6808,43.785,0.976011
8,67.7808,43.7818,0.971999
8,67.8808,43.7778,0.967996
8,67.9808,43.7731,0.964001
8,68.0808,43.7677,0.960014
8,68.1808,43.7614,0.956035
8,68.2808,43.7545,0.952065
8,68.3808,43.7467,0.948103
8,68.4808,43.7382,0.944149
8,68.5808,43.7289,0.940203
8,68.6808,43.7188,0.936266
8,68.7808,43.7079,0.932337
8,68.8808,43.6962,0.928416
8,68.9808,43.6837,0.924503
8,69.0808,43.6703,0.920599
8,69.1808,43.6561,0.916703
8,69.2808,43.6411,0.912815
8,69.3808,43.6252,0.908935
8,69.4808,43.6084,0.905064
8,69.5808,43.5908,0.901201
8,69.6808,43.5723,0.897346
8,69.7808,43.5528,0.8935
8,69.8808,43.5325,0.889662
8,69.9808,43.5113,0.885832
8,70.0808,43.4892,0.882011
8,70.1808,43.4661,0.878198
8,70.2808,43.4421,0.874393
8,70.3808,43.4171,0.870597
8,70.4808,43.3912,0.866809
8,70.5808,43.3643,0.863029
8,70.6808,43.3364,0.859258
8,70.7808,43.3075,0.855496
8,70.8808,43.2776,0.851741
8,70.9808,43.2467,0.847996
8,71.0808,43.2148,0.844258
8,71.1808,43.1818,0.84053
8,71.2808,43.1478,0.83681
8,71.3808,43.1127,0.833098
8,71.4808,43.0766,0.829395
8,71.5808,43.0394,0.8257
8,71.6808,43.001,0.822014
8,71.7808,42.9616,0.818337
8,71.8808,42.921,0.814669
8,71.9808,42.8793,0.811009
8,72.0808,42.8365,0.807358
8,72.1808,42.7925,0.803715
8,72.2808,42.7473,0.800082
8,72.3808,42.701,0.796457
8,72.4808,42.6534,0.792841
8,72.5808,42.6046,0.789234
8,72.6808,42.5546,0.785636
8,72.7808,42.5034,0.782047
8,72.8808,42.4509,0.778466
8,72.9808,42.3972,0.774895
8,73.0808,42.3421,0.771333
8,73.1808,42.2858,0.76778
8,73.2808,42.2282,0.764236
8,73.3808,42.1692,0.760701
8,73.4808,42.1089,0.757176
8,73.5808,42.0472,0.75366
8,73.6808,41.9842,0.750153
8,73.7808,41.9197,0.746655
8,73.8808,41.8539,0.743167
8,73.9808,41.7867,0.739688
8,74.0808,41.718,0.736219
8,74.1808,41.6478,0.732759
8,74.2808,41.5762,0.729309
8,74.3808,41.5031,0.725869
8,74.4808,41.4285,0.722438
8,74.5808,41.3524,0.719017
8,74.6808,41.2748,0.715606
8,74.7808,41.1956,0.712205
8,74.8808,41.1148,0.708814
8,74.9808,41.0324,0.705432
8,75.0808,40.9485,0.702061
8,75.1808,40.8629,0.6987
8,75.2808,40.7756,0.695349
8,75.3808,40.6867,0.692009
8,75.4808,40.5961,0.688679
8,75.5808,40.5038,0.685359
8,75.6808,40.4098,0.682049
8,75.7808,40.3141,0.678751
8,75.8808,40.2166,0.675463
8,75.9808,40.1173,0.672185
8,76.0808,40.0162,0.668919
8,76.1808,39.9133,0.665663
8,76.2808,39.8085,0.662418
8,76.3808,39.7019,0.659185
8,76.4808,39.5934,0.655962
8,76.5808,39.483,0.652751
8,76.6808,39.3706,0.649551
8,76.7808,39.2563,0.646362
8,76.8808,39.1401,0.643185
8,76.9808,39.0218,0.640019
8,77.0808,38.9016,0.636866
8,77.1808,38.7793,0.633724
8,77.2808,38.6549,0.630594
8,77.3808,38.5285,0.627476
8,77.4808,38.3999,0.62437
8,77.5808,38.2692,0.621276
8,77.6808,38.1364,0.618195
8,77.7808,38.0014,0.615126
8,77.8808,37.8642,0.612069
8,77.9808,37.7248,0.609026
8,78.0808,37.5831,0.605995
8,78.1808,37.4392,0.602977
8,78.2808,37.2929,0.599972
8,78.3808,37.1444,0.59698
8,78.4808,36.9935,0.594002
8,78.5808,36.8402,0.591037
8,78.6808,36.6845,0.588086
8,78.7808,36.5264,0.585148
8,78.8808,36.3659,0.582224
8,78.9808,36.2029,0.579314
8,79.0808,36.0374,0.576419
8,79.1808,35.8694,0.573538
8,79.2808,35.6988,0.570671
8,79.3808,35.5257,0.567818
8,79.4808,35.3499,0.564981
8,79.5808,35.1716,0.562158
8,79.6808,34.9906,0.559351
8,79.7808,34.8069,0.556558
8,79.8808,34.6205,0.553781
8,79.9808,34.4314,0.55102
8,80.0808,34.2396,0.548274
8,80.1808,34.045,0.545545
8,80.2808,33.8475,0.542831
8,80.3808,33.6473,0.540134
8,80.4808,33.4442,0.537453
8,80.5808,33.2382,0.534789
8,80.6808,33.0293,0.532142
8,80.7808,32.8175,0.529511
8,80.8808,32.6027,0.526898
8,80.9808,32.385,0.524302
8,81.0808,32.1643,0.521724
8,81.1808,31.9405,0.519164
8,81.2808,31.7137,0.516622
8,81.3808,31.4838,0.514098
8,81.4808,31.2509,0.511593
8,81.5808,31.0148,0.509106
8,81.6808,30.7756,0.506638
8,81.7808,30.5332,0.504189
8,81.8808,30.2876,0.50176
8,81.9808,30.0389,0.49935
8,82.0808,29.7869,0.49696
8,82.1808,29.5317,0.49459
8,82.2808,29.2732,0.49224
8,82.3808,29.0114,0.489911
8,82.4808,28.7464,0.487602
8,82.5808,28.478,0.485315
8,82.6808,28.2063,0.483048
8,82.7808,27.9313,0.480804
8,82.8808,27.6529,0.478581
8,82.9808,27.3712,0.47638
8,83.0808,27.086,0.474201
8,83.1808,26.7975,0.472044
8,83.2808,26.5055,0.469911
8,83.3808,26.2101,0.4678
8,83.4808,25.9114,0.465713
8,83.5808,25.6091,0.46365
8,83.6808,25.3035,0.46161
8,83.7808,24.9944,0.459594
8,83.8808,24.6818,0.457603
8,83.9808,24.3658,0.455637
8,84.0808,24.0463,0.453695
8,84.1808,23.7234,0.451778
8,84.2808,23.3971,0.449888
8,84.3808,23.0673,0.448022
8,84.4808,22.734,0.446183
8,84.5808,22.3973,0.444371
8,84.6808,22.0572,0.442585
8,84.7808,21.7137,0.440825
8,84.8808,21.3668,0.439093
8,84.9808,21.0164,0.437389
8,85.0808,20.6628,0.435712
8,85.1808,20.3057,0.434063
8,85.2808,19.9453,0.432443
8,85.3808,19.5816,0.430851
8,85.4808,19.2146,0.429289
8,85.5808,18.8443,0.427755
8,85.6808,18.4708,0.426251
8,85.7808,18.0941,0.424776
8,85.8808,17.7142,0.423332
8,85.9808,17.3311,0.421918
8,86.0808,16.9449,0.420534
8,86.1808,16.5557,0.419182
8,86.2808,16.1634,0.41786
8,86.3808,15.7682,0.41657
8,86.4808,15.3699,0.415311
8,86.5808,14.9688,0.414085
8,86.6808,14.5649,0.41289
8,86.7808,14.1581,0.411728
8,86.8808,13.7486,0.410599
8,86.9808,13.3364,0.409502
8,87.0808,12.9216,0.408439
8,87.1808,12.5043,0.407409
8,87.2808,12.0844,0.406413
8,87.3808,11.6621,0.40545
8,87.4808,11.2374,0.404522
8,87.5808,10.8104,0.403628
8,87.6808,10.3812,0.402768
8,87.7808,9.94982,0.401944
8,87.8808,9.51638,0.401154
8,87.9808,9.08094,0.400399
8,88.0808,8.64358,0.399679
8,88.1808,8.20438,0.398995
8,88.2808,7.76343,0.398346
8,88.3808,7.32081,0.397733
8,88.4808,6.87662,0.397157
8,88.5808,6.43093,0.396616
8,88.6808,5.98384,0.396111
8,88.7808,5.53545,0.395643
8,88.8808,5.08584,0.395211
8,88.9808,4.63511,0.394815
8,89.0808,4.18336,0.394457
8,89.1808,3.73068,0.394135
8,89.2808,3.27718,0.39385
8,89.3808,2.82294,0.393602
8,89.4808,2.36808,0.39339
8,89.5808,1.91269,0.393216
8,89.6808,1.45686,0.393079
8,89.7808,1.00072,0.392979
8,89.8808,0.544347,0.392916
8,89.9808,0.0878539,0.392891
8.5,6.75633,0,8.5
8.5,6.85633,0.163171,8.4559
8.5,6.95633,0.324033,8.41281
8.5,7.05633,0.482681,8.37066
8.5,7.15633,0.639208,8.32939
8.5,7.25633,0.793699,8.28892
8.5,7.35633,0.946236,8.24921
8.5,7.45633,1.0969,8.21021
8.5,7.55633,1.24575,8.17187
8.5,7.65633,1.39288,8.13415
8.5,7.75633,1.53833,8.097
8.5,7.85633,1.68218,8.06041
8.5,7.95633,1.82449,8.02432
8.5,8.05633,1.96531,7.98871
8.5,8.15633,2.10469,7.95356
8.5,8.25633,2.24269,7.91884
8.5,8.35633,2.37935,7.88452
8.5,8.45633,2.51472,7.85059
8.5,8.55633,2.64886,7.81702
8.5,8.65633,2.78178,7.78379
8.5,8.75633,2.91355,7.75089
8.5,8.85633,3.0442,7.7183
8.5,8.95633,3.17376,7.68601
8.5,9.05633,3.30227,7.65401
8.5,9.15633,3.42976,7.62227
8.5,9.25633,3.55627,7.59079
8.5,9.35633,3.68182,7.55956
8.5,9.45633,3.80645,7.52857
8.5,9.55633,3.93019,7.49781
8.5,9.65633,4.05305,7.46727
8.5,9.75633,4.17508,7.43694
8.5,9.85633,4.29629,7.40681
8.5,9.95633,4.4167,7.37689
8.5,10.0563,4.53635,7.34715
8.5,10.1563,4.65524,7.3176
8.5,10.2563,4.77341,7.28823
8.5,10.3563,4.89088,7.25904
8.5,10.4563,5.00766,7.23001
8.5,10.5563,5.12377,7.20115
8.5,10.6563,5.23923,7.17245
8.5,10.7563,5.35406,7.14391
8.5,10.8563,5.46828,7.11552
8.5,10.9563,5.5819,7.08728
8.5,11.0563,5.69493,7.05919
8.5,11.1563,5.8074,7.03125
8.5,11.2563,5.91931,7.00344
8.5,11.3563,6.03069,6.97578
8.5,11.4563,6.14154,6.94825
8.5,11.5563,6.25188,6.92085
8.5,11.6563,6.36172,6.89359
8.5,11.7563,6.47107,6.86646
8.5,11.8563,6.57995,6.83946
8.5,11.9563,6.68837,6.81258
8.5,12.0563,6.79633,6.78583
8.5,12.1563,6.90385,6.75921
8.5,12.2563,7.01093,6.73271
8.5,12.3563,7.1176,6.70632
8.5,12.4563,7.22385,6.68006
8.5,12.5563,7.32971,6.65392
8.5,12.6563,7.43516,6.6279
8.5,12.7563,7.54024,6.60199
8.5,12.8563,7.64493,6.5762
8.5,12.9563,7.74926,6.55053
8.5,13.0563,7.85323,6.52497
8.5,13.1563,7.95684,6.49952
8.5,13.2563,8.06011,6.47419
8.5,13.3563,8.16305,6.44897
8.5,13.4563,8.26565,6.42386
8.5,13.5563,8.36793,6.39886
8.5,13.6563,8.46989,6.37397
8.5,13.7563,8.57154,6.3492
8.5,13.8563,8.67289,6.32453
8.5,13.9563,8.77393,6.29997
8.5,14.0563,8.87469,6.27552
8.5,14.1563,8.97516,6.25118
8.5,14.2563,9.07534,6.22695
8.5,14.3563,9.17526,6.20282
8.5,14.4563,9.2749,6.1788
8.5,14.5563,9.37427,6.15489
8.5,14.6563,9.47339,6.13108
8.5,14.7563,9.57224,6.10738
8.5,14.8563,9.67085,6.08378
8.5,14.9563,9.76921,6.06029
8.5,15.0563,9.86733,6.0369
8.5,15.1563,9.96521,6.01362
8.5,15.2563,10.0629,5.99044
8.5,15.3563,10.1603,5.96737
8.5,15.4563,10.2575,5.94439
8.5,15.5563,10.3544,5.92153
8.5,15.6563,10.4512,5.89876
8.5,15.7563,10.5477,5.8761
8.5,15.8563,10.6441,5.85353
8.5,15.9563,10.7402,5.83107
8.5,16.0563,10.8361,5.80872
8.5,16.1563,10.9318,5.78646
8.5,16.2563,11.0273,5.7643
8.5,16.3563,11.1227,5.74225
8.5,16.4563,11.2178,5.72029
8.5,16.5563,11.3127,5.69843
8.5,16.6563,11.4075,5.67668
8.5,16.7563,11.5021,5.65502
8.5,16.8563,11.5965,5.63346
8.5,16.9563,11.6907,5.612
8.5,17.0563,11.7847,5.59064
8.5,17.1563,11.8786,5.56937
8.5,17.2563,11.9723,5.54821
8.5,17.3563,12.0659,5.52714
8.5,17.4563,12.1592,5.50617
8.5,17.5563,12.2525,5.48529
8.5,17.6563,12.3455,5.46451
8.5,17.7563,12.4384,5.44383
8.5,17.8563,12.5311,5.42324
8.5,17.9563,12.6237,5.40275
8.5,18.0563,12.7162,5.38235
8.5,18.1563,12.8084,5.36205
8.5,18.2563,12.9006,5.34184
8.5,18.3563,12.9926,5.32172
8.5,18.4563,13.0844,5.3017
8.5,18.5563,13.1761,5.28177
8.5,18.6563,13.2677,5.26193
8.5,18.7563,13.3591,5.24219
8.5,18.8563,13.4504,5.22254
8.5,18.9563,13.5416,5.20298
8.5,19.0563,13.6326,5.18351
8.5,19.1563,13.7235,5.16413
8.5,19.2563,13.8142,5.14485
8.5,19.3563,13.9049,5.12565
8.5,19.4563,13.9954,5.10654
8.5,19.5563,14.0857,5.08752
8.5,19.6563,14.176,5.06859
8.5,19.7563,14.2661,5.04975
8.5,19.8563,14.3561,5.031
8.5,19.9563,14.446,5.01234
8.5,20.0563,14.5358,4.99376
8.5,20.1563,14.6254,4.97527
8.5,20.2563,14.715,4.95687
8.5,20.3563,14.8044,4.93855
8.5,20.4563,14.8937,4.92032
8.5,20.5563,14.9829,4.90218
8.5,20.6563,15.0719,4.88412
8.5,20.7563,15.1609,4.86614
8.5,20.8563,15.2498,4.84825
8.5,20.9563,15.3385,4.83044
8.5,21.0563,15.4272,4.81272
8.5,21.1563,15.5157,4.79508
8.5,21.2563,15.6041,4.77752
8.5,21.3563,15.6924,4.76004
8.5,21.4563,15.7806,4.74265
8.5,21.5563,15.8688,4.72534
8.5,21.6563,15.9568,4.70811
8.5,21.7563,16.0447,4.69096
8.5,21.8563,16.1325,4.67388
8.5,21.9563,16.2202,4.65689
8.5,22.0563,16.3078,4.63998
8.5,22.1563,16.3953,4.62315
8.5,22.2563,16.4827,4.6064
8.5,22.3563,16.57,4.58972
8.5,22.4563,16.6573,4.57313
8.5,22.5563,16.7444,4.55661
8.5,22.6563,16.8314,4.54016
8.5,22.7563,16.9184,4.5238
8.5,22.8563,17.0052,4.50751
8.5,22.9563,17.092,4.49129
8.5,23.0563,17.1786,4.47515
8.5,23.1563,17.2652,4.45909
8.5,23.2563,17.3517,4.4431
8.5,23.3563,17.438,4.42718
8.5,23.4563,17.5243,4.41134
8.5,23.5563,17.6105,4.39557
8.5,23.6563,17.6967,4.37988
8.5,23.7563,17.7827,4.36425
8.5,23.8563,17.8686,4.3487
8.5,23.9563,17.9545,4.33323
8.5,24.0563,18.0403,4.31782
8.5,24.1563,18.126,4.30248
8.5,24.2563,18.2116,4.28721
8.5,24.3563,18.2971,4.27202
8.5,24.4563,18.3825,4.25689
8.5,24.5563,18.4679,4.24184
8.5,24.6563,18.5531,4.22685
8.5,24.7563,18.6383,4.21193
8.5,24.8563,18.7234,4.19708
8.5,24.9563,18.8084,4.18229
8.5,25.0563,18.8933,4.16758
8.5,25.1563,18.9782,4.15293
8.5,25.2563,19.063,4.13835
8.5,25.3563,19.1477,4.12383
8.5,25.4563,19.2323,4.10938
8.5,25.5563,19.3168,4.095
8.5,25.6563,19.4012,4.08068
8.5,25.7563,19.4856,4.06642
8.5,25.8563,19.5699,4.05223
8.5,25.9563,19.6541,4.03811
8.5,26.0563,19.7382,4.02404
8.5,26.1563,19.8223,4.01004
8.5,26.2563,19.9063,3.99611
8.5,26.3563,19.9902,3.98223
8.5,26.4563,20.074,3.96842
8.5,26.5563,20.1577,3.95467
8.5,26.6563,20.2414,3.94098
8.5,26.7563,20.325,3.92735
8.5,26.8563,20.4085,3.91379
8.5,26.9563,20.4919,3.90028
8.5,27.0563,20.5753,3.88683
8.5,27.1563,20.6586,3.87344
8.5,27.2563,20.7418,3.86012
8.5,27.3563,20.8249,3.84685
8.5,27.4563,20.908,3.83364
8.5,27.5563,20.9909,3.82048
8.5,27.6563,21.0738,3.80739
8.5,27.7563,21.1567,3.79435
8.5,27.8563,21.2394,3.78137
8.5,27.9563,21.3221,3.76845
8.5,28.0563,21.4047,3.75558
8.5,28.1563,21.4873,3.74277
8.5,28.2563,21.5697,3.73001
8.5,28.3563,21.6521,3.71731
8.5,28.4563,21.7344,3.70467
8.5,28.5563,21.8166,3.69208
8.5,28.6563,21.8988,3.67954
8.5,28.7563,21.9809,3.66706
8.5,28.8563,22.0629,3.65463
8.5,28.9563,22.1448,3.64226
8.5,29.0563,22.2267,3.62994
8.5,29.1563,22.3085,3.61767
8.5,29.2563,22.3902,3.60545
8.5,29.3563,22.4719,3.59329
8.5,29.4563,22.5534,3.58118
8.5,29.5563,22.6349,3.56912
8.5,29.6563,22.7164,3.55711
8.5,29.7563,22.7977,3.54515
8.5,29.8563,22.879,3.53324
8.5,29.9563,22.9602,3.52138
8.5,30.0563,23.0413,3.50958
8.5,30.1563,23.1224,3.49782
8.5,30.2563,23.2034,3.48611
8.5,30.3563,23.2843,3.47445
8.5,30.4563,23.3651,3.46284
8.5,30.5563,23.4459,3.45128
8.5,30.6563,23.5266,3.43976
8.5,30.7563,23.6072,3.4283
8.5,30.8563,23.6878,3.41688
8.5,30.9563,23.7682,3.40551
8.5,31.0563,23.8486,3.39418
8.5,31.1563,23.929,3.3829
8.5,31.2563,24.0092,3.37167
8.5,31.3563,24.0894,3.36049
8.5,31.4563,24.1695,3.34935
8.5,31.5563,24.2496,3.33826
8.5,31.6563,24.3295,3.32721
8.5,31.7563,24.4094,3.3162
8.5,31.8563,24.4892,3.30524
8.5,31.9563,24.569,3.29433
8.5,32.0563,24.6486,3.28346
8.5,32.1563,24.7282,3.27263
8.5,32.2563,24.8077,3.26185
8.5,32.3563,24.8872,3.25111
8.5,32.4563,24.9666,3.24042
8.5,32.5563,25.0459,3.22976
8.5,32.6563,25.1251,3.21915
8.5,32.7563,25.2042,3.20859
8.5,32.8563,25.2833,3.19806
8.5,32.9563,25.3623,3.18758
8.5,33.0563,25.4412,3.17713
8.5,33.1563,25.5201,3.16673
8.5,33.2563,25.5988,3.15637
8.5,33.3563,25.6775,3.14605
8.5,33.4563,25.7562,3.13577
8.5,33.5563,25.8347,3.12553
8.5,33.6563,25.9132,3.11534
8.5,33.7563,25.9916,3.10518
8.5,33.8563,26.0699,3.09506
8.5,33.9563,26.1481,3.08498
8.5,34.0563,26.2263,3.07494
8.5,34.1563,26.3044,3.06494
8.5,34.2563,26.3824,3.05497
8.5,34.3563,26.4604,3.04505
8.5,34.4563,26.5382,3.03516
8.5,34.5563,26.616,3.02531
8.5,34.6563,26.6937,3.0155
8.5,34.7563,26.7713,3.00573
8.5,34.8563,26.8489,2.996
8.5,34.9563,26.9264,2.9863
8.5,35.0563,27.0038,2.97663
8.5,35.1563,27.0811,2.96701
8.5,35.2563,27.1583,2.95742
8.5,35.3563,27.2355,2.94787
8.5,35.4563,27.3125,2.93835
8.5,35.5563,27.3896,2.92887
8.5,35.6563,27.4665,2.91942
8.5,35.7563,27.5433,2.91001
8.5,35.8563,27.6201,2.90064
8.5,35.9563,27.6968,2.8913
8.5,36.0563,27.7734,2.88199
8.5,36.1563,27.8499,2.87272
8.5,36.2563,27.9263,2.86348
8.5,36.3563,28.0027,2.85428
8.5,36.4563,28.079,2.84511
8.5,36.5563,28.1551,2.83597
8.5,36.6563,28.2313,2.82687
8.5,36.7563,28.3073,2.8178
8.5,36.8563,28.3832,2.80877
8.5,36.9563,28.4591,2.79976
8.5,37.0563,28.5349,2.79079
8.5,37.1563,28.6106,2.78185
8.5,37.2563,28.6862,2.77295
8.5,37.3563,28.7617,2.76407
8.5,37.4563,28.8372,2.75523
8.5,37.5563,28.9125,2.74642
8.5,37.6563,28.9878,2.73764
8.5,37.7563,29.063,2.7289
8.5,37.8563,29.1381,2.72018
8.5,37.9563,29.2131,2.71149
8.5,38.0563,29.2881,2.70284
8.5,38.1563,29.3629,2.69422
8.5,38.2563,29.4377,2.68562
8.5,38.3563,29.5123,2.67706
8.5,38.4563,29.5869,2.66853
8.5,38.5563,29.6614,2.66002
8.5,38.6563,29.7358,2.65155
8.5,38.7563,29.8102,2.6431
8.5,38.8563,29.8844,2.63469
8.5,38.9563,29.9585,2.6263
8.5,39.0563,30.0326,2.61795
8.5,39.1563,30.1066,2.60962
8.5,39.2563,30.1804,2.60132
8.5,39.3563,30.2542,2.59305
8.5,39.4563,30.3279,2.58481
8.5,39.5563,30.4015,2.57659
8.5,39.6563,30.475,2.5684
8.5,39.7563,30.5484,2.56025
8.5,39.8563,30.6217,2.55212
8.5,39.9563,30.695,2.54401
8.5,40.0563,30.7681,2.53594
8.5,40.1563,30.8411,2.52789
8.5,40.2563,30.9141,2.51987
8.5,40.3563,30.9869,2.51187
8.5,40.4563,31.0597,2.5039
8.5,40.5563,31.1324,2.49596
8.5,40.6563,31.2049,2.48805
8.5,40.7563,31.2774,2.48016
8.5,40.8563,31.3498,2.4723
8.5,40.9563,31.422,2.46446
8.5,41.0563,31.4942,2.45665
8.5,41.1563,31.5663,2.44886
8.5,41.2563,31.6383,2.4411
8.5,41.3563,31.7101,2.43337
8.5,41.4563,31.7819,2.42566
8.5,41.5563,31.8536,2.41798
8.5,41.6563,31.9252,2.41032
8.5,41.7563,31.9966,2.40268
8.5,41.8563,32.068,2.39507
8.5,41.9563,32.1393,2.38749
8.5,42.0563,32.2105,2.37993
8.5,42.1563,32.2815,2.37239
8.5,42.2563,32.3525,2.36488
8.5,42.3563,32.4233,2.35739
8.5,42.4563,32.4941,2.34993
8.5,42.5563,32.5647,2.34248
8.5,42.6563,32.6353,2.33507
8.5,42.7563,32.7057,2.32767
8.5,42.8563,32.776,2.3203
8.5,42.9563,32.8462,2.31296
8.5,43.0563,32.9164,2.30563
8.5,43.1563,32.9864,2.29833
8.5,43.2563,33.0562,2.29105
8.5,43.3563,33.126,2.2838
8.5,43.4563,33.1957,2.27656
8.5,43.5563,33.2653,2.26935
8.5,43.6563,33.3347,2.26216
8.5,43.7563,33.404,2.255
8.5,43.8563,33.4733,2.24785
8.5,43.9563,33.5424,2.24073
8.5,44.0563,33.6114,2.23363
8.5,44.1563,33.6802,2.22655
8.5,44.2563,33.749,2.21949
8.5,44.3563,33.8177,2.21246
8.5,44.4563,33.8862,2.20544
8.5,44.5563,33.9546,2.19845
8.5,44.6563,34.0229,2.19147
8.5,44.7563,34.0911,2.18452
8.5,44.8563,34.1591,2.17759
8.5,44.9563,34.2271,2.17068
8.5,45.0563,34.2949,2.16379
8.5,45.1563,34.3626,2.15692
8.5,45.2563,34.4302,2.15008
8.5,45.3563,34.4976,2.14325
8.5,45.4563,34.5649,2.13644
8.5,45.5563,34.6321,2.12965
8.5,45.6563,34.6992,2.12288
8.5,45.7563,34.7662,2.11614
8.5,45.8563,34.833,2.10941
8.5,45.9563,34.8997,2.1027
8.5,46.0563,34.9663,2.09601
8.5,46.1563,35.0327,2.08934
8.5,46.2563,35.099,2.08269
8.5,46.3563,35.1652,2.07606
8.5,46.4563,35.2313,2.06944
8.5,46.5563,35.2972,2.06285
8.5,46.6563,35.363,2.05628
8.5,46.7563,35.4286,2.04972
8.5,46.8563,35.4941,2.04318
8.5,46.9563,35.5595,2.03667
8.5,47.0563,35.6248,2.03017
8.5,47.1563,35.6899,2.02369
8.5,47.2563,35.7549,2.01722
8.5,47.3563,35.8197,2.01078
8.5,47.4563,35.8844,2.00435
8.5,47.5563,35.949,1.99794
8.5,47.6563,36.0134,1.99155
8.5,47.7563,36.0777,1.98518
8.5,47.8563,36.1418,1.97882
8.5,47.9563,36.2058,1.97249
8.5,48.0563,36.2696,1.96617
8.5,48.1563,36.3333,1.95986
8.5,48.2563,36.3969,1.95358
8.5,48.3563,36.4603,1.94731
8.5,48.4563,36.5236,1.94106
8.5,48.5563,36.5867,1.93483
8.5,48.6563,36.6496,1.92861
8.5,48.7563,36.7125,1.92241
8.5,48.8563,36.7751,1.91623
8.5,48.9563,36.8376,1.91006
8.5,49.0563,36.9,1.90391
8.5,49.1563,36.9622,1.89778
8.5,49.2563,37.0242,1.89166
8.5,49.3563,37.0861,1.88556
8.5,49.4563,37.1478,1.87948
8.5,49.5563,37.2094,1.87341
8.5,49.6563,37.2708,1.86736
8.5,49.7563,37.3321,1.86132
8.5,49.8563,37.3931,1.8553
8.5,49.9563,37.4541,1.8493
8.5,50.0563,37.5148,1.84331
8.5,50.1563,37.5754,1.83734
8.5,50.2563,37.6358,1.83138
8.5,50.3563,37.6961,1.82544
8.5,50.4563,37.7562,1.81952
8.5,50.5563,37.8161,1.81361
8.5,50.6563,37.8759,1.80771
8.5,50.7563,37.9355,1.80183
8.5,50.8563,37.9949,1.79597
8.5,50.9563,38.0541,1.79012
8.5,51.0563,38.1132,1.78429
8.5,51.1563,38.172,1.77847
8.5,51.2563,38.2307,1.77267
8.5,51.3563,38.2893,1.76688
8.5,51.4563,38.3476,1.7611
8.5,51.5563,38.4058,1.75534
8.5,51.6563,38.4637,1.7496
8.5,51.7563,38.5215,1.74387
8.5,51.8563,38.5792,1.73815
8.5,51.9563,38.6366,1.73245
8.5,52.0563,38.6938,1.72676
8.5,52.1563,38.7509,1.72109
8.5,52.2563,38.8077,1.71543
8.5,52.3563,38.8644,1.70978
8.5,52.4563,38.9208,1.70415
8.5,52.5563,38.9771,1.69853
8.5,52.6563,39.0332,1.69293
8.5,52.7563,39.0891,1.68734
8.5,52.8563,39.1448,1.68177
8.5,52.9563,39.2002,1.6762
8.5,53.0563,39.2555,1.67066
8.5,53.1563,39.3106,1.66512
8.5,53.2563,39.3655,1.6596
8.5,53.3563,39.4201,1.65409
8.5,53.4563,39.4746,1.6486
8.5,53.5563,39.5289,1.64312
8.5,53.6563,39.5829,1.63765
8.5,53.7563,39.6367,1.63219
8.5,53.8563,39.6903,1.62675
8.5,53.9563,39.7437,1.62132
8.5,54.0563,39.7969,1.61591
8.5,54.1563,39.8499,1.6105
8.5,54.2563,39.9026,1.60511
8.5,54.3563,39.9551,1.59974
8.5,54.4563,40.0074,1.59437
8.5,54.5563,40.0595,1.58902
8.5,54.6563,40.1113,1.58368
8.5,54.7563,40.163,1.57836
8.5,54.8563,40.2144,1.57304
8.5,54.9563,40.2655,1.56774
8.5,55.0563,40.3164,1.56245
8.5,55.1563,40.3671,1.55717
8.5,55.2563,40.4176,1.55191
8.5,55.3563,40.4678,1.54666
8.5,55.4563,40.5177,1.54142
8.5,55.5563,40.5675,1.53619
8.5,55.6563,40.6169,1.53097
8.5,55.7563,40.6662,1.52577
8.5,55.8563,40.7152,1.52058
8.5,55.9563,40.7639,1.5154
8.5,56.0563,40.8124,1.51023
8.5,56.1563,40.8606,1.50507
8.5,56.2563,40.9086,1.49993
8.5,56.3563,40.9563,1.4948
8.5,56.4563,41.0038,1.48967
8.5,56.5563,41.0509,1.48456
8.5,56.6563,41.0979,1.47947
8.5,56.7563,41.1445,1.47438
8.5,56.8563,41.1909,1.4693
8.5,56.9563,41.237,1.46424
8.5,57.0563,41.2829,1.45919
8.5,57.1563,41.3285,1.45415
8.5,57.2563,41.3738,1.44912
8.5,57.3563,41.4188,1.4441
8.5,57.4563,41.4635,1.43909
8.5,57.5563,41.508,1.43409
8.5,57.6563,41.5521,1.42911
8.5,57.7563,41.596,1.42413
8.5,57.8563,41.6396,1.41917
8.5,57.9563,41.6829,1.41422
8.5,58.0563,41.7259,1.40928
8.5,58.1563,41.7686,1.40434
8.5,58.2563,41.811,1.39942
8.5,58.3563,41.8531,1.39451
8.5,58.4563,41.8949,1.38962
8.5,58.5563,41.9364,1.38473
8.5,58.6563,41.9775,1.37985
8.5,58.7563,42.0184,1.37498
8.5,58.8563,42.0589,1.37013
8.5,58.9563,42.0992,1.36528
8.5,59.0563,42.1391,1.36045
8.5,59.1563,42.1787,1.35562
8.5,59.2563,42.2179,1.35081
8.5,59.3563,42.2568,1.346
8.5,59.4563,42.2954,1.34121
8.5,59.5563,42.3337,1.33642
8.5,59.6563,42.3716,1.33165
8.5,59.7563,42.4092,1.32689
8.5,59.8563,42.4464,1.32213
8.5,59.9563,42.4833,1.31739
8.5,60.0563,42.5199,1.31266
8.5,60.1563,42.5561,1.30793
8.5,60.2563,42.5919,1.30322
8.5,60.3563,42.6274,1.29852
8.5,60.4563,42.6625,1.29382
8.5,60.5563,42.6972,1.28914
8.5,60.6563,42.7316,1.28446
8.5,60.7563,42.7656,1.2798
8.5,60.8563,42.7993,1.27515
8.5,60.9563,42.8325,1.2705
8.5,61.0563,42.8654,1.26587
8.5,61.1563,42.8979,1.26124
8.5,61.2563,42.93,1.25663
8.5,61.3563,42.9617,1.25202
8.5,61.4563,42.993,1.24742
8.5,61.5563,43.024,1.24284
8.5,61.6563,43.0545,1.23826
8.5,61.7563,43.0846,1.23369
8.5,61.8563,43.1143,1.22913
8.5,61.9563,43.1436,1.22458
8.5,62.0563,43.1725,1.22004
8.5,62.1563,43.201,1.21551
8.5,62.2563,43.229,1.21099
8.5,62.3563,43.2566,1.20648
8.5,62.4563,43.2838,1.20198
8.5,62.5563,43.3105,1.19748
8.5,62.6563,43.3368,1.193
8.5,62.7563,43.3627,1.18852
8.5,62.8563,43.3881,1.18406
8.5,62.9563,43.4131,1.1796
8.5,63.0563,43.4376,1.17515
8.5,63.1563,43.4616,1.17071
8.5,63.2563,43.4852,1.16629
8.5,63.3563,43.5083,1.16186
8.5,63.4563,43.531,1.15745
8.5,63.5563,43.5531,1.15305
8.5,63.6563,43.5748,1.14866
8.5,63.7563,43.596,1.14427
8.5,63.8563,43.6167,1.1399
8.5,63.9563,43.6369,1.13553
8.5,64.0563,43.6566,1.13117
8.5,64.1563,43.6758,1.12682
8.5,64.2563,43.6945,1.12248
8.5,64.3563,43.7127,1.11815
8.5,64.4563,43.7304,1.11383
8.5,64.5563,43.7475,1.10951
8.5,64.6563,43.7641,1.10521
8.5,64.7563,43.7802,1.10091
8.5,64.8563,43.7957,1.09662
8.5,64.9563,43.8107,1.09234
8.5,65.0563,43.8252,1.08807
8.5,65.1563,43.8391,1.08381
8.5,65.2563,43.8524,1.07956
8.5,65.3563,43.8651,1.07531
8.5,65.4563,43.8773,1.07107
8.5,65.5563,43.8889,1.06685
8.5,65.6563,43.9,1.06263
8.5,65.7563,43.9104,1.05842
8.5,65.8563,43.9202,1.05421
8.5,65.9563,43.9295,1.05002
8.5,66.0563,43.9381,1.04583
8.5,66.1563,43.9461,1.04166
8.5,66.2563,43.9535,1.03749
8.5,66.3563,43.9603,1.03333
8.5,66.4563,43.9665,1.02918
8.5,66.5563,43.972,1.02504
8.5,66.6563,43.9768,1.0209
8.5,66.7563,43.9811,1.01677
8.5,66.8563,43.9846,1.01266
8.5,66.9563,43.9875,1.00855
8.5,67.0563,43.9897,1.00445
8.5,67.1563,43.9913,1.00035
8.5,67.2563,43.9921,0.99627
8.5,67.3563,43.9923,0.992194
8.5,67.4563,43.9918,0.988127
8.5,67.5563,43.9906,0.984068
8.5,67.6563,43.9886,0.980017
8.5,67.7563,43.986,0.975975
8.5,67.8563,43.9826,0.971941
8.5,67.9563,43.9784,0.967915
8.5,68.0563,43.9736,0.963897
8.5,68.1563,43.968,0.959888
8.5,68.2563,43.9616,0.955888
8.5,68.3563,43.9544,0.951895
8.5,68.4563,43.9465,0.947911
8.5,68.5563,43.9378,0.943935
8.5,68.6563,43.9283,0.939968
8.5,68.7563,43.918,0.936009
8.5,68.8563,43.9069,0.932058
8.5,68.9563,43.895,0.928116
8.5,69.0563,43.8823,0.924182
8.5,69.1563,43.8687,0.920256
8.5,69.2563,43.8543,0.916338
8.5,69.3563,43.8391,0.912429
8.5,69.4563,43.8229,0.908529
8.5,69.5563,43.8059,0.904636
8.5,69.6563,43.7881,0.900752
8.5,69.7563,43.7693,0.896877
8.5,69.8563,43.7497,0.893009
8.5,69.9563,43.7291,0.889151
8.5,70.0563,43.7076,0.8853
8.5,70.1563,43.6852,0.881458
8.5,70.2563,43.6619,0.877624
8.5,70.3563,43.6376,0.873799
8.5,70.4563,43.6123,0.869983
8.5,70.5563,43.5861,0.866174
8.5,70.6563,43.5589,0.862375
8.5,70.7563,43.5307,0.858583
8.5,70.8563,43.5015,0.854801
8.5,70.9563,43.4713,0.851026
8.5,71.0563,43.4401,0.847261
8.5,71.1563,43.4078,0.843503
8.5,71.2563,43.3745,0.839755
8.5,71.3563,43.3401,0.836015
8.5,71.4563,43.3047,0.832284
8.5,71.5563,43.2682,0.828561
8.5,71.6563,43.2306,0.824847
8.5,71.7563,43.1919,0.821142
8.5,71.8563,43.152,0.817445
8.5,71.9563,43.1111,0.813757
8.5,72.0563,43.069,0.810078
8.5,72.1563,43.0257,0.806408
8.5,72.2563,42.9813,0.802746
8.5,72.3563,42.9357,0.799094
8.5,72.4563,42.8889,0.79545
8.5,72.5563,42.8408,0.791815
8.5,72.6563,42.7916,0.788189
8.5,72.7563,42.7411,0.784572
8.5,72.8563,42.6894,0.780964
8.5,72.9563,42.6364,0.777366
8.5,73.0563,42.5821,0.773776
8.5,73.1563,42.5266,0.770195
8.5,73.2563,42.4697,0.766624
8.5,73.3563,42.4115,0.763062
8.5,73.4563,42.352,0.759509
8.5,73.5563,42.2911,0.755965
8.5,73.6563,42.2288,0.752431
8.5,73.7563,42.1652,0.748906
8.5,73.8563,42.1002,0.74539
8.5,73.9563,42.0337,0.741884
8.5,74.0563,41.9658,0.738387
8.5,74.1563,41.8965,0.734901
8.5,74.2563,41.8256,0.731423
8.5,74.3563,41.7534,0.727956
8.5,74.4563,41.6796,0.724498
8.5,74.5563,41.6042,0.721049
8.5,74.6563,41.5274,0.717611
8.5,74.7563,41.449,0.714183
8.5,74.8563,41.369,0.710764
8.5,74.9563,41.2875,0.707356
8.5,75.0563,41.2043,0.703958
8.5,75.1563,41.1195,0.700569
8.5,75.2563,41.0331,0.697192
8.5,75.3563,40.945,0.693824
8.5,75.4563,40.8552,0.690467
8.5,75.5563,40.7637,0.68712
8.5,75.6563,40.6705,0.683783
8.5,75.7563,40.5756,0.680458
8.5,75.8563,40.4789,0.677142
8.5,75.9563,40.3804,0.673838
8.5,76.0563,40.2801,0.670544
8.5,76.1563,40.178,0.667262
8.5,76.2563,40.074,0.66399
8.5,76.3563,39.9682,0.660729
8.5,76.4563,39.8605,0.65748
8.5,76.5563,39.7509,0.654241
8.5,76.6563,39.6393,0.651014
8.5,76.7563,39.5258,0.647799
8.5,76.8563,39.4104,0.644595
8.5,76.9563,39.2929,0.641402
8.5,77.0563,39.1734,0.638221
8.5,77.1563,39.0519,0.635052
8.5,77.2563,38.9283,0.631895
8.5,77.3563,38.8026,0.62875
8.5,77.4563,38.6749,0.625617
8.5,77.5563,38.545,0.622497
8.5,77.6563,38.4129,0.619388
8.5,77.7563,38.2786,0.616292
8.5,77.8563,38.1422,0.613209
8.5,77.9563,38.0035,0.610138
8.5,78.0563,37.8625,0.60708
8.5,78.1563,37.7193,0.604036
8.5,78.2563,37.5738,0.601004
8.5,78.3563,37.4259,0.597985
8.5,78.4563,37.2757,0.594979
8.5,78.5563,37.1232,0.591987
8.5,78.6563,36.9682,0.589009
8.5,78.7563,36.8107,0.586044
8.5,78.8563,36.6509,0.583094
8.5,78.9563,36.4885,0.580157
8.5,79.0563,36.3237,0.577234
8.5,79.1563,36.1563,0.574326
8.5,79.2563,35.9863,0.571432
8.5,79.3563,35.8138,0.568552
8.5,79.4563,35.6386,0.565688
8.5,79.5563,35.4609,0.562838
8.5,79.6563,35.2804,0.560003
8.5,79.7563,35.0973,0.557184
8.5,79.8563,34.9114,0.55438
8.5,79.9563,34.7228,0.551591
8.5,80.0563,34.5315,0.548818
8.5,80.1563,34.3373,0.546062
8.5,80.2563,34.1403,0.543321
8.5,80.3563,33.9405,0.540597
8.5,80.4563,33.7378,0.537889
8.5,80.5563,33.5322,0.535197
8.5,80.6563,33.3237,0.532523
8.5,80.7563,33.1123,0.529865
8.5,80.8563,32.8978,0.527225
8.5,80.9563,32.6804,0.524602
8.5,81.0563,32.4599,0.521997
8.5,81.1563,32.2364,0.51941
8.5,81.2563,32.0098,0.51684
8.5,81.3563,31.7802,0.514289
8.5,81.4563,31.5474,0.511757
8.5,81.5563,31.3114,0.509243
8.5,81.6563,31.0723,0.506748
8.5,81.7563,30.83,0.504272
8.5,81.8563,30.5845,0.501816
8.5,81.9563,30.3357,0.499379
8.5,82.0563,30.0837,0.496962
8.5,82.1563,29.8284,0.494565
8.5,82.2563,29.5698,0.492188
8.5,82.3563,29.308,0.489832
8.5,82.4563,29.0427,0.487497
8.5,82.5563,28.7741,0.485182
8.5,82.6563,28.5022,0.482889
8.5,82.7563,28.2269,0.480618
8.5,82.8563,27.9481,0.478368
8.5,82.9563,27.666,0.47614
8.5,83.0563,27.3804,0.473935
8.5,83.1563,27.0914,0.471752
8.5,83.2563,26.7989,0.469592
8.5,83.3563,26.5029,0.467455
8.5,83.4563,26.2035,0.465341
8.5,83.5563,25.9006,0.463252
8.5,83.6563,25.5942,0.461186
8.5,83.7563,25.2843,0.459144
8.5,83.8563,24.9709,0.457127
8.5,83.9563,24.654,0.455134
8.5,84.0563,24.3336,0.453166
8.5,84.1563,24.0097,0.451224
8.5,84.2563,23.6823,0.449308
8.5,84.3563,23.3514,0.447417
8.5,84.4563,23.0169,0.445552
8.5,84.5563,22.679,0.443714
8.5,84.6563,22.3376,0.441903
8.5,84.7563,21.9927,0.440119
8.5,84.8563,21.6443,0.438362
8.5,84.9563,21.2925,0.436632
8.5,85.0563,20.9372,0.434931
8.5,85.1563,20.5786,0.433258
8.5,85.2563,20.2165,0.431613
8.5,85.3563,19.851,0.429997
8.5,85.4563,19.4821,0.42841
8.5,85.5563,19.1099,0.426852
8.5,85.6563,18.7344,0.425324
8.5,85.7563,18.3557,0.423827
8.5,85.8563,17.9736,0.422359
8.5,85.9563,17.5884,0.420922
8.5,86.0563,17.1999,0.419515
8.5,86.1563,16.8083,0.41814
8.5,86.2563,16.4137,0.416796
8.5,86.3563,16.0159,0.415483
8.5,86.4563,15.6151,0.414203
8.5,86.5563,15.2114,0.412954
8.5,86.6563,14.8047,0.411738
8.5,86.7563,14.3952,0.410555
8.5,86.8563,13.9828,0.409405
8.5,86.9563,13.5677,0.408287
8.5,87.0563,13.1499,0.407204
8.5,87.1563,12.7294,0.406154
8.5,87.2563,12.3064,0.405137
8.5,87.3563,11.8808,0.404155
8.5,87.4563,11.4529,0.403208
8.5,87.5563,11.0225,0.402295
8.5,87.6563,10.5899,0.401417
8.5,87.7563,10.155,0.400574
8.5,87.8563,9.71798,0.399766
8.5,87.9563,9.2789,0.398993
8.5,88.0563,8.83783,0.398256
8.5,88.1563,8.39486,0.397555
8.5,88.2563,7.95008,0.39689
8.5,88.3563,7.50357,0.396261
8.5,88.4563,7.05542,0.395668
8.5,88.5563,6.60572,0.395112
8.5,88.6563,6.15456,0.394592
8.5,88.7563,5.70204,0.394109
8.5,88.8563,5.24826,0.393663
8.5,88.9563,4.7933,0.393254
8.5,89.0563,4.33727,0.392882
8.5,89.1563,3.88027,0.392547
8.5,89.2563,3.42239,0.39225
8.5,89.3563,2.96374,0.391989
8.5,89.4563,2.50442,0.391766
8.5,89.5563,2.04454,0.391581
8.5,89.6563,1.58419,0.391433
8.5,89.7563,1.12348,0.391323
8.5,89.8563,0.662518,0.39125
8.5,89.9563,0.201403,0.391215
9,6.37937,0,9
9,6.47937,0.163348,8.9509
9,6.57937,0.324251,8.903
9,6.67937,0.482816,8.85619
9,6.77937,0.639146,8.8104
9,6.87937,0.793336,8.76555
9,6.97937,0.945477,8.72158
9,7.07937,1.09566,8.67842
9,7.17937,1.24395,8.63602
9,7.27937,1.39044,8.59433
9,7.37937,1.5352,8.5533
9,7.47937,1.67829,8.51289
9,7.57937,1.81978,8.47307
9,7.67937,1.95973,8.43379
9,7.77937,2.09821,8.39502
9,7.87937,2.23526,8.35673
9,7.97937,2.37093,8.3189
9,8.07937,2.50529,8.2815
9,8.17937,2.63837,8.2445
9,8.27937,2.77022,8.2079
9,8.37937,2.90089,8.17165
9,8.47937,3.03042,8.13576
9,8.57937,3.15884,8.10019
9,8.67937,3.28619,8.06494
9,8.77937,3.41251,8.03
9,8.87937,3.53783,7.99534
9,8.97937,3.66219,7.96095
9,9.07937,3.78562,7.92684
9,9.17937,3.90814,7.89297
9,9.27937,4.02979,7.85935
9,9.37937,4.15059,7.82597
9,9.47937,4.27058,7.79281
9,9.57937,4.38976,7.75988
9,9.67937,4.50817,7.72715
9,9.77937,4.62584,7.69464
9,9.87937,4.74278,7.66232
9,9.97937,4.85901,7.6302
9,10.0794,4.97456,7.59827
9,10.1794,5.08944,7.56652
9,10.2794,5.20368,7.53496
9,10.3794,5.31729,7.50357
9,10.4794,5.43029,7.47235
9,10.5794,5.54269,7.44131
9,10.6794,5.65452,7.41042
9,10.7794,5.76579,7.37971
9,10.8794,5.87651,7.34915
9,10.9794,5.9867,7.31875
9,11.0794,6.09636,7.2885
9,11.1794,6.20553,7.2584
9,11.2794,6.3142,7.22846
9,11.3794,6.42239,7.19867
9,11.4794,6.53011,7.16902
9,11.5794,6.63738,7.13952
9,11.6794,6.7442,7.11016
9,11.7794,6.85059,7.08094
9,11.8794,6.95656,7.05186
9,11.9794,7.06211,7.02292
9,12.0794,7.16726,6.99412
9,12.1794,7.27202,6.96546
9,12.2794,7.37639,6.93694
9,12.3794,7.48038,6.90854
9,12.4794,7.58401,6.88029
9,12.5794,7.68727,6.85216
9,12.6794,7.79019,6.82417
9,12.7794,7.89276,6.79631
9,12.8794,7.995,6.76858
9,12.9794,8.09691,6.74098
9,13.0794,8.19849,6.71352
9,13.1794,8.29976,6.68618
9,13.2794,8.40073,6.65896
9,13.3794,8.50139,6.63188
9,13.4794,8.60176,6.60492
9,13.5794,8.70184,6.57809
9,13.6794,8.80163,6.55139
9,13.7794,8.90115,6.52481
9,13.8794,9.00039,6.49836
9,13.9794,9.09937,6.47203
9,14.0794,9.19808,6.44583
9,14.1794,9.29654,6.41975
9,14.2794,9.39475,6.39379
9,14.3794,9.49271,6.36796
9,14.4794,9.59043,6.34225
9,14.5794,9.68791,6.31666
9,14.6794,9.78516,6.2912
9,14.7794,9.88218,6.26585
9,14.8794,9.97897,6.24063
9,14.9794,10.0755,6.21553
9,15.0794,10.1719,6.19055
9,15.1794,10.268,6.16568
9,15.2794,10.364,6.14094
9,15.3794,10.4597,6.11632
9,15.4794,10.5552,6.09181
9,15.5794,10.6505,6.06743
9,15.6794,10.7457,6.04316
9,15.7794,10.8406,6.01901
9,15.8794,10.9354,5.99498
9,15.9794,11.0299,5.97106
9,16.0794,11.1243,5.94726
9,16.1794,11.2185,5.92357
9,16.2794,11.3125,5.90001
9,16.3794,11.4064,5.87655
9,16.4794,11.5,5.85321
9,16.5794,11.5936,5.82999
9,16.6794,11.6869,5.80688
9,16.7794,11.7801,5.78388
9,16.8794,11.8731,5.761
9,16.9794,11.9659,5.73823
9,17.0794,12.0586,5.71557
9,17.1794,12.1512,5.69302
9,17.2794,12.2436,5.67059
9,17.3794,12.3358,5.64826
9,17.4794,12.4279,5.62605
9,17.5794,12.5198,5.60395
9,17.6794,12.6116,5.58195
9,17.7794,12.7033,5.56007
9,17.8794,12.7948,5.53829
9,17.9794,12.8862,5.51662
9,18.0794,12.9774,5.49506
9,18.1794,13.0685,5.47361
9,18.2794,13.1595,5.45226
9,18.3794,13.2503,5.43102
9,18.4794,13.341,5.40989
9,18.5794,13.4316,5.38886
9,18.6794,13.5221,5.36794
9,18.7794,13.6124,5.34712
9,18.8794,13.7026,5.3264
9,18.9794,13.7927,5.30579
9,19.0794,13.8826,5.28528
9,19.1794,13.9725,5.26487
9,19.2794,14.0622,5.24457
9,19.3794,14.1518,5.22437
9,19.4794,14.2413,5.20426
9,19.5794,14.3307,5.18426
9,19.6794,14.4199,5.16436
9,19.7794,14.5091,5.14456
9,19.8794,14.5981,5.12486
9,19.9794,14.687,5.10525
9,20.0794,14.7759,5.08575
9,20.1794,14.8646,5.06634
9,20.2794,14.9532,5.04702
9,20.3794,15.0417,5.02781
9,20.4794,15.1301,5.00869
9,20.5794,15.2184,4.98967
9,20.6794,15.3066,4.97074
9,20.7794,15.3946,4.9519
9,20.8794,15.4826,4.93316
9,20.9794,15.5705,4.91451
9,21.0794,15.6583,4.89596
9,21.1794,15.746,4.8775
9,21.2794,15.8336,4.85913
9,21.3794,15.9211,4.84085
9,21.4794,16.0085,4.82266
9,21.5794,16.0958,4.80456
9,21.6794,16.183,4.78656
9,21.7794,16.2701,4.76864
9,21.8794,16.3572,4.75081
9,21.9794,16.4441,4.73307
9,22.0794,16.5309,4.71541
9,22.1794,16.6177,4.69785
9,22.2794,16.7044,4.68037
9,22.3794,16.7909,4.66298
9,22.4794,16.8774,4.64567
9,22.5794,16.9638,4.62845
9,22.6794,17.0501,4.61131
9,22.7794,17.1363,4.59426
9,22.8794,17.2225,4.57729
9,22.9794,17.3085,4.56041
9,23.0794,17.3945,4.5436
9,23.1794,17.4804,4.52688
9,23.2794,17.5662,4.51025
9,23.3794,17.6519,4.49369
9,23.4794,17.7375,4.47721
9,23.5794,17.8231,4.46082
9,23.6794,17.9086,4.4445
9,23.7794,17.994,4.42827
9,23.8794,18.0793,4.41211
9,23.9794,18.1645,4.39603
9,24.0794,18.2496,4.38003
9,24.1794,18.3347,4.36411
9,24.2794,18.4197,4.34826
9,24.3794,18.5046,4.33249
9,24.4794,18.5894,4.3168
9,24.5794,18.6742,4.30118
9,24.6794,18.7588,4.28563
9,24.7794,18.8434,4.27017
9,24.8794,18.928,4.25477
9,24.9794,19.0124,4.23945
9,25.0794,19.0968,4.2242
9,25.1794,19.1811,4.20903
9,25.2794,19.2653,4.19393
9,25.3794,19.3494,4.1789
9,25.4794,19.4335,4.16394
9,25.5794,19.5175,4.14905
9,25.6794,19.6014,4.13423
9,25.7794,19.6852,4.11949
9,25.8794,19.769,4.10481
9,25.9794,19.8527,4.0902
9,26.0794,19.9363,4.07566
9,26.1794,20.0198,4.06119
9,26.2794,20.1033,4.04679
9,26.3794,20.1867,4.03245
9,26.4794,20.27,4.01819
9,26.5794,20.3533,4.00398
9,26.6794,20.4364,3.98985
9,26.7794,20.5195,3.97578
9,26.8794,20.6026,3.96177
9,26.9794,20.6855,3.94784
9,27.0794,20.7684,3.93396
9,27.1794,20.8512,3.92015
9,27.2794,20.934,3.9064
9,27.3794,21.0167,3.89272
9,27.4794,21.0993,3.8791
9,27.5794,21.1818,3.86554
9,27.6794,21.2643,3.85204
9,27.7794,21.3466,3.83861
9,27.8794,21.429,3.82524
9,27.9794,21.5112,3.81192
9,28.0794,21.5934,3.79867
9,28.1794,21.6755,3.78548
9,28.2794,21.7575,3.77235
9,28.3794,21.8395,3.75928
9,28.4794,21.9214,3.74626
9,28.5794,22.0032,3.73331
9,28.6794,22.085,3.72041
9,28.7794,22.1667,3.70757
9,28.8794,22.2483,3.69479
9,28.9794,22.3298,3.68207
9,29.0794,22.4113,3.6694
9,29.1794,22.4927,3.65679
9,29.2794,22.574,3.64423
9,29.3794,22.6553,3.63173
9,29.4794,22.7365,3.61929
9,29.5794,22.8176,3.6069
9,29.6794,22.8987,3.59456
9,29.7794,22.9797,3.58228
9,29.8794,23.0606,3.57006
9,29.9794,23.1414,3.55788
9,30.0794,23.2222,3.54576
9,30.1794,23.3029,3.5337
9,30.2794,23.3836,3.52168
9,30.3794,23.4641,3.50972
9,30.4794,23.5446,3.49781
9,30.5794,23.6251,3.48595
9,30.6794,23.7054,3.47414
9,30.7794,23.7857,3.46238
9,30.8794,23.8659,3.45068
9,30.9794,23.9461,3.43902
9,31.0794,24.0261,3.42741
9,31.1794,24.1062,3.41586
9,31.2794,24.1861,3.40435
9,31.3794,24.266,3.39289
9,31.4794,24.3457,3.38148
9,31.5794,24.4255,3.37012
9,31.6794,24.5051,3.3588
9,31.7794,24.5847,3.34753
9,31.8794,24.6642,3.33631
9,31.9794,24.7437,3.32514
9,32.0794,24.823,3.31402
9,32.1794,24.9023,3.30294
9,32.2794,24.9816,3.2919
9,32.3794,25.0607,3.28092
9,32.4794,25.1398,3.26998
9,32.5794,25.2188,3.25908
9,32.6794,25.2978,3.24823
9,32.7794,25.3766,3.23742
9,32.8794,25.4554,3.22666
9,32.9794,25.5342,3.21594
9,33.0794,25.6128,3.20527
9,33.1794,25.6914,3.19464
9,33.2794,25.7699,3.18405
9,33.3794,25.8483,3.1735
9,33.4794,25.9267,3.163
9,33.5794,26.005,3.15254
9,33.6794,26.0832,3.14213
9,33.7794,26.1613,3.13175
9,33.8794,26.2394,3.12142
9,33.9794,26.3174,3.11112
9,34.0794,26.3953,3.10087
9,34.1794,26.4732,3.09066
9,34.2794,26.551,3.08049
9,34.3794,26.6287,3.07036
9,34.4794,26.7063,3.06028
9,34.5794,26.7838,3.05023
9,34.6794,26.8613,3.04022
9,34.7794,26.9387,3.03025
9,34.8794,27.016,3.02032
9,34.9794,27.0933,3.01042
9,35.0794,27.1704,3.00057
9,35.1794,27.2475,2.99075
9,35.2794,27.3246,2.98098
9,35.3794,27.4015,2.97124
9,35.4794,27.4784,2.96154
9,35.5794,27.5551,2.95187
9,35.6794,27.6319,2.94225
9,35.7794,27.7085,2.93266
9,35.8794,27.785,2.9231
9,35.9794,27.8615,2.91359
9,36.0794,27.9379,2.9041
9,36.1794,28.0142,2.89466
9,36.2794,28.0905,2.88525
9,36.3794,28.1666,2.87588
9,36.4794,28.2427,2.86654
9,36.5794,28.3187,2.85724
9,36.6794,28.3947,2.84797
9,36.7794,28.4705,2.83874
9,36.8794,28.5463,2.82954
9,36.9794,28.6219,2.82038
9,37.0794,28.6975,2.81125
9,37.1794,28.7731,2.80215
9,37.2794,28.8485,2.79309
9,37.3794,28.9238,2.78406
9,37.4794,28.9991,2.77506
9,37.5794,29.0743,2.7661
9,37.6794,29.1494,2.75717
9,37.7794,29.2244,2.74827
9,37.8794,29.2994,2.73941
9,37.9794,29.3742,2.73058
9,38.0794,29.449,2.72178
9,38.1794,29.5237,2.71301
9,38.2794,29.5983,2.70427
9,38.3794,29.6728,2.69556
9,38.4794,29.7472,2.68689
9,38.5794,29.8216,2.67825
9,38.6794,29.8958,2.66963
9,38.7794,29.97,2.66105
9,38.8794,30.0441,2.6525
9,38.9794,30.1181,2.64398
9,39.0794,30.192,2.63549
9,39.1794,30.2658,2.62703
9,39.2794,30.3395,2.6186
9,39.3794,30.4132,2.6102
9,39.4794,30.4867,2.60183
9,39.5794,30.5602,2.59349
9,39.6794,30.6336,2.58517
9,39.7794,30.7068,2.57689
9,39.8794,30.78,2.56863
9,39.9794,30.8531,2.56041
9,40.0794,30.9261,2.55221
9,40.1794,30.999,2.54404
9,40.2794,31.0719,2.5359
9,40.3794,31.1446,2.52778
9,40.4794,31.2172,2.51969
9,40.5794,31.2898,2.51164
9,40.6794,31.3622,2.5036
9,40.7794,31.4346,2.4956
9,40.8794,31.5068,2.48762
9,40.9794,31.579,2.47967
9,41.0794,31.651,2.47175
9,41.1794,31.723,2.46385
9,41.2794,31.7949,2.45598
9,41.3794,31.8666,2.44814
9,41.4794,31.9383,2.44032
9,41.5794,32.0099,2.43253
9,41.6794,32.0813,2.42476
9,41.7794,32.1527,2.41702
9,41.8794,32.224,2.4093
9,41.9794,32.2951,2.40161
9,42.0794,32.3662,2.39395
9,42.1794,32.4372,2.38631
9,42.2794,32.508,2.3787
9,42.3794,32.5788,2.37111
9,42.4794,32.6495,2.36354
9,42.5794,32.72,2.356
9,42.6794,32.7905,2.34849
9,42.7794,32.8608,2.34099
9,42.8794,32.9311,2.33353
9,42.9794,33.0012,2.32608
9,43.0794,33.0712,2.31866
9,43.1794,33.1411,2.31127
9,43.2794,33.2109,2.30389
9,43.3794,33.2806,2.29654
9,43.4794,33.3502,2.28922
9,43.5794,33.4197,2.28191
9,43.6794,33.4891,2.27463
9,43.7794,33.5583,2.26738
9,43.8794,33.6275,2.26014
9,43.9794,33.6965,2.25293
9,44.0794,33.7655,2.24574
9,44.1794,33.8343,2.23858
9,44.2794,33.903,2.23143
9,44.3794,33.9715,2.22431
9,44.4794,34.04,2.21721
9,44.5794,34.1084,2.21013
9,44.6794,34.1766,2.20307
9,44.7794,34.2447,2.19604
9,44.8794,34.3127,2.18902
9,44.9794,34.3806,2.18203
9,45.0794,34.4484,2.17506
9,45.1794,34.516,2.16811
9,45.2794,34.5835,2.16118
9,45.3794,34.6509,2.15427
9,45.4794,34.7182,2.14738
9,45.5794,34.7853,2.14052
9,45.6794,34.8524,2.13367
9,45.7794,34.9193,2.12685
9,45.8794,34.9861,2.12004
9,45.9794,35.0527,2.11325
9,46.0794,35.1192,2.10649
9,46.1794,35.1856,2.09974
9,46.2794,35.2519,2.09302
9,46.3794,35.3181,2.08631
9,46.4794,35.3841,2.07963
9,46.5794,35.45,2.07296
9,46.6794,35.5157,2.06631
9,46.7794,35.5813,2.05969
9,46.8794,35.6468,2.05308
9,46.9794,35.7122,2.04649
9,47.0794,35.7774,2.03992
9,47.1794,35.8425,2.03337
9,47.2794,35.9074,2.02684
9,47.3794,35.9722,2.02032
9,47.4794,36.0369,2.01383
9,47.5794,36.1014,2.00735
9,47.6794,36.1658,2.00089
9,47.7794,36.2301,1.99445
9,47.8794,36.2942,1.98803
9,47.9794,36.3582,1.98163
9,48.0794,36.422,1.97524
9,48.1794,36.4857,1.96887
9,48.2794,36.5492,1.96252
9,48.3794,36.6126,1.95619
9,48.4794,36.6759,1.94988
9,48.5794,36.739,1.94358
9,48.6794,36.8019,1.9373
9,48.7794,36.8647,1.93104
9,48.8794,36.9274,1.9248
9,48.9794,36.9899,1.91857
9,49.0794,37.0522,1.91236
9,49.1794,37.1144,1.90616
9,49.2794,37.1765,1.89999
9,49.3794,37.2383,1.89383
9,49.4794,37.3001,1.88768
9,49.5794,37.3616,1.88156
9,49.6794,37.423,1.87545
9,49.7794,37.4843,1.86935
9,49.8794,37.5454,1.86328
9,49.9794,37.6063,1.85722
9,50.0794,37.6671,1.85117
9,50.1794,37.7277,1.84514
9,50.2794,37.7881,1.83913
9,50.3794,37.8484,1.83313
9,50.4794,37.9085,1.82715
9,50.5794,37.9684,1.82119
9,50.6794,38.0282,1.81524
9,50.7794,38.0878,1.80931
9,50.8794,38.1472,1.80339
9,50.9794,38.2065,1.79749
9,51.0794,38.2655,1.7916
9,51.1794,38.3244,1.78573
9,51.2794,38.3832,1.77987
9,51.3794,38.4417,1.77403
9,51.4794,38.5001,1.7682
9,51.5794,38.5582,1.76239
9,51.6794,38.6163,1.7566
9,51.7794,38.6741,1.75081
9,51.8794,38.7317,1.74505
9,51.9794,38.7892,1.7393
9,52.0794,38.8464,1.73356
9,52.1794,38.9035,1.72783
9,52.2794,38.9604,1.72213
9,52.3794,39.0171,1.71643
9,52.4794,39.0736,1.71075
9,52.5794,39.1299,1.70509
9,52.6794,39.186,1.69944
9,52.7794,39.2419,1.6938
9,52.8794,39.2977,1.68818
9,52.9794,39.3532,1.68257
9,53.0794,39.4085,1.67697
9,53.1794,39.4636,1.67139
9,53.2794,39.5185,1.66582
9,53.3794,39.5732,1.66027
9,53.4794,39.6277,1.65473
9,53.5794,39.682,1.6492
9,53.6794,39.7361,1.64369
9,53.7794,39.79,1.63819
9,53.8794,39.8437,1.63271
9,53.9794,39.8971,1.62723
9,54.0794,39.9504,1.62177
9,54.1794,40.0034,1.61633
9,54.2794,40.0562,1.61089
9,54.3794,40.1087,1.60547
9,54.4794,40.1611,1.60007
9,54.5794,40.2132,1.59467
9,54.6794,40.2651,1.58929
9,54.7794,40.3168,1.58392
9,54.8794,40.3683,1.57857
9,54.9794,40.4195,1.57322
9,55.0794,40.4705,1.56789
9,55.1794,40.5212,1.56258
9,55.2794,40.5717,1.55727
9,55.3794,40.622,1.55198
9,55.4794,40.672,1.5467
9,55.5794,40.7218,1.54143
9,55.6794,40.7714,1.53617
9,55.7794,40.8207,1.53093
9,55.8794,40.8697,1.5257
9,55.9794,40.9185,1.52048
9,56.0794,40.9671,1.51527
9,56.1794,41.0154,1.51008
9,56.2794,41.0635,1.50489
9,56.3794,41.1113,1.49972
9,56.4794,41.1588,1.49456
9,56.5794,41.2061,1.48942
9,56.6794,41.2531,1.48428
9,56.7794,41.2998,1.47916
9,56.8794,41.3463,1.47404
9,56.9794,41.3925,1.46894
9,57.0794,41.4384,1.46385
9,57.1794,41.4841,1.45878
9,57.2794,41.5295,1.45371
9,57.3794,41.5746,1.44865
9,57.4794,41.6194,1.44361
9,57.5794,41.664,1.43858
9,57.6794,41.7082,1.43356
9,57.7794,41.7522,1.42855
9,57.8794,41.7959,1.42355
9,57.9794,41.8393,1.41856
9,58.0794,41.8823,1.41359
9,58.1794,41.9251,1.40862
9,58.2794,41.9676,1.40367
9,58.3794,42.0098,1.39872
9,58.4794,42.0517,1.39379
9,58.5794,42.0933,1.38887
9,58.6794,42.1346,1.38396
9,58.7794,42.1756,1.37906
9,58.8794,42.2162,1.37417
9,58.9794,42.2565,1.36929
9,59.0794,42.2965,1.36442
9,59.1794,42.3362,1.35956
9,59.2794,42.3756,1.35471
9,59.3794,42.4146,1.34988
9,59.4794,42.4533,1.34505
9,59.5794,42.4917,1.34023
9,59.6794,42.5298,1.33543
9,59.7794,42.5674,1.33063
9,59.8794,42.6048,1.32585
9,59.9794,42.6418,1.32107
9,60.0794,42.6785,1.31631
9,60.1794,42.7148,1.31155
9,60.2794,42.7507,1.30681
9,60.3794,42.7863,1.30208
9,60.4794,42.8216,1.29735
9,60.5794,42.8564,1.29264
9,60.6794,42.8909,1.28793
9,60.7794,42.9251,1.28324
9,60.8794,42.9588,1.27855
9,60.9794,42.9922,1.27388
9,61.0794,43.0252,1.26921
9,61.1794,43.0579,1.26456
9,61.2794,43.0901,1.25991
9,61.3794,43.122,1.25528
9,61.4794,43.1534,1.25065
9,61.5794,43.1845,1.24604
9,61.6794,43.2151,1.24143
9,61.7794,43.2454,1.23683
9,61.8794,43.2752,1.23225
9,61.9794,43.3047,1.22767
9,62.0794,43.3337,1.2231
9,62.1794,43.3623,1.21854
9,62.2794,43.3904,1.21399
9,62.3794,43.4182,1.20945
9,62.4794,43.4455,1.20492
9,62.5794,43.4724,1.2004
9,62.6794,43.4989,1.19589
9,62.7794,43.5249,1.19139
9,62.8794,43.5504,1.18689
9,62.9794,43.5755,1.18241
9,63.0794,43.6002,1.17794
9,63.1794,43.6244,1.17347
9,63.2794,43.6481,1.16901
9,63.3794,43.6714,1.16457
9,63.4794,43.6942,1.16013
9,63.5794,43.7165,1.1557
9,63.6794,43.7383,1.15128
9,63.7794,43.7597,1.14687
9,63.8794,43.7805,1.14247
9,63.9794,43.8009,1.13807
9,64.0794,43.8208,1.13369
9,64.1794,43.8401,1.12931
9,64.2794,43.859,1.12495
9,64.3794,43.8773,1.12059
9,64.4794,43.8951,1.11624
9,64.5794,43.9124,1.1119
9,64.6794,43.9292,1.10757
9,64.7794,43.9454,1.10325
9,64.8794,43.9611,1.09893
9,64.9794,43.9763,1.09463
9,65.0794,43.9909,1.09033
9,65.1794,44.0049,1.08605
9,65.2794,44.0184,1.08177
9,65.3794,44.0313,1.0775
9,65.4794,44.0437,1.07324
9,65.5794,44.0554,1.06899
9,65.6794,44.0666,1.06474
9,65.7794,44.0772,1.06051
9,65.8794,44.0872,1.05628
9,65.9794,44.0967,1.05206
9,66.0794,44.1055,1.04785
9,66.1794,44.1136,1.04365
9,66.2794,44.1212,1.03946
9,66.3794,44.1282,1.03528
9,66.4794,44.1345,1.0311
9,66.5794,44.1402,1.02694
9,66.6794,44.1452,1.02278
9,66.7794,44.1496,1.01863
9,66.8794,44.1533,1.01449
9,66.9794,44.1564,1.01036
9,67.0794,44.1588,1.00623
9,67.1794,44.1605,1.00212
9,67.2794,44.1615,0.998008
9,67.3794,44.1619,0.99391
9,67.4794,44.1615,0.98982
9,67.5794,44.1604,0.985738
9,67.6794,44.1587,0.981664
9,67.7794,44.1562,0.977599
9,67.8794,44.153,0.973543
9,67.9794,44.149,0.969495
9,68.0794,44.1443,0.965455
9,68.1794,44.1389,0.961424
9,68.2794,44.1327,0.957401
9,68.3794,44.1257,0.953386
9,68.4794,44.1179,0.94938
9,68.5794,44.1094,0.945382
9,68.6794,44.1001,0.941393
9,68.7794,44.09,0.937412
9,68.8794,44.079,0.93344
9,68.9794,44.0673,0.929475
9,69.0794,44.0547,0.92552
9,69.1794,44.0413,0.921572
9,69.2794,44.0271,0.917633
9,69.3794,44.012,0.913703
9,69.4794,43.996,0.909781
9,69.5794,43.9792,0.905867
9,69.6794,43.9615,0.901962
9,69.7794,43.9429,0.898065
9,69.8794,43.9234,0.894177
9,69.9794,43.903,0.890297
9,70.0794,43.8817,0.886425
9,70.1794,43.8594,0.882562
9,70.2794,43.8362,0.878708
9,70.3794,43.8121,0.874862
9,70.4794,43.787,0.871025
9,70.5794,43.7609,0.867196
9,70.6794,43.7339,0.863375
9,70.7794,43.7058,0.859563
9,70.8794,43.6768,0.85576
9,70.9794,43.6467,0.851965
9,71.0794,43.6157,0.848179
9,71.1794,43.5835,0.844402
9,71.2794,43.5504,0.840633
9,71.3794,43.5161,0.836873
9,71.4794,43.4809,0.833121
9,71.5794,43.4445,0.829378
9,71.6794,43.407,0.825644
9,71.7794,43.3684,0.821919
9,71.8794,43.3287,0.818202
9,71.9794,43.2879,0.814494
9,72.0794,43.2459,0.810795
9,72.1794,43.2028,0.807105
9,72.2794,43.1584,0.803424
9,72.3794,43.1129,0.799751
9,72.4794,43.0662,0.796088
9,72.5794,43.0183,0.792433
9,72.6794,42.9692,0.788788
9,72.7794,42.9188,0.785151
9,72.8794,42.8672,0.781524
9,72.9794,42.8143,0.777906
9,73.0794,42.7601,0.774297
9,73.1794,42.7047,0.770697
9,73.2794,42.6479,0.767106
9,73.3794,42.5897,0.763524
9,73.4794,42.5303,0.759952
9,73.5794,42.4695,0.756389
9,73.6794,42.4073,0.752836
9,73.7794,42.3437,0.749292
9,73.8794,42.2787,0.745757
9,73.9794,42.2123,0.742232
9,74.0794,42.1444,0.738716
9,74.1794,42.0751,0.73521
9,74.2794,42.0044,0.731714
9,74.3794,41.9321,0.728228
9,74.4794,41.8583,0.724751
9,74.5794,41.783,0.721284
9,74.6794,41.7062,0.717827
9,74.7794,41.6278,0.71438
9,74.8794,41.5478,0.710943
9,74.9794,41.4663,0.707516
9,75.0794,41.3831,0.704099
9,75.1794,41.2983,0.700692
9,75.2794,41.2118,0.697296
9,75.3794,41.1236,0.69391
9,75.4794,41.0338,0.690534
9,75.5794,40.9423,0.687169
9,75.6794,40.849,0.683814
9,75.7794,40.754,0.68047
9,75.8794,40.6572,0.677136
9,75.9794,40.5586,0.673814
9,76.0794,40.4582,0.670502
9,76.1794,40.356,0.667201
9,76.2794,40.2519,0.663911
9,76.3794,40.146,0.660633
9,76.4794,40.0381,0.657365
9,76.5794,39.9283,0.654109
9,76.6794,39.8166,0.650864
9,76.7794,39.703,0.64763
9,76.8794,39.5873,0.644408
9,76.9794,39.4696,0.641198
9,77.0794,39.3499,0.638
9,77.1794,39.2282,0.634813
9,77.2794,39.1044,0.631638
9,77.3794,38.9784,0.628476
9,77.4794,38.8504,0.625325
9,77.5794,38.7202,0.622187
9,77.6794,38.5878,0.619061
9,77.7794,38.4533,0.615948
9,77.8794,38.3165,0.612847
9,77.9794,38.1774,0.609759
9,78.0794,38.0361,0.606684
9,78.1794,37.8925,0.603621
9,78.2794,37.7466,0.600572
9,78.3794,37.5984,0.597536
9,78.4794,37.4477,0.594514
9,78.5794,37.2947,0.591505
9,78.6794,37.1392,0.58851
9,78.7794,36.9813,0.585528
9,78.8794,36.8209,0.58256
9,78.9794,36.6581,0.579607
9,79.0794,36.4927,0.576667
9,79.1794,36.3247,0.573742
9,79.2794,36.1541,0.570831
9,79.3794,35.981,0.567935
9,79.4794,35.8052,0.565054
9,79.5794,35.6268,0.562188
9,79.6794,35.4456,0.559337
9,79.7794,35.2618,0.556501
9,79.8794,35.0752,0.553681
9,79.9794,34.8859,0.550876
9,80.0794,34.6937,0.548088
9,80.1794,34.4988,0.545315
9,80.2794,34.3009,0.542558
9,80.3794,34.1002,0.539818
9,80.4794,33.8967,0.537094
9,80.5794,33.6901,0.534387
9,80.6794,33.4807,0.531697
9,80.7794,33.2682,0.529024
9,80.8794,33.0528,0.526368
9,80.9794,32.8343,0.52373
9,81.0794,32.6128,0.52111
9,81.1794,32.3881,0.518507
9,81.2794,32.1604,0.515923
9,81.3794,31.9295,0.513357
9,81.4794,31.6955,0.510809
9,81.5794,31.4583,0.508281
9,81.6794,31.2179,0.505771
9,81.7794,30.9743,0.503281
9,81.8794,30.7274,0.50081
9,81.9794,30.4773,0.498359
9,82.0794,30.2238,0.495928
9,82.1794,29.9671,0.493516
9,82.2794,29.707,0.491126
9,82.3794,29.4435,0.488756
9,82.4794,29.1767,0.486407
9,82.5794,28.9065,0.484079
9,82.6794,28.6329,0.481773
9,82.7794,28.3558,0.479488
9,82.8794,28.0753,0.477225
9,82.9794,27.7913,0.474984
9,83.0794,27.5039,0.472766
9,83.1794,27.213,0.470571
9,83.2794,26.9186,0.468398
9,83.3794,26.6206,0.466249
9,83.4794,26.3192,0.464123
9,83.5794,26.0142,0.462021
9,83.6794,25.7057,0.459944
9,83.7794,25.3936,0.45789
9,83.8794,25.078,0.455862
9,83.9794,24.7588,0.453858
9,84.0794,24.4361,0.451879
9,84.1794,24.1098,0.449926
9,84.2794,23.7799,0.447999
9,84.3794,23.4465,0.446098
9,84.4794,23.1096,0.444223
9,84.5794,22.7691,0.442375
9,84.6794,22.4251,0.440554
9,84.7794,22.0775,0.438761
9,84.8794,21.7264,0.436994
9,84.9794,21.3718,0.435256
9,85.0794,21.0138,0.433546
9,85.1794,20.6522,0.431864
9,85.2794,20.2872,0.430211
9,85.3794,19.9187,0.428587
9,85.4794,19.5469,0.426993
9,85.5794,19.1716,0.425428
9,85.6794,18.793,0.423893
9,85.7794,18.4111,0.422388
9,85.8794,18.0258,0.420913
9,85.9794,17.6373,0.41947
9,86.0794,17.2456,0.418058
9,86.1794,16.8506,0.416677
9,86.2794,16.4526,0.415327
9,86.3794,16.0514,0.41401
9,86.4794,15.6471,0.412724
9,86.5794,15.2399,0.411472
9,86.6794,14.8296,0.410251
9,86.7794,14.4165,0.409064
9,86.8794,14.0005,0.407911
9,86.9794,13.5817,0.40679
9,87.0794,13.1602,0.405704
9,87.1794,12.736,0.404652
9,87.2794,12.3091,0.403633
9,87.3794,11.8798,0.40265
9,87.4794,11.448,0.401701
9,87.5794,11.0137,0.400787
9,87.6794,10.5772,0.399908
9,87.7794,10.1384,0.399065
9,87.8794,9.69741,0.398257
9,87.9794,9.25436,0.397485
9,88.0794,8.8093,0.396749
9,88.1794,8.36232,0.39605
9,88.2794,7.91351,0.395386
9,88.3794,7.46295,0.394759
9,88.4794,7.01075,0.394169
9,88.5794,6.55698,0.393616
9,88.6794,6.10175,0.393099
9,88.7794,5.64516,0.39262
9,88.8794,5.18729,0.392178
9,88.9794,4.72825,0.391773
9,89.0794,4.26814,0.391406
9,89.1794,3.80706,0.391077
9,89.2794,3.34511,0.390785
9,89.3794,2.88239,0.39053
9,89.4794,2.41902,0.390314
9,89.5794,1.95509,0.390135
9,89.6794,1.49071,0.389994
9,89.7794,1.02599,0.389892
9,89.8794,0.561037,0.389827
9,89.9794,0.0959524,0.3898
9.5,6.04233,0,9.5
9.5,6.14233,0.163487,9.44563
9.5,6.24233,0.324394,9.39264
9.5,6.34233,0.48284,9.34093
9.5,6.44233,0.638939,9.29039
9.5,6.54233,0.792798,9.24094
9.5,6.64233,0.944515,9.1925
9.5,6.74233,1.09419,9.14499
9.5,6.84233,1.2419,9.09834
9.5,6.94233,1.38773,9.0525
9.5,7.04233,1.53178,9.00741
9.5,7.14233,1.6741,8.96301
9.5,7.24233,1.81476,8.91928
9.5,7.34233,1.95385,8.87615
9.5,7.44233,2.09141,8.8336
9.5,7.54233,2.22751,8.79159
9.5,7.64233,2.36221,8.75009
9.5,7.74233,2.49555,8.70906
9.5,7.84233,2.6276,8.66849
9.5,7.94233,2.75839,8.62835
9.5,8.04233,2.88797,8.58861
9.5,8.14233,3.0164,8.54926
9.5,8.24233,3.1437,8.51028
9.5,8.34233,3.26992,8.47164
9.5,8.44233,3.3951,8.43334
9.5,8.54233,3.51927,8.39535
9.5,8.64233,3.64247,8.35767
9.5,8.74233,3.76473,8.32029
9.5,8.84233,3.88608,8.28318
9.5,8.94233,4.00655,8.24635
9.5,9.04233,4.12617,8.20977
9.5,9.14233,4.24497,8.17345
9.5,9.24233,4.36297,8.13737
9.5,9.34233,4.4802,8.10153
9.5,9.44233,4.59668,8.06592
9.5,9.54233,4.71244,8.03053
9.5,9.64233,4.82749,7.99536
9.5,9.74233,4.94186,7.9604
9.5,9.84233,5.05557,7.92564
9.5,9.94233,5.16864,7.89109
9.5,10.0423,5.28109,7.85673
9.5,10.1423,5.39293,7.82257
9.5,10.2423,5.50418,7.7886
9.5,10.3423,5.61487,7.75481
9.5,10.4423,5.72499,7.72121
9.5,10.5423,5.83458,7.68778
9.5,10.6423,5.94364,7.65454
9.5,10.7423,6.05219,7.62147
9.5,10.8423,6.16024,7.58857
9.5,10.9423,6.26781,7.55584
9.5,11.0423,6.3749,7.52328
9.5,11.1423,6.48154,7.49089
9.5,11.2423,6.58773,7.45866
9.5,11.3423,6.69348,7.4266
9.5,11.4423,6.79881,7.3947
9.5,11.5423,6.90372,7.36296
9.5,11.6423,7.00823,7.33138
9.5,11.7423,7.11234,7.29995
9.5,11.8423,7.21607,7.26869
9.5,11.9423,7.31942,7.23757
9.5,12.0423,7.42241,7.20662
9.5,12.1423,7.52503,7.17582
9.5,12.2423,7.62731,7.14517
9.5,12.3423,7.72924,7.11467
9.5,12.4423,7.83084,7.08433
9.5,12.5423,7.93211,7.05413
9.5,12.6423,8.03307,7.02409
9.5,12.7423,8.13371,6.99419
9.5,12.8423,8.23404,6.96445
9.5,12.9423,8.33408,6.93485
9.5,13.0423,8.43383,6.9054
9.5,13.1423,8.53328,6.8761
9.5,13.2423,8.63246,6.84694
9.5,13.3423,8.73136,6.81793
9.5,13.4423,8.83,6.78906
9.5,13.5423,8.92837,6.76034
9.5,13.6423,9.02648,6.73177
9.5,13.7423,9.12434,6.70334
9.5,13.8423,9.22195,6.67505
9.5,13.9423,9.31932,6.6469
9.5,14.0423,9.41645,6.6189
9.5,14.1423,9.51335,6.59103
9.5,14.2423,9.61001,6.56331
9.5,14.3423,9.70646,6.53573
9.5,14.4423,9.80268,6.50829
9.5,14.5423,9.89868,6.48099
9.5,14.6423,9.99448,6.45383
9.5,14.7423,10.0901,6.42681
9.5,14.8423,10.1854,6.39993
9.5,14.9423,10.2806,6.37319
9.5,15.0423,10.3756,6.34658
9.5,15.1423,10.4704,6.32011
9.5,15.2423,10.565,6.29378
9.5,15.3423,10.6594,6.26758
9.5,15.4423,10.7536,6.24152
9.5,15.5423,10.8476,6.21559
9.5,15.6423,10.9415,6.1898
9.5,15.7423,11.0352,6.16414
9.5,15.8423,11.1287,6.13862
9.5,15.9423,11.2221,6.11322
9.5,16.0423,11.3152,6.08796
9.5,16.1423,11.4082,6.06284
9.5,16.2423,11.5011,6.03784
9.5,16.3423,11.5938,6.01298
9.5,16.4423,11.6863,5.98824
9.5,16.5423,11.7787,5.96364
9.5,16.6423,11.8709,5.93916
9.5,16.7423,11.963,5.91482
9.5,16.8423,12.0549,5.8906
9.5,16.9423,12.1467,5.86651
9.5,17.0423,12.2383,5.84255
9.5,17.1423,12.3298,5.81871
9.5,17.2423,12.4212,5.795
9.5,17.3423,12.5124,5.77141
9.5,17.4423,12.6035,5.74795
9.5,17.5423,12.6944,5.72461
9.5,17.6423,12.7853,5.7014
9.5,17.7423,12.8759,5.67831
9.5,17.8423,12.9665,5.65534
9.5,17.9423,13.0569,5.63249
9.5,18.0423,13.1472,5.60977
9.5,18.1423,13.2374,5.58716
9.5,18.2423,13.3275,5.56468
9.5,18.3423,13.4174,5.54231
9.5,18.4423,13.5072,5.52006
9.5,18.5423,13.5969,5.49793
9.5,18.6423,13.6865,5.47592
9.5,18.7423,13.776,5.45403
9.5,18.8423,13.8653,5.43225
9.5,18.9423,13.9546,5.41059
9.5,19.0423,14.0437,5.38904
9.5,19.1423,14.1327,5.36761
9.5,19.2423,14.2216,5.34629
9.5,19.3423,14.3104,5.32508
9.5,19.4423,14.3991,5.30399
9.5,19.5423,14.4877,5.283
9.5,19.6423,14.5762,5.26213
9.5,19.7423,14.6646,5.24137
9.5,19.8423,14.7528,5.22072
9.5,19.9423,14.841,5.20018
9.5,20.0423,14.9291,5.17975
9.5,20.1423,15.0171,5.15942
9.5,20.2423,15.1049,5.13921
9.5,20.3423,15.1927,5.1191
9.5,20.4423,15.2804,5.09909
9.5,20.5423,15.368,5.07919
9.5,20.6423,15.4555,5.0594
9.5,20.7423,15.5429,5.03971
9.5,20.8423,15.6302,5.02013
9.5,20.9423,15.7174,5.00064
9.5,21.0423,15.8045,4.98126
9.5,21.1423,15.8916,4.96199
9.5,21.2423,15.9785,4.94281
9.5,21.3423,16.0654,4.92373
9.5,21.4423,16.1521,4.90476
9.5,21.5423,16.2388,4.88588
9.5,21.6423,16.3254,4.8671
9.5,21.7423,16.4119,4.84842
9.5,21.8423,16.4983,4.82984
9.5,21.9423,16.5846,4.81135
9.5,22.0423,16.6709,4.79296
9.5,22.1423,16.757,4.77467
9.5,22.2423,16.8431,4.75647
9.5,22.3423,16.9291,4.73837
9.5,22.4423,17.015,4.72036
9.5,22.5423,17.1009,4.70244
9.5,22.6423,17.1866,4.68462
9.5,22.7423,17.2723,4.66688
9.5,22.8423,17.3579,4.64924
9.5,22.9423,17.4434,4.63169
9.5,23.0423,17.5288,4.61423
9.5,23.1423,17.6142,4.59686
9.5,23.2423,17.6994,4.57958
9.5,23.3423,17.7846,4.56239
9.5,23.4423,17.8698,4.54529
9.5,23.5423,17.9548,4.52827
9.5,23.6423,18.0398,4.51134
9.5,23.7423,18.1246,4.49449
9.5,23.8423,18.2095,4.47774
9.5,23.9423,18.2942,4.46106
9.5,24.0423,18.3789,4.44447
9.5,24.1423,18.4634,4.42797
9.5,24.2423,18.548,4.41155
9.5,24.3423,18.6324,4.39521
9.5,24.4423,18.7168,4.37896
9.5,24.5423,18.801,4.36278
9.5,24.6423,18.8853,4.34669
9.5,24.7423,18.9694,4.33068
9.5,24.8423,19.0535,4.31474
9.5,24.9423,19.1375,4.29889
9.5,25.0423,19.2214,4.28312
9.5,25.1423,19.3053,4.26742
9.5,25.2423,19.389,4.25181
9.5,25.3423,19.4728,4.23627
9.5,25.4423,19.5564,4.22081
9.5,25.5423,19.64,4.20542
9.5,25.6423,19.7235,4.19011
9.5,25.7423,19.8069,4.17488
9.5,25.8423,19.8903,4.15972
9.5,25.9423,19.9735,4.14463
9.5,26.0423,20.0568,4.12962
9.5,26.1423,20.1399,4.11469
9.5,26.2423,20.223,4.09982
9.5,26.3423,20.306,4.08503
9.5,26.4423,20.389,4.07031
9.5,26.5423,20.4718,4.05566
9.5,26.6423,20.5546,4.04108
9.5,26.7423,20.6374,4.02658
9.5,26.8423,20.72,4.01214
9.5,26.9423,20.8026,3.99777
9.5,27.0423,20.8852,3.98347
9.5,27.1423,20.9676,3.96924
9.5,27.2423,21.05,3.95508
9.5,27.3423,21.1324,3.94099
9.5,27.4423,21.2146,3.92696
9.5,27.5423,21.2968,3.913
9.5,27.6423,21.3789,3.89911
9.5,27.7423,21.461,3.88528
9.5,27.8423,21.543,3.87152
9.5,27.9423,21.6249,3.85782
9.5,28.0423,21.7068,3.84419
9.5,28.1423,21.7885,3.83062
9.5,28.2423,21.8703,3.81711
9.5,28.3423,21.9519,3.80367
9.5,28.4423,22.0335,3.79029
9.5,28.5423,22.115,3.77698
9.5,28.6423,22.1965,3.76372
9.5,28.7423,22.2779,3.75053
9.5,28.8423,22.3592,3.7374
9.5,28.9423,22.4404,3.72433
9.5,29.0423,22.5216,3.71131
9.5,29.1423,22.6027,3.69836
9.5,29.2423,22.6838,3.68547
9.5,29.3423,22.7648,3.67264
9.5,29.4423,22.8457,3.65986
9.5,29.5423,22.9265,3.64715
9.5,29.6423,23.0073,3.63449
9.5,29.7423,23.088,3.62189
9.5,29.8423,23.1687,3.60935
9.5,29.9423,23.2493,3.59686
9.5,30.0423,23.3298,3.58443
9.5,30.1423,23.4102,3.57206
9.5,30.2423,23.4906,3.55974
9.5,30.3423,23.5709,3.54747
9.5,30.4423,23.6512,3.53527
9.5,30.5423,23.7313,3.52311
9.5,30.6423,23.8114,3.51101
9.5,30.7423,23.8915,3.49896
9.5,30.8423,23.9715,3.48697
9.5,30.9423,24.0514,3.47503
9.5,31.0423,24.1312,3.46314
9.5,31.1423,24.211,3.45131
9.5,31.2423,24.2907,3.43953
9.5,31.3423,24.3703,3.42779
9.5,31.4423,24.4499,3.41611
9.5,31.5423,24.5294,3.40449
9.5,31.6423,24.6088,3.39291
9.5,31.7423,24.6882,3.38138
9.5,31.8423,24.7675,3.3699
9.5,31.9423,24.8467,3.35847
9.5,32.0423,24.9259,3.34709
9.5,32.1423,25.005,3.33576
9.5,32.2423,25.084,3.32448
9.5,32.3423,25.1629,3.31324
9.5,32.4423,25.2418,3.30206
9.5,32.5423,25.3206,3.29092
9.5,32.6423,25.3994,3.27983
9.5,32.7423,25.4781,3.26878
9.5,32.8423,25.5567,3.25778
9.5,32.9423,25.6352,3.24683
9.5,33.0423,25.7137,3.23593
9.5,33.1423,25.7921,3.22507
9.5,33.2423,25.8704,3.21425
9.5,33.3423,25.9486,3.20349
9.5,33.4423,26.0268,3.19276
9.5,33.5423,26.1049,3.18208
9.5,33.6423,26.183,3.17145
9.5,33.7423,26.261,3.16086
9.5,33.8423,26.3389,3.15031
9.5,33.9423,26.4167,3.1398
9.5,34.0423,26.4944,3.12934
9.5,34.1423,26.5721,3.11892
9.5,34.2423,26.6497,3.10855
9.5,34.3423,26.7273,3.09821
9.5,34.4423,26.8047,3.08792
9.5,34.5423,26.8821,3.07767
9.5,34.6423,26.9594,3.06747
9.5,34.7423,27.0367,3.0573
9.5,34.8423,27.1139,3.04717
9.5,34.9423,27.191,3.03709
9.5,35.0423,27.268,3.02704
9.5,35.1423,27.3449,3.01704
9.5,35.2423,27.4218,3.00707
9.5,35.3423,27.4986,2.99715
9.5,35.4423,27.5753,2.98726
9.5,35.5423,27.652,2.97741
9.5,35.6423,27.7286,2.9676
9.5,35.7423,27.8051,2.95783
9.5,35.8423,27.8815,2.9481
9.5,35.9423,27.9578,2.93841
9.5,36.0423,28.0341,2.92875
9.5,36.1423,28.1103,2.91914
9.5,36.2423,28.1864,2.90956
9.5,36.3423,28.2625,2.90001
9.5,36.4423,28.3384,2.89051
9.5,36.5423,28.4143,2.88104
9.5,36.6423,28.4901,2.8716
9.5,36.7423,28.5659,2.86221
9.5,36.8423,28.6415,2.85285
9.5,36.9423,28.7171,2.84352
9.5,37.0423,28.7926,2.83423
9.5,37.1423,28.868,2.82498
9.5,37.2423,28.9433,2.81576
9.5,37.3423,29.0186,2.80657
9.5,37.4423,29.0937,2.79742
9.5,37.5423,29.1688,2.78831
9.5,37.6423,29.2438,2.77922
9.5,37.7423,29.3188,2.77018
9.5,37.8423,29.3936,2.76116
9.5,37.9423,29.4684,2.75218
9.5,38.0423,29.543,2.74324
9.5,38.1423,29.6176,2.73432
9.5,38.2423,29.6922,2.72544
9.5,38.3423,29.7666,2.71659
9.5,38.4423,29.8409,2.70778
9.5,38.5423,29.9152,2.69899
9.5,38.6423,29.9894,2.69024
9.5,38.7423,30.0635,2.68152
9.5,38.8423,30.1375,2.67284
9.5,38.9423,30.2114,2.66418
9.5,39.0423,30.2852,2.65555
9.5,39.1423,30.359,2.64696
9.5,39.2423,30.4326,2.6384
9.5,39.3423,30.5062,2.62987
9.5,39.4423,30.5797,2.62136
9.5,39.5423,30.6531,2.61289
9.5,39.6423,30.7264,2.60445
9.5,39.7423,30.7996,2.59604
9.5,39.8423,30.8727,2.58766
9.5,39.9423,30.9458,2.57931
9.5,40.0423,31.0187,2.57099
9.5,40.1423,31.0916,2.56269
9.5,40.2423,31.1643,2.55443
9.5,40.3423,31.237,2.54619
9.5,40.4423,31.3096,2.53799
9.5,40.5423,31.3821,2.52981
9.5,40.6423,31.4545,2.52166
9.5,40.7423,31.5268,2.51354
9.5,40.8423,31.599,2.50545
9.5,40.9423,31.6711,2.49738
9.5,41.0423,31.7431,2.48934
9.5,41.1423,31.815,2.48133
9.5,41.2423,31.8869,2.47335
9.5,41.3423,31.9586,2.46539
9.5,41.4423,32.0302,2.45747
9.5,41.5423,32.1018,2.44956
9.5,41.6423,32.1732,2.44169
9.5,41.7423,32.2445,2.43384
9.5,41.8423,32.3158,2.42602
9.5,41.9423,32.3869,2.41822
9.5,42.0423,32.458,2.41045
9.5,42.1423,32.5289,2.40271
9.5,42.2423,32.5998,2.39499
9.5,42.3423,32.6705,2.3873
9.5,42.4423,32.7411,2.37963
9.5,42.5423,32.8117,2.37199
9.5,42.6423,32.8821,2.36438
9.5,42.7423,32.9524,2.35678
9.5,42.8423,33.0227,2.34922
9.5,42.9423,33.0928,2.34168
9.5,43.0423,33.1628,2.33416
9.5,43.1423,33.2327,2.32667
9.5,43.2423,33.3025,2.3192
9.5,43.3423,33.3722,2.31175
9.5,43.4423,33.4418,2.30433
9.5,43.5423,33.5113,2.29694
9.5,43.6423,33.5806,2.28956
9.5,43.7423,33.6499,2.28222
9.5,43.8423,33.719,2.27489
9.5,43.9423,33.7881,2.26759
9.5,44.0423,33.857,2.26031
9.5,44.1423,33.9258,2.25305
9.5,44.2423,33.9945,2.24582
9.5,44.3423,34.0631,2.23861
9.5,44.4423,34.1316,2.23142
9.5,44.5423,34.2,2.22426
9.5,44.6423,34.2682,2.21711
9.5,44.7423,34.3363,2.20999
9.5,44.8423,34.4044,2.20289
9.5,44.9423,34.4723,2.19582
9.5,45.0423,34.54,2.18876
9.5,45.1423,34.6077,2.18173
9.5,45.2423,34.6752,2.17472
9.5,45.3423,34.7427,2.16773
9.5,45.4423,34.81,2.16076
9.5,45.5423,34.8772,2.15381
9.5,45.6423,34.9442,2.14689
9.5,45.7423,35.0111,2.13998
9.5,45.8423,35.078,2.1331
9.5,45.9423,35.1446,2.12623
9.5,46.0423,35.2112,2.11939
9.5,46.1423,35.2776,2.11257
9.5,46.2423,35.344,2.10577
9.5,46.3423,35.4101,2.09899
9.5,46.4423,35.4762,2.09223
9.5,46.5423,35.5421,2.08548
9.5,46.6423,35.6079,2.07876
9.5,46.7423,35.6736,2.07206
9.5,46.8423,35.7391,2.06538
9.5,46.9423,35.8045,2.05872
9.5,47.0423,35.8698,2.05208
9.5,47.1423,35.9349,2.04545
9.5,47.2423,35.9999,2.03885
9.5,47.3423,36.0648,2.03227
9.5,47.4423,36.1295,2.0257
9.5,47.5423,36.1941,2.01916
9.5,47.6423,36.2586,2.01263
9.5,47.7423,36.3229,2.00612
9.5,47.8423,36.3871,1.99963
9.5,47.9423,36.4511,1.99316
9.5,48.0423,36.515,1.98671
9.5,48.1423,36.5787,1.98027
9.5,48.2423,36.6424,1.97386
9.5,48.3423,36.7058,1.96746
9.5,48.4423,36.7691,1.96108
9.5,48.5423,36.8323,1.95472
9.5,48.6423,36.8953,1.94837
9.5,48.7423,36.9582,1.94205
9.5,48.8423,37.0209,1.93574
9.5,48.9423,37.0835,1.92945
9.5,49.0423,37.146,1.92317
9.5,49.1423,37.2082,1.91692
9.5,49.2423,37.2704,1.91068
9.5,49.3423,37.3323,1.90446
9.5,49.4423,37.3941,1.89826
9.5,49.5423,37.4558,1.89207
9.5,49.6423,37.5173,1.8859
9.5,49.7423,37.5786,1.87974
9.5,49.8423,37.6398,1.87361
9.5,49.9423,37.7008,1.86749
9.5,50.0423,37.7617,1.86139
9.5,50.1423,37.8224,1.8553
9.5,50.2423,37.883,1.84923
9.5,50.3423,37.9433,1.84317
9.5,50.4423,38.0035,1.83714
9.5,50.5423,38.0636,1.83112
9.5,50.6423,38.1234,1.82511
9.5,50.7423,38.1831,1.81912
9.5,50.8423,38.2427,1.81315
9.5,50.9423,38.302,1.80719
9.5,51.0423,38.3612,1.80125
9.5,51.1423,38.4202,1.79532
9.5,51.2423,38.4791,1.78941
9.5,51.3423,38.5377,1.78352
9.5,51.4423,38.5962,1.77764
9.5,51.5423,38.6545,1.77177
9.5,51.6423,38.7127,1.76592
9.5,51.7423,38.7706,1.76009
9.5,51.8423,38.8284,1.75427
9.5,51.9423,38.886,1.74847
9.5,52.0423,38.9434,1.74268
9.5,52.1423,39.0006,1.7369
9.5,52.2423,39.0576,1.73114
9.5,52.3423,39.1144,1.7254
9.5,52.4423,39.1711,1.71967
9.5,52.5423,39.2275,1.71396
9.5,52.6423,39.2838,1.70825
9.5,52.7423,39.3398,1.70257
9.5,52.8423,39.3957,1.6969
9.5,52.9423,39.4514,1.69124
9.5,53.0423,39.5068,1.6856
9.5,53.1423,39.5621,1.67997
9.5,53.2423,39.6172,1.67435
9.5,53.3423,39.672,1.66875
9.5,53.4423,39.7267,1.66316
9.5,53.5423,39.7812,1.65759
9.5,53.6423,39.8354,1.65203
9.5,53.7423,39.8894,1.64648
9.5,53.8423,39.9433,1.64095
9.5,53.9423,39.9969,1.63543
9.5,54.0423,40.0503,1.62993
9.5,54.1423,40.1035,1.62444
9.5,54.2423,40.1564,1.61896
9.5,54.3423,40.2092,1.61349
9.5,54.4423,40.2617,1.60804
9.5,54.5423,40.314,1.6026
9.5,54.6423,40.3661,1.59718
9.5,54.7423,40.418,1.59177
9.5,54.8423,40.4696,1.58637
9.5,54.9423,40.521,1.58098
9.5,55.0423,40.5722,1.57561
9.5,55.1423,40.6231,1.57025
9.5,55.2423,40.6738,1.5649
9.5,55.3423,40.7243,1.55957
9.5,55.4423,40.7745,1.55424
9.5,55.5423,40.8245,1.54893
9.5,55.6423,40.8742,1.54364
9.5,55.7423,40.9237,1.53835
9.5,55.8423,40.973,1.53308
9.5,55.9423,41.022,1.52782
9.5,56.0423,41.0708,1.52257
9.5,56.1423,41.1193,1.51734
9.5,56.2423,41.1675,1.51212
9.5,56.3423,41.2156,1.5069
9.5,56.4423,41.2633,1.50171
9.5,56.5423,41.3108,1.49652
9.5,56.6423,41.358,1.49134
9.5,56.7423,41.405,1.48618
9.5,56.8423,41.4517,1.48103
9.5,56.9423,41.4981,1.47589
9.5,57.0423,41.5443,1.47076
9.5,57.1423,41.5902,1.46565
9.5,57.2423,41.6358,1.46054
9.5,57.3423,41.6811,1.45545
9.5,57.4423,41.7262,1.45037
9.5,57.5423,41.771,1.4453
9.5,57.6423,41.8155,1.44024
9.5,57.7423,41.8597,1.43519
9.5,57.8423,41.9036,1.43016
9.5,57.9423,41.9472,1.42514
9.5,58.0423,41.9906,1.42012
9.5,58.1423,42.0336,1.41512
9.5,58.2423,42.0764,1.41013
9.5,58.3423,42.1188,1.40515
9.5,58.4423,42.161,1.40018
9.5,58.5423,42.2028,1.39523
9.5,58.6423,42.2444,1.39028
9.5,58.7423,42.2856,1.38534
9.5,58.8423,42.3265,1.38042
9.5,58.9423,42.3671,1.37551
9.5,59.0423,42.4074,1.3706
9.5,59.1423,42.4474,1.36571
9.5,59.2423,42.487,1.36083
9.5,59.3423,42.5263,1.35596
9.5,59.4423,42.5653,1.3511
9.5,59.5423,42.604,1.34625
9.5,59.6423,42.6423,1.34141
9.5,59.7423,42.6803,1.33658
9.5,59.8423,42.7179,1.33176
9.5,59.9423,42.7552,1.32696
9.5,60.0423,42.7922,1.32216
9.5,60.1423,42.8288,1.31737
9.5,60.2423,42.8651,1.3126
9.5,60.3423,42.901,1.30783
9.5,60.4423,42.9365,1.30307
9.5,60.5423,42.9717,1.29833
9.5,60.6423,43.0065,1.29359
9.5,60.7423,43.041,1.28886
9.5,60.8423,43.0751,1.28415
9.5,60.9423,43.1088,1.27944
9.5,61.0423,43.1421,1.27475
9.5,61.1423,43.1751,1.27006
9.5,61.2423,43.2076,1.26538
9.5,61.3423,43.2398,1.26072
9.5,61.4423,43.2716,1.25606
9.5,61.5423,43.303,1.25142
9.5,61.6423,43.334,1.24678
9.5,61.7423,43.3646,1.24215
9.5,61.8423,43.3948,1.23754
9.5,61.9423,43.4246,1.23293
9.5,62.0423,43.4539,1.22833
9.5,62.1423,43.4829,1.22374
9.5,62.2423,43.5114,1.21916
9.5,62.3423,43.5395,1.21459
9.5,62.4423,43.5672,1.21003
9.5,62.5423,43.5945,1.20548
9.5,62.6423,43.6213,1.20094
9.5,62.7423,43.6477,1.19641
9.5,62.8423,43.6736,1.19189
9.5,62.9423,43.6991,1.18738
9.5,63.0423,43.7241,1.18287
9.5,63.1423,43.7487,1.17838
9.5,63.2423,43.7728,1.17389
9.5,63.3423,43.7965,1.16942
9.5,63.4423,43.8197,1.16495
9.5,63.5423,43.8424,1.16049
9.5,63.6423,43.8646,1.15605
9.5,63.7423,43.8864,1.15161
9.5,63.8423,43.9077,1.14718
9.5,63.9423,43.9284,1.14276
9.5,64.0423,43.9487,1.13835
9.5,64.1423,43.9685,1.13394
9.5,64.2423,43.9878,1.12955
9.5,64.3423,44.0066,1.12517
9.5,64.4423,44.0248,1.12079
9.5,64.5423,44.0425,1.11642
9.5,64.6423,44.0597,1.11207
9.5,64.7423,44.0764,1.10772
9.5,64.8423,44.0925,1.10338
9.5,64.9423,44.1081,1.09905
9.5,65.0423,44.1232,1.09472
9.5,65.1423,44.1377,1.09041
9.5,65.2423,44.1516,1.08611
9.5,65.3423,44.165,1.08181
9.5,65.4423,44.1778,1.07752
9.5,65.5423,44.1901,1.07325
9.5,65.6423,44.2017,1.06898
9.5,65.7423,44.2128,1.06472
9.5,65.8423,44.2233,1.06046
9.5,65.9423,44.2332,1.05622
9.5,66.0423,44.2425,1.05199
9.5,66.1423,44.2512,1.04776
9.5,66.2423,44.2592,1.04354
9.5,66.3423,44.2667,1.03933
9.5,66.4423,44.2735,1.03513
9.5,66.5423,44.2797,1.03094
9.5,66.6423,44.2852,1.02676
9.5,66.7423,44.2901,1.02258
9.5,66.8423,44.2944,1.01842
9.5,66.9423,44.298,1.01426
9.5,67.0423,44.3009,1.01011
9.5,67.1423,44.3031,1.00597
9.5,67.2423,44.3047,1.00184
9.5,67.3423,44.3056,0.997718
9.5,67.4423,44.3058,0.993603
9.5,67.5423,44.3053,0.989497
9.5,67.6423,44.304,0.985399
9.5,67.7423,44.3021,0.98131
9.5,67.8423,44.2994,0.97723
9.5,67.9423,44.2961,0.973158
9.5,68.0423,44.2919,0.969094
9.5,68.1423,44.2871,0.965039
9.5,68.2423,44.2814,0.960992
9.5,68.3423,44.275,0.956954
9.5,68.4423,44.2679,0.952924
9.5,68.5423,44.2599,0.948903
9.5,68.6423,44.2512,0.94489
9.5,68.7423,44.2417,0.940885
9.5,68.8423,44.2314,0.936889
9.5,68.9423,44.2202,0.932902
9.5,69.0423,44.2083,0.928923
9.5,69.1423,44.1955,0.924952
9.5,69.2423,44.1819,0.92099
9.5,69.3423,44.1674,0.917036
9.5,69.4423,44.1521,0.913091
9.5,69.5423,44.1359,0.909155
9.5,69.6423,44.1188,0.905226
9.5,69.7423,44.1009,0.901307
9.5,69.8423,44.082,0.897395
9.5,69.9423,44.0623,0.893493
9.5,70.0423,44.0416,0.889598
9.5,70.1423,44.02,0.885713
9.5,70.2423,43.9975,0.881836
9.5,70.3423,43.974,0.877967
9.5,70.4423,43.9496,0.874107
9.5,70.5423,43.9242,0.870255
9.5,70.6423,43.8979,0.866412
9.5,70.7423,43.8705,0.862578
9.5,70.8423,43.8422,0.858752
9.5,70.9423,43.8128,0.854935
9.5,71.0423,43.7825,0.851127
9.5,71.1423,43.7511,0.847327
9.5,71.2423,43.7186,0.843536
9.5,71.3423,43.6851,0.839753
9.5,71.4423,43.6505,0.835979
9.5,71.5423,43.6149,0.832214
9.5,71.6423,43.5782,0.828458
9.5,71.7423,43.5403,0.82471
9.5,71.8423,43.5014,0.820972
9.5,71.9423,43.4613,0.817242
9.5,72.0423,43.4201,0.813521
9.5,72.1423,43.3777,0.809809
9.5,72.2423,43.3341,0.806105
9.5,72.3423,43.2894,0.802411
9.5,72.4423,43.2435,0.798726
9.5,72.5423,43.1964,0.795049
9.5,72.6423,43.148,0.791382
9.5,72.7423,43.0985,0.787723
9.5,72.8423,43.0476,0.784074
9.5,72.9423,42.9955,0.780434
9.5,73.0423,42.9422,0.776803
9.5,73.1423,42.8875,0.773181
9.5,73.2423,42.8315,0.769569
9.5,73.3423,42.7743,0.765965
9.5,73.4423,42.7156,0.762371
9.5,73.5423,42.6556,0.758787
9.5,73.6423,42.5943,0.755211
9.5,73.7423,42.5316,0.751646
9.5,73.8423,42.4674,0.748089
9.5,73.9423,42.4019,0.744542
9.5,74.0423,42.3349,0.741005
9.5,74.1423,42.2664,0.737478
9.5,74.2423,42.1965,0.73396
9.5,74.3423,42.1251,0.730452
9.5,74.4423,42.0523,0.726953
9.5,74.5423,41.9778,0.723465
9.5,74.6423,41.9019,0.719986
9.5,74.7423,41.8244,0.716517
9.5,74.8423,41.7453,0.713058
9.5,74.9423,41.6647,0.70961
9.5,75.0423,41.5824,0.706171
9.5,75.1423,41.4985,0.702743
9.5,75.2423,41.4129,0.699325
9.5,75.3423,41.3257,0.695917
9.5,75.4423,41.2368,0.69252
9.5,75.5423,41.1462,0.689133
9.5,75.6423,41.0538,0.685756
9.5,75.7423,40.9598,0.68239
9.5,75.8423,40.8639,0.679035
9.5,75.9423,40.7663,0.675691
9.5,76.0423,40.6668,0.672358
9.5,76.1423,40.5656,0.669035
9.5,76.2423,40.4624,0.665723
9.5,76.3423,40.3574,0.662423
9.5,76.4423,40.2506,0.659134
9.5,76.5423,40.1418,0.655855
9.5,76.6423,40.031,0.652589
9.5,76.7423,39.9183,0.649333
9.5,76.8423,39.8036,0.64609
9.5,76.9423,39.687,0.642858
9.5,77.0423,39.5682,0.639637
9.5,77.1423,39.4475,0.636429
9.5,77.2423,39.3246,0.633232
9.5,77.3423,39.1997,0.630047
9.5,77.4423,39.0726,0.626875
9.5,77.5423,38.9434,0.623715
9.5,77.6423,38.8121,0.620567
9.5,77.7423,38.6785,0.617431
9.5,77.8423,38.5427,0.614309
9.5,77.9423,38.4046,0.611199
9.5,78.0423,38.2643,0.608101
9.5,78.1423,38.1217,0.605017
9.5,78.2423,37.9768,0.601946
9.5,78.3423,37.8295,0.598888
9.5,78.4423,37.6799,0.595843
9.5,78.5423,37.5279,0.592812
9.5,78.6423,37.3734,0.589794
9.5,78.7423,37.2165,0.58679
9.5,78.8423,37.0571,0.5838
9.5,78.9423,36.8952,0.580824
9.5,79.0423,36.7308,0.577862
9.5,79.1423,36.5638,0.574914
9.5,79.2423,36.3942,0.571981
9.5,79.3423,36.222,0.569063
9.5,79.4423,36.0472,0.566159
9.5,79.5423,35.8697,0.56327
9.5,79.6423,35.6896,0.560397
9.5,79.7423,35.5067,0.557538
9.5,79.8423,35.321,0.554695
9.5,79.9423,35.1326,0.551868
9.5,80.0423,34.9414,0.549056
9.5,80.1423,34.7474,0.546261
9.5,80.2423,34.5505,0.543481
9.5,80.3423,34.3507,0.540718
9.5,80.4423,34.148,0.537971
9.5,80.5423,33.9424,0.535241
9.5,80.6423,33.7338,0.532528
9.5,80.7423,33.5222,0.529832
9.5,80.8423,33.3076,0.527153
9.5,80.9423,33.09,0.524492
9.5,81.0423,32.8693,0.521849
9.5,81.1423,32.6455,0.519223
9.5,81.2423,32.4185,0.516615
9.5,81.3423,32.1885,0.514026
9.5,81.4423,31.9552,0.511455
9.5,81.5423,31.7188,0.508903
9.5,81.6423,31.4791,0.50637
9.5,81.7423,31.2362,0.503857
9.5,81.8423,30.9901,0.501362
9.5,81.9423,30.7406,0.498888
9.5,82.0423,30.4878,0.496433
9.5,82.1423,30.2317,0.493998
9.5,82.2423,29.9722,0.491584
9.5,82.3423,29.7094,0.48919
9.5,82.4423,29.4431,0.486818
9.5,82.5423,29.1734,0.484466
9.5,82.6423,28.9003,0.482136
9.5,82.7423,28.6238,0.479828
9.5,82.8423,28.3437,0.477541
9.5,82.9423,28.0602,0.475277
9.5,83.0423,27.7732,0.473035
9.5,83.1423,27.4827,0.470815
9.5,83.2423,27.1886,0.468619
9.5,83.3423,26.891,0.466446
9.5,83.4423,26.5898,0.464297
9.5,83.5423,26.285,0.462171
9.5,83.6423,25.9767,0.460069
9.5,83.7423,25.6648,0.457992
9.5,83.8423,25.3493,0.45594
9.5,83.9423,25.0303,0.453912
9.5,84.0423,24.7076,0.45191
9.5,84.1423,24.3813,0.449933
9.5,84.2423,24.0514,0.447982
9.5,84.3423,23.718,0.446057
9.5,84.4423,23.3809,0.444158
9.5,84.5423,23.0402,0.442287
9.5,84.6423,22.696,0.440442
9.5,84.7423,22.3482,0.438624
9.5,84.8423,21.9968,0.436835
9.5,84.9423,21.6418,0.435073
9.5,85.0423,21.2833,0.433339
9.5,85.1423,20.9213,0.431634
9.5,85.2423,20.5558,0.429957
9.5,85.3423,20.1867,0.42831
9.5,85.4423,19.8143,0.426692
9.5,85.5423,19.4383,0.425104
9.5,85.6423,19.059,0.423545
9.5,85.7423,18.6762,0.422018
9.5,85.8423,18.2901,0.42052
9.5,85.9423,17.9007,0.419054
9.5,86.0423,17.508,0.417618
9.5,86.1423,17.112,0.416215
9.5,86.2423,16.7128,0.414842
9.5,86.3423,16.3104,0.413502
9.5,86.4423,15.9049,0.412195
9.5,86.5423,15.4964,0.41092
9.5,86.6423,15.0848,0.409677
9.5,86.7423,14.6702,0.408468
9.5,86.8423,14.2527,0.407293
9.5,86.9423,13.8324,0.406151
9.5,87.0423,13.4092,0.405043
9.5,87.1423,12.9833,0.403969
9.5,87.2423,12.5547,0.402929
9.5,87.3423,12.1235,0.401924
9.5,87.4423,11.6898,0.400955
9.5,87.5423,11.2536,0.40002
9.5,87.6423,10.8151,0.399121
9.5,87.7423,10.3742,0.398257
9.5,87.8423,9.93103,0.397429
9.5,87.9423,9.48575,0.396637
9.5,88.0423,9.0384,0.395882
9.5,88.1423,8.58906,0.395162
9.5,88.2423,8.13783,0.39448
9.5,88.3423,7.68478,0.393834
9.5,88.4423,7.23003,0.393225
9.5,88.5423,6.77365,0.392653
9.5,88.6423,6.31575,0.392118
9.5,88.7423,5.85642,0.391621
9.5,88.8423,5.39576,0.391161
9.5,88.9423,4.93387,0.390739
9.5,89.0423,4.47085,0.390355
9.5,89.1423,4.00681,0.390008
9.5,89.2423,3.54184,0.389699
9.5,89.3423,3.07606,0.389429
9.5,89.4423,2.60957,0.389196
9.5,89.5423,2.14247,0.389002
9.5,89.6423,1.67487,0.388846
9.5,89.7423,1.20689,0.388728
9.5,89.8423,0.738626,0.388649
9.5,89.9423,0.27019,0.388607
10,5.73917,0,10
10,5.83917,0.163596,9.94007
10,5.93917,0.324477,9.88174
10,6.03917,0.482776,9.82489
10,6.13917,0.638619,9.76938
10,6.23917,0.792121,9.71512
10,6.33917,0.943393,9.662
10,6.43917,1.09254,9.60993
10,6.53917,1.23965,9.55885
10,6.63917,1.38482,9.50867
10,6.73917,1.52814,9.45934
10,6.83917,1.66968,9.41079
10,6.93917,1.80953,9.36298
10,7.03917,1.94774,9.31584
10,7.13917,2.0844,9.26935
10,7.23917,2.21956,9.22345
10,7.33917,2.35328,9.17812
10,7.43917,2.48563,9.13332
10,7.53917,2.61665,9.08902
10,7.63917,2.7464,9.04519
10,7.73917,2.87492,9.00181
10,7.83917,3.00227,8.95886
10,7.93917,3.12848,8.91631
10,8.03917,3.2536,8.87414
10,8.13917,3.37767,8.83234
10,8.23917,3.50072,8.79089
10,8.33917,3.62279,8.74977
10,8.43917,3.74392,8.70898
10,8.53917,3.86414,8.6685
10,8.63917,3.98347,8.62831
10,8.73917,4.10195,8.58842
10,8.83917,4.21961,8.5488
10,8.93917,4.33648,8.50945
10,9.03917,4.45257,8.47036
10,9.13917,4.56792,8.43152
10,9.23917,4.68254,8.39294
10,9.33917,4.79647,8.35459
10,9.43917,4.90972,8.31648
10,9.53917,5.02232,8.27859
10,9.63917,5.13427,8.24093
10,9.73917,5.24561,8.2035
10,9.83917,5.35635,8.16627
10,9.93917,5.46651,8.12926
10,10.0392,5.57611,8.09246
10,10.1392,5.68515,8.05587
10,10.2392,5.79367,8.01947
10,10.3392,5.90166,7.98328
10,10.4392,6.00916,7.94729
10,10.5392,6.11616,7.91148
10,10.6392,6.22269,7.87588
10,10.7392,6.32875,7.84046
10,10.8392,6.43436,7.80523
10,10.9392,6.53954,7.77019
10,11.0392,6.64428,7.73533
10,11.1392,6.74861,7.70066
10,11.2392,6.85253,7.66617
10,11.3392,6.95606,7.63186
10,11.4392,7.0592,7.59774
10,11.5392,7.16197,7.56379
10,11.6392,7.26437,7.53002
10,11.7392,7.36641,7.49642
10,11.8392,7.4681,7.46301
10,11.9392,7.56945,7.42977
10,12.0392,7.67047,7.3967
10,12.1392,7.77116,7.3638
10,12.2392,7.87154,7.33108
10,12.3392,7.9716,7.29853
10,12.4392,8.07136,7.26616
10,12.5392,8.17082,7.23395
10,12.6392,8.27,7.20191
10,12.7392,8.36889,7.17004
10,12.8392,8.4675,7.13834
10,12.9392,8.56584,7.10681
10,13.0392,8.66392,7.07545
10,13.1392,8.76173,7.04425
10,13.2392,8.85929,7.01322
10,13.3392,8.9566,6.98236
10,13.4392,9.05367,6.95166
10,13.5392,9.1505,6.92112
10,13.6392,9.24709,6.89075
10,13.7392,9.34345,6.86054
10,13.8392,9.43959,6.8305
10,13.9392,9.53551,6.80061
10,14.0392,9.63121,6.77089
10,14.1392,9.7267,6.74133
10,14.2392,9.82197,6.71193
10,14.3392,9.91705,6.68269
10,14.4392,10.0119,6.65361
10,14.5392,10.1066,6.62469
10,14.6392,10.2011,6.59592
10,14.7392,10.2954,6.56731
10,14.8392,10.3895,6.53886
10,14.9392,10.4834,6.51057
10,15.0392,10.5771,6.48243
10,15.1392,10.6707,6.45445
10,15.2392,10.7641,6.42662
10,15.3392,10.8573,6.39894
10,15.4392,10.9504,6.37142
10,15.5392,11.0432,6.34405
10,15.6392,11.136,6.31683
10,15.7392,11.2285,6.28976
10,15.8392,11.3209,6.26285
10,15.9392,11.4132,6.23608
10,16.0392,11.5053,6.20946
10,16.1392,11.5972,6.18299
10,16.2392,11.689,6.15667
10,16.3392,11.7807,6.13049
10,16.4392,11.8722,6.10446
10,16.5392,11.9635,6.07858
10,16.6392,12.0548,6.05284
10,16.7392,12.1459,6.02724
10,16.8392,12.2368,6.00179
10,16.9392,12.3276,5.97648
10,17.0392,12.4183,5.95131
10,17.1392,12.5089,5.92629
10,17.2392,12.5993,5.9014
10,17.3392,12.6896,5.87665
10,17.4392,12.7798,5.85205
10,17.5392,12.8698,5.82758
10,17.6392,12.9598,5.80324
10,17.7392,13.0496,5.77905
10,17.8392,13.1393,5.75499
10,17.9392,13.2289,5.73106
10,18.0392,13.3183,5.70727
10,18.1392,13.4077,5.68362
10,18.2392,13.4969,5.66009
10,18.3392,13.586,5.6367
10,18.4392,13.6751,5.61344
10,18.5392,13.764,5.59031
10,18.6392,13.8528,5.56731
10,18.7392,13.9415,5.54444
10,18.8392,14.03,5.5217
10,18.9392,14.1185,5.49908
10,19.0392,14.2069,5.4766
10,19.1392,14.2952,5.45423
10,19.2392,14.3834,5.432
10,19.3392,14.4715,5.40988
10,19.4392,14.5594,5.38789
10,19.5392,14.6473,5.36603
10,19.6392,14.7351,5.34428
10,19.7392,14.8228,5.32266
10,19.8392,14.9104,5.30116
10,19.9392,14.9979,5.27977
10,20.0392,15.0853,5.25851
10,20.1392,15.1726,5.23737
10,20.2392,15.2599,5.21634
10,20.3392,15.347,5.19543
10,20.4392,15.434,5.17463
10,20.5392,15.521,5.15395
10,20.6392,15.6079,5.13339
10,20.7392,15.6946,5.11293
10,20.8392,15.7813,5.0926
10,20.9392,15.868,5.07237
10,21.0392,15.9545,5.05225
10,21.1392,16.0409,5.03225
10,21.2392,16.1273,5.01236
10,21.3392,16.2136,4.99257
10,21.4392,16.2997,4.97289
10,21.5392,16.3859,4.95333
10,21.6392,16.4719,4.93386
10,21.7392,16.5578,4.91451
10,21.8392,16.6437,4.89526
10,21.9392,16.7295,4.87611
10,22.0392,16.8152,4.85707
10,22.1392,16.9008,4.83814
10,22.2392,16.9864,4.8193
10,22.3392,17.0719,4.80057
10,22.4392,17.1573,4.78194
10,22.5392,17.2426,4.76341
10,22.6392,17.3278,4.74498
10,22.7392,17.413,4.72665
10,22.8392,17.4981,4.70842
10,22.9392,17.5831,4.69028
10,23.0392,17.6681,4.67225
10,23.1392,17.7529,4.65431
10,23.2392,17.8377,4.63646
10,23.3392,17.9225,4.61871
10,23.4392,18.0071,4.60106
10,23.5392,18.0917,4.5835
10,23.6392,18.1762,4.56603
10,23.7392,18.2606,4.54866
10,23.8392,18.345,4.53137
10,23.9392,18.4293,4.51418
10,24.0392,18.5135,4.49708
10,24.1392,18.5977,4.48007
10,24.2392,18.6817,4.46315
10,24.3392,18.7658,4.44632
10,24.4392,18.8497,4.42957
10,24.5392,18.9336,4.41291
10,24.6392,19.0174,4.39634
10,24.7392,19.1011,4.37986
10,24.8392,19.1848,4.36346
10,24.9392,19.2684,4.34715
10,25.0392,19.3519,4.33092
10,25.1392,19.4354,4.31477
10,25.2392,19.5188,4.29871
10,25.3392,19.6021,4.28273
10,25.4392,19.6854,4.26683
10,25.5392,19.7686,4.25102
10,25.6392,19.8517,4.23528
10,25.7392,19.9347,4.21963
10,25.8392,20.0177,4.20405
10,25.9392,20.1007,4.18856
10,26.0392,20.1835,4.17314
10,26.1392,20.2663,4.1578
10,26.2392,20.349,4.14254
10,26.3392,20.4317,4.12735
10,26.4392,20.5143,4.11225
10,26.5392,20.5968,4.09721
10,26.6392,20.6793,4.08226
10,26.7392,20.7617,4.06737
10,26.8392,20.844,4.05257
10,26.9392,20.9263,4.03783
10,27.0392,21.0085,4.02317
10,27.1392,21.0907,4.00858
10,27.2392,21.1727,3.99406
10,27.3392,21.2547,3.97962
10,27.4392,21.3367,3.96525
10,27.5392,21.4186,3.95094
10,27.6392,21.5004,3.93671
10,27.7392,21.5821,3.92255
10,27.8392,21.6638,3.90845
10,27.9392,21.7454,3.89443
10,28.0392,21.827,3.88047
10,28.1392,21.9085,3.86658
10,28.2392,21.9899,3.85276
10,28.3392,22.0713,3.839
10,28.4392,22.1526,3.82531
10,28.5392,22.2338,3.81169
10,28.6392,22.315,3.79813
10,28.7392,22.3961,3.78463
10,28.8392,22.4772,3.7712
10,28.9392,22.5581,3.75784
10,29.0392,22.6391,3.74453
10,29.1392,22.7199,3.7313
10,29.2392,22.8007,3.71812
10,29.3392,22.8814,3.705
10,29.4392,22.9621,3.69195
10,29.5392,23.0427,3.67896
10,29.6392,23.1232,3.66603
10,29.7392,23.2037,3.65316
10,29.8392,23.2841,3.64035
10,29.9392,23.3644,3.6276
10,30.0392,23.4447,3.6149
10,30.1392,23.5249,3.60227
10,30.2392,23.605,3.5897
10,30.3392,23.6851,3.57718
10,30.4392,23.7651,3.56472
10,30.5392,23.845,3.55232
10,30.6392,23.9249,3.53997
10,30.7392,24.0047,3.52768
10,30.8392,24.0845,3.51545
10,30.9392,24.1642,3.50327
10,31.0392,24.2438,3.49115
10,31.1392,24.3233,3.47908
10,31.2392,24.4028,3.46706
10,31.3392,24.4823,3.4551
10,31.4392,24.5616,3.4432
10,31.5392,24.6409,3.43134
10,31.6392,24.7201,3.41954
10,31.7392,24.7993,3.4078
10,31.8392,24.8784,3.3961
10,31.9392,24.9574,3.38446
10,32.0392,25.0364,3.37286
10,32.1392,25.1152,3.36132
10,32.2392,25.1941,3.34983
10,32.3392,25.2728,3.33839
10,32.4392,25.3515,3.327
10,32.5392,25.4301,3.31566
10,32.6392,25.5087,3.30437
10,32.7392,25.5872,3.29312
10,32.8392,25.6656,3.28193
10,32.9392,25.744,3.27079
10,33.0392,25.8222,3.25969
10,33.1392,25.9005,3.24864
10,33.2392,25.9786,3.23763
10,33.3392,26.0567,3.22668
10,33.4392,26.1347,3.21577
10,33.5392,26.2126,3.20491
10,33.6392,26.2905,3.19409
10,33.7392,26.3683,3.18332
10,33.8392,26.446,3.1726
10,33.9392,26.5237,3.16192
10,34.0392,26.6013,3.15128
10,34.1392,26.6788,3.14069
10,34.2392,26.7563,3.13014
10,34.3392,26.8336,3.11964
10,34.4392,26.911,3.10918
10,34.5392,26.9882,3.09876
10,34.6392,27.0654,3.08839
10,34.7392,27.1425,3.07806
10,34.8392,27.2195,3.06777
10,34.9392,27.2964,3.05753
10,35.0392,27.3733,3.04733
10,35.1392,27.4501,3.03716
10,35.2392,27.5268,3.02704
10,35.3392,27.6035,3.01696
10,35.4392,27.6801,3.00693
10,35.5392,27.7566,2.99693
10,35.6392,27.833,2.98697
10,35.7392,27.9094,2.97705
10,35.8392,27.9857,2.96717
10,35.9392,28.0619,2.95734
10,36.0392,28.1381,2.94754
10,36.1392,28.2141,2.93778
10,36.2392,28.2901,2.92805
10,36.3392,28.366,2.91837
10,36.4392,28.4419,2.90873
10,36.5392,28.5176,2.89912
10,36.6392,28.5933,2.88955
10,36.7392,28.6689,2.88002
10,36.8392,28.7445,2.87052
10,36.9392,28.8199,2.86107
10,37.0392,28.8953,2.85164
10,37.1392,28.9706,2.84226
10,37.2392,29.0458,2.83291
10,37.3392,29.1209,2.8236
10,37.4392,29.196,2.81432
10,37.5392,29.271,2.80508
10,37.6392,29.3459,2.79588
10,37.7392,29.4207,2.7867
10,37.8392,29.4954,2.77757
10,37.9392,29.5701,2.76847
10,38.0392,29.6447,2.7594
10,38.1392,29.7192,2.75037
10,38.2392,29.7936,2.74137
10,38.3392,29.8679,2.7324
10,38.4392,29.9422,2.72347
10,38.5392,30.0163,2.71458
10,38.6392,30.0904,2.70571
10,38.7392,30.1644,2.69688
10,38.8392,30.2383,2.68808
10,38.9392,30.3122,2.67931
10,39.0392,30.3859,2.67058
10,39.1392,30.4596,2.66188
10,39.2392,30.5331,2.6532
10,39.3392,30.6066,2.64457
10,39.4392,30.68,2.63596
10,39.5392,30.7533,2.62738
10,39.6392,30.8266,2.61884
10,39.7392,30.8997,2.61032
10,39.8392,30.9728,2.60184
10,39.9392,31.0457,2.59339
10,40.0392,31.1186,2.58496
10,40.1392,31.1914,2.57657
10,40.2392,31.2641,2.56821
10,40.3392,31.3367,2.55988
10,40.4392,31.4092,2.55157
10,40.5392,31.4816,2.5433
10,40.6392,31.5539,2.53505
10,40.7392,31.6262,2.52684
10,40.8392,31.6983,2.51865
10,40.9392,31.7703,2.51049
10,41.0392,31.8423,2.50236
10,41.1392,31.9142,2.49426
10,41.2392,31.9859,2.48619
10,41.3392,32.0576,2.47814
10,41.4392,32.1292,2.47012
10,41.5392,32.2007,2.46213
10,41.6392,32.272,2.45417
10,41.7392,32.3433,2.44624
10,41.8392,32.4145,2.43833
10,41.9392,32.4856,2.43045
10,42.0392,32.5566,2.42259
10,42.1392,32.6275,2.41476
10,42.2392,32.6983,2.40696
10,42.3392,32.769,2.39919
10,42.4392,32.8396,2.39144
10,42.5392,32.9101,2.38372
10,42.6392,32.9805,2.37602
10,42.7392,33.0507,2.36835
10,42.8392,33.1209,2.3607
10,42.9392,33.191,2.35308
10,43.0392,33.261,2.34549
10,43.1392,33.3308,2.33792
10,43.2392,33.4006,2.33037
10,43.3392,33.4703,2.32285
10,43.4392,33.5398,2.31535
10,43.5392,33.6093,2.30788
10,43.6392,33.6786,2.30043
10,43.7392,33.7478,2.29301
10,43.8392,33.817,2.28561
10,43.9392,33.886,2.27824
10,44.0392,33.9549,2.27089
10,44.1392,34.0237,2.26356
10,44.2392,34.0923,2.25625
10,44.3392,34.1609,2.24897
10,44.4392,34.2294,2.24171
10,44.5392,34.2977,2.23448
10,44.6392,34.3659,2.22727
10,44.7392,34.434,2.22008
10,44.8392,34.502,2.21291
10,44.9392,34.5699,2.20577
10,45.0392,34.6377,2.19865
10,45.1392,34.7053,2.19155
10,45.2392,34.7728,2.18447
10,45.3392,34.8403,2.17742
10,45.4392,34.9075,2.17038
10,45.5392,34.9747,2.16337
10,45.6392,35.0418,2.15638
10,45.7392,35.1087,2.14941
10,45.8392,35.1755,2.14247
10,45.9392,35.2422,2.13554
10,46.0392,35.3087,2.12864
10,46.1392,35.3752,2.12175
10,46.2392,35.4415,2.11489
10,46.3392,35.5076,2.10805
10,46.4392,35.5737,2.10123
10,46.5392,35.6396,2.09443
10,46.6392,35.7054,2.08765
10,46.7392,35.7711,2.08089
10,46.8392,35.8366,2.07415
10,46.9392,35.902,2.06743
10,47.0392,35.9673,2.06073
10,47.1392,36.0325,2.05405
10,47.2392,36.0975,2.04739
10,47.3392,36.1623,2.04075
10,47.4392,36.2271,2.03413
10,47.5392,36.2917,2.02753
10,47.6392,36.3561,2.02094
10,47.7392,36.4205,2.01438
10,47.8392,36.4847,2.00784
10,47.9392,36.5487,2.00131
10,48.0392,36.6126,1.99481
10,48.1392,36.6764,1.98832
10,48.2392,36.74,1.98185
10,48.3392,36.8035,1.9754
10,48.4392,36.8668,1.96897
10,48.5392,36.93,1.96256
10,48.6392,36.9931,1.95616
10,48.7392,37.056,1.94978
10,48.8392,37.1187,1.94343
10,48.9392,37.1813,1.93708
10,49.0392,37.2438,1.93076
10,49.1392,37.3061,1.92446
10,49.2392,37.3682,1.91817
10,49.3392,37.4302,1.9119
10,49.4392,37.4921,1.90565
10,49.5392,37.5538,1.89941
10,49.6392,37.6153,1.89319
10,49.7392,37.6767,1.88699
10,49.8392,37.7379,1.88081
10,49.9392,37.799,1.87464
10,50.0392,37.8599,1.86849
10,50.1392,37.9206,1.86236
10,50.2392,37.9812,1.85625
10,50.3392,38.0416,1.85015
10,50.4392,38.1018,1.84406
10,50.5392,38.1619,1.838
10,50.6392,38.2218,1.83195
10,50.7392,38.2816,1.82591
10,50.8392,38.3412,1.8199
10,50.9392,38.4006,1.8139
10,51.0392,38.4598,1.80791
10,51.1392,38.5189,1.80194
10,51.2392,38.5778,1.79599
10,51.3392,38.6365,1.79005
10,51.4392,38.695,1.78413
10,51.5392,38.7534,1.77822
10,51.6392,38.8116,1.77233
10,51.7392,38.8696,1.76646
10,51.8392,38.9274,1.7606
10,51.9392,38.985,1.75475
10,52.0392,39.0425,1.74892
10,52.1392,39.0998,1.74311
10,52.2392,39.1568,1.73731
10,52.3392,39.2137,1.73153
10,52.4392,39.2704,1.72576
10,52.5392,39.327,1.72
10,52.6392,39.3833,1.71426
10,52.7392,39.4394,1.70854
10,52.8392,39.4953,1.70283
10,52.9392,39.5511,1.69713
10,53.0392,39.6066,1.69145
10,53.1392,39.662,1.68578
10,53.2392,39.7171,1.68013
10,53.3392,39.772,1.67449
10,53.4392,39.8268,1.66887
10,53.5392,39.8813,1.66326
10,53.6392,39.9356,1.65766
10,53.7392,39.9897,1.65208
10,53.8392,40.0436,1.64651
10,53.9392,40.0973,1.64096
10,54.0392,40.1508,1.63542
10,54.1392,40.2041,1.62989
10,54.2392,40.2571,1.62438
10,54.3392,40.31,1.61888
10,54.4392,40.3626,1.61339
10,54.5392,40.415,1.60792
10,54.6392,40.4671,1.60246
10,54.7392,40.5191,1.59701
10,54.8392,40.5708,1.59158
10,54.9392,40.6223,1.58616
10,55.0392,40.6736,1.58075
10,55.1392,40.7246,1.57536
10,55.2392,40.7754,1.56998
10,55.3392,40.826,1.56461
10,55.4392,40.8763,1.55925
10,55.5392,40.9264,1.55391
10,55.6392,40.9762,1.54858
10,55.7392,41.0258,1.54327
10,55.8392,41.0752,1.53796
10,55.9392,41.1243,1.53267
10,56.0392,41.1732,1.52739
10,56.1392,41.2218,1.52213
10,56.2392,41.2702,1.51687
10,56.3392,41.3183,1.51163
10,56.4392,41.3661,1.5064
10,56.5392,41.4137,1.50118
10,56.6392,41.4611,1.49598
10,56.7392,41.5082,1.49078
10,56.8392,41.555,1.4856
10,56.9392,41.6015,1.48043
10,57.0392,41.6478,1.47527
10,57.1392,41.6938,1.47013
10,57.2392,41.7396,1.465
10,57.3392,41.785,1.45987
10,57.4392,41.8302,1.45476
10,57.5392,41.8751,1.44967
10,57.6392,41.9197,1.44458
10,57.7392,41.9641,1.4395
10,57.8392,42.0081,1.43444
10,57.9392,42.0519,1.42939
10,58.0392,42.0954,1.42435
10,58.1392,42.1385,1.41932
10,58.2392,42.1814,1.4143
10,58.3392,42.224,1.40929
10,58.4392,42.2663,1.40429
10,58.5392,42.3083,1.39931
10,58.6392,42.35,1.39434
10,58.7392,42.3913,1.38937
10,58.8392,42.4324,1.38442
10,58.9392,42.4731,1.37948
10,59.0392,42.5136,1.37455
10,59.1392,42.5537,1.36963
10,59.2392,42.5935,1.36473
10,59.3392,42.6329,1.35983
10,59.4392,42.6721,1.35494
10,59.5392,42.7109,1.35007
10,59.6392,42.7493,1.3452
10,59.7392,42.7875,1.34035
10,59.8392,42.8253,1.3355
10,59.9392,42.8627,1.33067
10,60.0392,42.8998,1.32585
10,60.1392,42.9366,1.32104
10,60.2392,42.973,1.31623
10,60.3392,43.0091,1.31144
10,60.4392,43.0448,1.30666
10,60.5392,43.0801,1.30189
10,60.6392,43.1151,1.29713
10,60.7392,43.1498,1.29238
10,60.8392,43.184,1.28764
10,60.9392,43.2179,1.28291
10,61.0392,43.2514,1.27819
10,61.1392,43.2845,1.27348
10,61.2392,43.3172,1.26878
10,61.3392,43.3496,1.26409
10,61.4392,43.3816,1.25941
10,61.5392,43.4131,1.25474
10,61.6392,43.4443,1.25008
10,61.7392,43.4751,1.24543
10,61.8392,43.5055,1.24079
10,61.9392,43.5354,1.23616
10,62.0392,43.565,1.23154
10,62.1392,43.5941,1.22692
10,62.2392,43.6229,1.22232
10,62.3392,43.6512,1.21773
10,62.4392,43.679,1.21315
10,62.5392,43.7065,1.20858
10,62.6392,43.7335,1.20401
10,62.7392,43.7601,1.19946
10,62.8392,43.7862,1.19491
10,62.9392,43.8119,1.19038
10,63.0392,43.8371,1.18585
10,63.1392,43.8619,1.18134
10,63.2392,43.8862,1.17683
10,63.3392,43.9101,1.17233
10,63.4392,43.9335,1.16785
10,63.5392,43.9564,1.16337
10,63.6392,43.9788,1.1589
10,63.7392,44.0008,1.15444
10,63.8392,44.0223,1.14999
10,63.9392,44.0433,1.14554
10,64.0392,44.0638,1.14111
10,64.1392,44.0838,1.13669
10,64.2392,44.1033,1.13227
10,64.3392,44.1222,1.12787
10,64.4392,44.1407,1.12347
10,64.5392,44.1587,1.11909
10,64.6392,44.1761,1.11471
10,64.7392,44.193,1.11034
10,64.8392,44.2094,1.10598
10,64.9392,44.2252,1.10163
10,65.0392,44.2405,1.09728
10,65.1392,44.2552,1.09295
10,65.2392,44.2694,1.08863
10,65.3392,44.283,1.08431
10,65.4392,44.296,1.08
10,65.5392,44.3085,1.07571
10,65.6392,44.3204,1.07142
10,65.7392,44.3317,1.06714
10,65.8392,44.3425,1.06286
10,65.9392,44.3526,1.0586
10,66.0392,44.3621,1.05435
10,66.1392,44.3711,1.0501
10,66.2392,44.3794,1.04586
10,66.3392,44.3871,1.04164
10,66.4392,44.3941,1.03742
10,66.5392,44.4006,1.03321
10,66.6392,44.4064,1.029
10,66.7392,44.4115,1.02481
10,66.8392,44.416,1.02063
10,66.9392,44.4199,1.01645
10,67.0392,44.4231,1.01228
10,67.1392,44.4256,1.00812
10,67.2392,44.4274,1.00397
10,67.3392,44.4286,0.999832
10,67.4392,44.429,0.995698
10,67.5392,44.4288,0.991574
10,67.6392,44.4278,0.987458
10,67.7392,44.4261,0.98335
10,67.8392,44.4238,0.979251
10,67.9392,44.4206,0.975161
10,68.0392,44.4168,0.971079
10,68.1392,44.4122,0.967006
10,68.2392,44.4068,0.962941
10,68.3392,44.4007,0.958884
10,68.4392,44.3939,0.954837
10,68.5392,44.3862,0.950797
10,68.6392,44.3778,0.946767
10,68.7392,44.3685,0.942744
10,68.8392,44.3585,0.938731
10,68.9392,44.3476,0.934725
10,69.0392,44.336,0.930729
10,69.1392,44.3235,0.92674
10,69.2392,44.3102,0.922761
10,69.3392,44.296,0.918789
10,69.4392,44.2809,0.914827
10,69.5392,44.2651,0.910873
10,69.6392,44.2483,0.906927
10,69.7392,44.2306,0.90299
10,69.8392,44.2121,0.899061
10,69.9392,44.1926,0.895141
10,70.0392,44.1723,0.89123
10,70.1392,44.151,0.887327
10,70.2392,44.1288,0.883433
10,70.3392,44.1056,0.879547
10,70.4392,44.0815,0.87567
10,70.5392,44.0564,0.871801
10,70.6392,44.0304,0.867941
10,70.7392,44.0034,0.86409
10,70.8392,43.9753,0.860247
10,70.9392,43.9463,0.856413
10,71.0392,43.9162,0.852588
10,71.1392,43.8852,0.848771
10,71.2392,43.853,0.844963
10,71.3392,43.8198,0.841164
10,71.4392,43.7856,0.837374
10,71.5392,43.7503,0.833592
10,71.6392,43.7139,0.829819
10,71.7392,43.6763,0.826055
10,71.8392,43.6377,0.8223
10,71.9392,43.598,0.818553
10,72.0392,43.5571,0.814816
10,72.1392,43.515,0.811087
10,72.2392,43.4718,0.807368
10,72.3392,43.4274,0.803657
10,72.4392,43.3818,0.799955
10,72.5392,43.335,0.796262
10,72.6392,43.287,0.792579
10,72.7392,43.2378,0.788904
10,72.8392,43.1873,0.785239
10,72.9392,43.1355,0.781582
10,73.0392,43.0825,0.777935
10,73.1392,43.0281,0.774297
10,73.2392,42.9725,0.770668
10,73.3392,42.9155,0.767049
10,73.4392,42.8572,0.763439
10,73.5392,42.7976,0.759838
10,73.6392,42.7366,0.756247
10,73.7392,42.6741,0.752665
10,73.8392,42.6103,0.749093
10,73.9392,42.5451,0.74553
10,74.0392,42.4785,0.741977
10,74.1392,42.4103,0.738433
10,74.2392,42.3408,0.7349
10,74.3392,42.2697,0.731376
10,74.4392,42.1971,0.727861
10,74.5392,42.1231,0.724357
10,74.6392,42.0474,0.720862
10,74.7392,41.9703,0.717378
10,74.8392,41.8915,0.713903
10,74.9392,41.8112,0.710439
10,75.0392,41.7292,0.706985
10,75.1392,41.6456,0.703541
10,75.2392,41.5604,0.700107
10,75.3392,41.4735,0.696683
10,75.4392,41.3849,0.69327
10,75.5392,41.2946,0.689868
10,75.6392,41.2026,0.686476
10,75.7392,41.1088,0.683094
10,75.8392,41.0132,0.679724
10,75.9392,40.9159,0.676364
10,76.0392,40.8168,0.673015
10,76.1392,40.7158,0.669676
10,76.2392,40.613,0.666349
10,76.3392,40.5083,0.663033
10,76.4392,40.4017,0.659728
10,76.5392,40.2931,0.656435
10,76.6392,40.1827,0.653153
10,76.7392,40.0703,0.649882
10,76.8392,39.9559,0.646623
10,76.9392,39.8394,0.643375
10,77.0392,39.721,0.640139
10,77.1392,39.6005,0.636915
10,77.2392,39.4779,0.633703
10,77.3392,39.3532,0.630503
10,77.4392,39.2264,0.627315
10,77.5392,39.0974,0.62414
10,77.6392,38.9663,0.620976
10,77.7392,38.8329,0.617826
10,77.8392,38.6974,0.614687
10,77.9392,38.5595,0.611562
10,78.0392,38.4194,0.608449
10,78.1392,38.277,0.60535
10,78.2392,38.1323,0.602263
10,78.3392,37.9852,0.59919
10,78.4392,37.8358,0.59613
10,78.5392,37.6839,0.593083
10,78.6392,37.5296,0.59005
10,78.7392,37.3728,0.587031
10,78.8392,37.2136,0.584026
10,78.9392,37.0518,0.581034
10,79.0392,36.8875,0.578057
10,79.1392,36.7206,0.575095
10,79.2392,36.5512,0.572146
10,79.3392,36.3791,0.569213
10,79.4392,36.2044,0.566294
10,79.5392,36.027,0.56339
10,79.6392,35.8468,0.560501
10,79.7392,35.664,0.557628
10,79.8392,35.4784,0.55477
10,79.9392,35.29,0.551927
10,80.0392,35.0988,0.5491
10,80.1392,34.9047,0.54629
10,80.2392,34.7078,0.543495
10,80.3392,34.508,0.540717
10,80.4392,34.3053,0.537955
10,80.5392,34.0996,0.53521
10,80.6392,33.8909,0.532482
10,80.7392,33.6792,0.529771
10,80.8392,33.4645,0.527078
10,80.9392,33.2467,0.524401
10,81.0392,33.0259,0.521743
10,81.1392,32.8019,0.519102
10,81.2392,32.5748,0.51648
10,81.3392,32.3445,0.513876
10,81.4392,32.111,0.511291
10,81.5392,31.8743,0.508724
10,81.6392,31.6344,0.506176
10,81.7392,31.3912,0.503648
10,81.8392,31.1447,0.501139
10,81.9392,30.8949,0.49865
10,82.0392,30.6418,0.49618
10,82.1392,30.3853,0.493731
10,82.2392,30.1254,0.491303
10,82.3392,29.8621,0.488895
10,82.4392,29.5954,0.486508
10,82.5392,29.3252,0.484142
10,82.6392,29.0516,0.481797
10,82.7392,28.7745,0.479475
10,82.8392,28.4939,0.477174
10,82.9392,28.2097,0.474896
10,83.0392,27.9221,0.47264
10,83.1392,27.6309,0.470406
10,83.2392,27.3361,0.468196
10,83.3392,27.0377,0.466009
10,83.4392,26.7358,0.463846
10,83.5392,26.4303,0.461707
10,83.6392,26.1211,0.459592
10,83.7392,25.8084,0.457501
10,83.8392,25.492,0.455435
10,83.9392,25.172,0.453394
10,84.0392,24.8483,0.451378
10,84.1392,24.5211,0.449388
10,84.2392,24.1902,0.447424
10,84.3392,23.8556,0.445486
10,84.4392,23.5174,0.443575
10,84.5392,23.1756,0.44169
10,84.6392,22.8302,0.439833
10,84.7392,22.4811,0.438003
10,84.8392,22.1285,0.436201
10,84.9392,21.7722,0.434426
10,85.0392,21.4124,0.43268
10,85.1392,21.0489,0.430963
10,85.2392,20.682,0.429275
10,85.3392,20.3115,0.427615
10,85.4392,19.9375,0.425986
10,85.5392,19.56,0.424386
10,85.6392,19.179,0.422816
10,85.7392,18.7947,0.421277
10,85.8392,18.4069,0.419769
10,85.9392,18.0157,0.418291
10,86.0392,17.6212,0.416845
10,86.1392,17.2235,0.415431
10,86.2392,16.8224,0.414048
10,86.3392,16.4182,0.412698
10,86.4392,16.0107,0.41138
10,86.5392,15.6002,0.410095
10,86.6392,15.1866,0.408843
10,86.7392,14.77,0.407624
10,86.8392,14.3504,0.406439
10,86.9392,13.9279,0.405288
10,87.0392,13.5025,0.404171
10,87.1392,13.0744,0.403089
10,87.2392,12.6436,0.402041
10,87.3392,12.2101,0.401028
10,87.4392,11.7741,0.40005
10,87.5392,11.3355,0.399107
10,87.6392,10.8945,0.3982
10,87.7392,10.4512,0.397329
10,87.8392,10.0056,0.396494
10,87.9392,9.55777,0.395695
10,88.0392,9.10788,0.394933
10,88.1392,8.65596,0.394207
10,88.2392,8.20213,0.393519
10,88.3392,7.74645,0.392867
10,88.4392,7.28903,0.392252
10,88.5392,6.82996,0.391675
10,88.6392,6.36935,0.391135
10,88.7392,5.90727,0.390633
10,88.8392,5.44385,0.390169
10,88.9392,4.97917,0.389742
10,89.0392,4.51335,0.389354
10,89.1392,4.04648,0.389003
10,89.2392,3.57867,0.388691
10,89.3392,3.11003,0.388417
10,89.4392,2.64066,0.388182
10,89.5392,2.17068,0.387985
10,89.6392,1.70019,0.387827
10,89.7392,1.2293,0.387707
10,89.8392,0.75812,0.387625
10,89.9392,0.286764,0.387582
